repurposing_id,name,chembl_id,canonical_smiles,mw,rot_bonds,tpsa,max_phase,ligand_prep_status,si_reason
REP_02480,TMC-647055,CHEMBL2043025,COc1ccc2c(c1)C=C1Cn3c-2c(C2CCCCC2)c2ccc(cc23)C(=O)NS(=O)(=O)N(C)CCOCCN(C)C1=O,606.75,2,110.18,2.0,prepared,not_in_dual_success_merge+mw_gt_550+dock_logs_unavailable
REP_06746,NEZULCITINIB,CHEMBL4802163,CCc1cc(O)ccc1-c1ccc2c(-c3nc4c([nH]3)C[C@@H](C(=O)N3CC(N(C)C)C3)N(C(C)C)C4)n[nH]c2c1,527.67,6,104.38,2.0,prepared,not_in_dual_success_merge+dock_logs_unavailable
REP_01232,GEDATOLISIB,CHEMBL592445,CN(C)C1CCN(C(=O)c2ccc(NC(=O)Nc3ccc(-c4nc(N5CCOCC5)nc(N5CCOCC5)n4)cc3)cc2)CC1,615.74,7,128.29,3.0,prepared,not_in_dual_success_merge+mw_gt_550+dock_logs_unavailable
REP_01049,SQUALAMINE,CHEMBL444929,CC(C)[C@@H](CC[C@@H](C)[C@H]1CC[C@H]2[C@@H]3[C@H](O)C[C@H]4C[C@@H](NCCCNCCCCN)CC[C@]4(C)[C@H]3CC[C@]12C)OS(=O)(=O)O,627.98,16,133.91,3.0,prepared,not_in_dual_success_merge+mw_gt_550+rotb_gt_10+dock_logs_unavailable
REP_06761,VOTOPLAM,CHEMBL4850295,CC1(C)CC(n2nnc3cc(-c4ccc(-n5nccn5)cc4O)nnc32)CC(C)(C)N1,419.49,3,119.46000000000001,2.0,prepared,not_in_dual_success_merge+dock_logs_unavailable
REP_00971,ICOMIDOCHOLIC ACID,CHEMBL4297262,CCCCCCCCCCCCCCCCCCCC(=O)N[C@H]1CC[C@@]2(C)[C@@H](C1)C[C@@H](O)[C@@H]1[C@@H]2C[C@H](O)[C@]2(C)[C@@H]([C@H](C)CCC(=O)O)CC[C@@H]12,702.12,23,106.86,3.0,prepared,not_in_dual_success_merge+mw_gt_550+rotb_gt_10+dock_logs_unavailable
REP_05818,EDICOTINIB,CHEMBL3674570,CC1(C)CC=C(c2nc(C3CC(C)(C)OC(C)(C)C3)ccc2NC(=O)c2nc(C#N)c[nH]2)CC1,461.61,4,103.69,2.0,prepared,not_in_dual_success_merge+dock_logs_unavailable
REP_04075,ENOCITABINE,CHEMBL2106589,CCCCCCCCCCCCCCCCCCCCCC(=O)Nc1ccn([C@@H]2O[C@H](CO)[C@@H](O)[C@@H]2O)c(=O)n1,565.8,23,133.91000000000003,2.0,prepared,not_in_dual_success_merge+mw_gt_550+rotb_gt_10+dock_logs_unavailable
REP_02578,NEMADECTIN,CHEMBL2103942,CC1=C[C@H]2C(=O)O[C@H]3C[C@@H](C/C=C(\C)C[C@@H](C)/C=C/C=C4\CO[C@H]([C@@H]1O)[C@@]42O)O[C@]1(C3)C[C@H](O)[C@H](C)[C@@H](/C(C)=C/C(C)C)O1,612.8,2,114.68000000000002,2.0,prepared,not_in_dual_success_merge+mw_gt_550+dock_logs_unavailable
REP_07091,ROCBRUTINIB,CHEMBL5314539,C=CC(=O)Nc1cc(Nc2nc(-c3ccnc(N4CCn5c(cc6c5CC(C)(C)C6)C4=O)c3CO)cn(C)c2=O)ccc1N1CCN(C2CCOCC2)C[C@@H]1C,761.93,9,150.08999999999997,2.0,prepared,not_in_dual_success_merge+mw_gt_550+dock_logs_unavailable
REP_07703,BILB-1941,CHEMBL2181776,Cn1c(-c2ccccn2)c(C2CCCC2)c2ccc(C(=O)NC3(C(=O)Nc4ccc(/C=C/C(=O)O)cc4)CCC3)cc21,562.67,8,113.32000000000001,1.0,prepared,not_in_dual_success_merge+mw_gt_550+dock_logs_unavailable
REP_06823,TRODUSQUEMINE,CHEMBL508583,CC(C)[C@@H](CC[C@@H](C)[C@H]1CC[C@H]2[C@@H]3[C@H](O)C[C@H]4C[C@@H](NCCCNCCCCNCCCN)CC[C@]4(C)[C@H]3CC[C@]12C)OS(=O)(=O)O,685.07,20,145.94,2.0,prepared,not_in_dual_success_merge+mw_gt_550+rotb_gt_10+dock_logs_unavailable
REP_00913,SQUALAMINE LACTATE,CHEMBL3989689,CC(C)[C@@H](CC[C@@H](C)[C@H]1CC[C@H]2[C@@H]3[C@H](O)C[C@H]4C[C@@H](NCCCNCCCCN)CC[C@]4(C)[C@H]3CC[C@]12C)OS(=O)(=O)O.C[C@H](O)C(=O)O,718.06,17,191.43999999999997,3.0,meeko_multi_fragment,ligand_prep_fail:meeko_multi_fragment
REP_06820,MILREBRUTINIB,CHEMBL5077961,Nc1nc(-c2cccc(-n3ccc4cc(C5CC5)cc(F)c4c3=O)c2CO)c2cc(C3=CCN(C4COC4)CC3)[nH]c2n1,578.65,6,122.29,2.0,prepared,not_in_dual_success_merge+mw_gt_550+dock_logs_unavailable
REP_06262,PC-786,CHEMBL4291143,Cc1cnc(N2CC3(CCOCC3)C2)c(C(=O)Nc2ccc(C(=O)N3CCc4cc(C(=O)Nc5c(C)cccc5F)sc4-c4ccccc43)cc2)c1,715.85,6,103.87,2.0,prepared,not_in_dual_success_merge+mw_gt_550+dock_logs_unavailable
REP_07021,XELAGLIFAM,CHEMBL5314448,CC#C[C@@H](CC(=O)O)c1ccc(O[C@@H]2CCc3c(-c4ccc(O[C@@H]5CCOC5)nc4)ccc(F)c32)cc1,501.55,8,77.88000000000001,2.0,prepared,not_in_dual_success_merge+dock_logs_unavailable
REP_06261,BRANAPLAM,CHEMBL4290141,CC1(C)CC(Oc2ccc(-c3ccc(-c4cn[nH]c4)cc3O)nn2)CC(C)(C)N1,393.49,4,95.95,2.0,prepared,not_in_dual_success_merge+dock_logs_unavailable
REP_07719,SAR-405838,CHEMBL2381408,CC(C)(C)C[C@@H]1N[C@@H](C(=O)N[C@H]2CC[C@H](O)CC2)[C@H](c2cccc(Cl)c2F)[C@]12C(=O)Nc1cc(Cl)ccc12,562.51,4,90.46000000000001,1.0,prepared,not_in_dual_success_merge+mw_gt_550+dock_logs_unavailable
REP_06989,BAY1067197,CHEMBL5314392,C[C@H](N)C(=O)N[C@@H](C)C(=O)OCCOc1ccc(-c2c(C#N)c(SCc3csc(-c4ccc(Cl)cc4)n3)nc(N3CCCC3)c2C#N)cc1,716.29,13,167.25,2.0,prepared,not_in_dual_success_merge+mw_gt_550+rotb_gt_10+dock_logs_unavailable
REP_07738,CIAFTALAN,CHEMBL262101,c1ccc2c(c1)-c1nc-2nc2[nH]c(nc3nc(nc4[nH]c(n1)c1ccccc41)-c1ccccc1-3)c1ccccc21,514.55,0,108.92,1.0,prepared,not_in_dual_success_merge+dock_logs_unavailable
REP_07318,LECUFEXOR,CHEMBL6068057,O=C(O)c1cc(C#Cc2ccc(OCc3c(-c4c(Cl)cccc4Cl)noc3C3CC3)cc2Cl)cc2nc(C3CC3)oc12,619.89,7,98.59,2.0,prepared,not_in_dual_success_merge+mw_gt_550+dock_logs_unavailable
REP_00642,BEMOTRIZINOL,CHEMBL2104956,CCCCC(CC)COc1ccc(-c2nc(-c3ccc(OC)cc3)nc(-c3ccc(OCC(CC)CCCC)cc3O)n2)c(O)c1,627.83,18,106.82000000000001,3.0,prepared,not_in_dual_success_merge+mw_gt_550+rotb_gt_10+dock_logs_unavailable
REP_08189,ENT-03,CHEMBL5314916,CC(CCC[C@@H](C)[C@H]1CC[C@H]2[C@@H]3[C@H](O)C[C@H]4C[C@@H](NCCCNCCCCNCCCN)CC[C@]4(C)[C@H]3CC[C@]12C)C(=O)O,618.99,19,119.64,1.0,prepared,not_in_dual_success_merge+mw_gt_550+rotb_gt_10+dock_logs_unavailable
REP_01141,PHOSPHATIDYLCHOLINE,CHEMBL503481,CCCCCCCCCCCCCCSCC(=O)OC[C@H](COP(=O)([O-])OCC[N+](C)(C)C)OC(=O)CSCCCCCCCCCCCCCC,798.19,40,111.19,3.0,embed_fail,ligand_prep_fail:embed_fail
REP_05481,DELEOBUVIR SODIUM,CHEMBL3137315,Cn1c(C2(NC(=O)c3ccc4c(C5CCCC5)c(-c5ncc(Br)cn5)n(C)c4c3)CCC2)nc2ccc(/C=C/C(=O)[O-])cc21,652.57,7,117.76000000000002,2.0,prepared,not_in_dual_success_merge+mw_gt_550+dock_logs_unavailable
REP_02135,ETIOPURPURIN,CHEMBL173930,CCOC(=O)C1=Cc2c3nc(cc4nc(cc5[nH]c(cc6[nH]c2c(C)c6CC)c(C)c5CC)C(C)=C4CC)C(C)C13CC,576.79,6,83.66,2.0,prepared,not_in_dual_success_merge+mw_gt_550+dock_logs_unavailable
REP_02509,KRN5500,CHEMBL2074765,CCCCCCCCC/C=C/C=C/C(=O)NCC(=O)N[C@@H]1C(O)[C@H](O)C(Nc2ncnc3[nH]cnc23)OC1[C@H](O)CO,589.69,17,214.84,2.0,prepared,not_in_dual_success_merge+mw_gt_550+rotb_gt_10+dock_logs_unavailable
REP_02349,SELAMECTIN,CHEMBL1908325,CO[C@H]1C[C@H](O[C@@H]2/C(C)=C/C[C@@H]3C[C@@H](C[C@]4(CC[C@H](C)[C@@H](C5CCCCC5)O4)O3)OC(=O)[C@@H]3C=C(C)/C(=N/O)[C@H]4OC/C(=C\C=C\[C@@H]2C)[C@]43O)O[C@@H](C)[C@@H]1O,769.97,4,154.73000000000002,2.0,prepared,not_in_dual_success_merge+mw_gt_550+dock_logs_unavailable
REP_06155,TG100-801,CHEMBL403989,Cc1cc(-c2cc(OC(=O)c3ccccc3)ccc2Cl)cc2nnc(Nc3ccc(OCCN4CCCC4)cc3)nc12,580.09,9,89.47,2.0,prepared,not_in_dual_success_merge+mw_gt_550+dock_logs_unavailable
REP_06945,TENOFOVIR EXALIDEX,CHEMBL515564,CCCCCCCCCCCCCCCCOCCCOP(=O)(O)CO[C@H](C)Cn1cnc2c(N)ncnc21,569.73,25,134.61,2.0,prepared,not_in_dual_success_merge+mw_gt_550+rotb_gt_10+dock_logs_unavailable
REP_07045,RISVODETINIB,CHEMBL5314481,Cc1ccc(NC(=O)c2ccc(CN3CCN(C)CC3)cc2)cc1Nc1nccc(-c2cncc(-c3oncc3C)c2)n1,574.69,8,112.31000000000002,2.0,prepared,not_in_dual_success_merge+mw_gt_550+dock_logs_unavailable
REP_00260,TUBOCURARINE,CHEMBL339427,COc1cc2c3cc1Oc1cc(ccc1O)C[C@@H]1c4c(cc(OC)c(O)c4Oc4ccc(cc4)C[C@@H]3N(C)CC2)CC[N+]1(C)C,609.74,2,80.62,4.0,prepared,not_in_dual_success_merge+mw_gt_550+dock_logs_unavailable
REP_00789,HYPERICIN,CHEMBL286494,Cc1cc(O)c2c(=O)c3c(O)cc(O)c4c5c(O)cc(O)c6c(=O)c7c(O)cc(C)c8c1c2c(c34)c(c78)c65,504.45,0,155.52,3.0,prepared,not_in_dual_success_merge+dock_logs_unavailable
REP_03504,STILBAZIUM IODIDE,CHEMBL2105343,CC[n+]1c(/C=C/c2ccc(N3CCCC3)cc2)cccc1/C=C/c1ccc(N2CCCC2)cc1,450.65,7,10.36,2.0,prepared,not_in_dual_success_merge+dock_logs_unavailable
REP_00752,DELEOBUVIR,CHEMBL2403318,Cn1c(C2(NC(=O)c3ccc4c(C5CCCC5)c(-c5ncc(Br)cn5)n(C)c4c3)CCC2)nc2ccc(/C=C/C(=O)O)cc21,653.58,7,114.93000000000002,3.0,prepared,not_in_dual_success_merge+mw_gt_550+dock_logs_unavailable
REP_06120,GLESATINIB,CHEMBL3989914,COCCNCc1ccc(-c2cc3nccc(Oc4ccc(NC(=S)NC(=O)Cc5ccc(F)cc5)cc4F)c3s2)nc1,619.72,11,97.39999999999999,2.0,prepared,not_in_dual_success_merge+mw_gt_550+rotb_gt_10+dock_logs_unavailable
REP_05102,PRADIGASTAT SODIUM,CHEMBL2364625,O=C([O-])C[C@H]1CC[C@H](c2ccc(-c3ccc(Nc4ccc(C(F)(F)F)nc4)cn3)cc2)CC1,454.47,6,77.94,2.0,prepared,not_in_dual_success_merge+dock_logs_unavailable
REP_06830,GLPG-0259,CHEMBL5095028,CC(C)N1C[C@@H]2C[C@H]1CN2c1ccc(Nc2ncc(-c3coc(C(N)=O)c3)n3ncnc23)cc1,458.53,6,117.82,2.0,prepared,not_in_dual_success_merge+dock_logs_unavailable
REP_06381,NAVAFENTEROL,CHEMBL4297483,CN(CCCn1nnc2cc(CNC[C@H](O)c3ccc(O)c4[nH]c(=O)ccc34)ccc21)[C@H]1CC[C@H](OC(=O)C(O)(c2cccs2)c2cccs2)CC1,742.92,14,165.82999999999998,2.0,prepared,not_in_dual_success_merge+mw_gt_550+rotb_gt_10+dock_logs_unavailable
REP_00918,CETHROMYCIN,CHEMBL3989904,CC[C@H]1OC(=O)[C@H](C)C(=O)[C@H](C)[C@@H](O[C@@H]2O[C@H](C)C[C@H](N(C)C)[C@H]2O)[C@](C)(OCC=Cc2cnc3ccccc3c2)C[C@@H](C)C(=O)[C@H](C)[C@H]2NC(=O)O[C@@]21C,765.95,8,162.82,3.0,prepared,not_in_dual_success_merge+mw_gt_550+dock_logs_unavailable
REP_00934,FENEBRUTINIB,CHEMBL4065122,C[C@H]1CN(C2COC2)CCN1c1ccc(Nc2cc(-c3ccnc(N4CCn5c(cc6c5CC(C)(C)C6)C4=O)c3CO)cn(C)c2=O)nc1,664.81,7,120.99,3.0,prepared,not_in_dual_success_merge+mw_gt_550+dock_logs_unavailable
REP_06816,SITOGLUSIDE,CHEMBL506678,CC[C@H](CC[C@@H](C)[C@H]1CC[C@H]2[C@@H]3CC=C4C[C@@H](O[C@@H]5O[C@H](CO)[C@@H](O)[C@H](O)[C@H]5O)CC[C@]4(C)[C@H]3CC[C@]12C)C(C)C,576.86,9,99.38000000000001,2.0,prepared,not_in_dual_success_merge+mw_gt_550+dock_logs_unavailable
REP_05962,QUARFLOXIN,CHEMBL3989407,CN1CCC[C@H]1CCNC(=O)c1cn2c3c(c(N4CCC(c5cnccn5)C4)c(F)cc3c1=O)Oc1cc3ccccc3cc1-2,604.69,6,92.59000000000002,2.0,prepared,not_in_dual_success_merge+mw_gt_550+dock_logs_unavailable
REP_05942,NCX 1000,CHEMBL396290,COc1ccc(/C=C/C(=O)OCCCCO[N+](=O)[O-])cc1OC(=O)CC[C@@H](C)[C@H]1CC[C@H]2[C@@H]3[C@@H](O)C[C@@H]4C[C@H](O)CC[C@]4(C)[C@H]3CC[C@]12C,685.85,14,154.66,2.0,prepared,not_in_dual_success_merge+mw_gt_550+rotb_gt_10+dock_logs_unavailable
REP_01210,PATIDEGIB,CHEMBL538867,CC1=C2C[C@H]3[C@@H](CC[C@@H]4C[C@H](NS(C)(=O)=O)CC[C@@]43C)[C@@H]2CC[C@@]2(C1)O[C@@H]1C[C@H](C)CN[C@H]1[C@H]2C,504.78,2,67.43,3.0,prepared,not_in_dual_success_merge+dock_logs_unavailable
REP_08094,VEVORISERTIB,CHEMBL4802156,CC(=O)N(C)C1CCN(c2cccc(-c3ccc4nc(-c5cccnc5N)n(-c5ccc(C6(N)CCC6)cc5)c4n3)c2)CC1,586.74,6,119.19,1.0,prepared,not_in_dual_success_merge+mw_gt_550+dock_logs_unavailable
REP_03714,CHLOROSERPIDINE,CHEMBL2105768,COC(=O)[C@H]1[C@H]2C[C@@H]3c4[nH]c5ccc(Cl)cc5c4CCN3C[C@H]2C[C@@H](OC(=O)c2cc(OC)c(OC)c(OC)c2)[C@@H]1OC,613.11,7,108.55000000000001,2.0,prepared,not_in_dual_success_merge+mw_gt_550+dock_logs_unavailable
REP_03715,SAPERCONAZOLE,CHEMBL2105770,CCC(C)n1ncn(-c2ccc(N3CCN(c4ccc(OC[C@H]5CO[C@](Cn6cncn6)(c6ccc(F)cc6F)O5)cc4)CC3)cc2)c1=O,672.74,11,104.70000000000002,2.0,prepared,not_in_dual_success_merge+mw_gt_550+rotb_gt_10+dock_logs_unavailable
REP_03732,VALOMACICLOVIR STEARATE,CHEMBL2105845,CCCCCCCCCCCCCCCCCC(=O)OC[C@H](CCOC(=O)[C@@H](N)C(C)C)Cn1cnc2c(=O)[nH]c(N)nc21,618.86,25,168.21000000000004,2.0,prepared,not_in_dual_success_merge+mw_gt_550+rotb_gt_10+dock_logs_unavailable
REP_01190,BRIGIMADLIN,CHEMBL5314455,Cc1c(C(=O)O)ccc2c3n(nc12)[C@@H]1[C@H](C3)N(CC2CC2)[C@@]2(C(=O)Nc3cc(Cl)ccc32)[C@H]1c1cccc(Cl)c1F,591.47,4,87.46000000000001,3.0,prepared,not_in_dual_success_merge+mw_gt_550+dock_logs_unavailable
REP_01582,TANDUTINIB,CHEMBL124660,COc1cc2c(N3CCN(C(=O)Nc4ccc(OC(C)C)cc4)CC3)ncnc2cc1OCCCN1CCCCC1,562.72,10,92.29,2.0,prepared,not_in_dual_success_merge+mw_gt_550+dock_logs_unavailable
REP_08246,RISVODETINIB SUCCINATE,CHEMBL6068406,Cc1ccc(NC(=O)c2ccc(CN3CCN(C)CC3)cc2)cc1Nc1nccc(-c2cncc(-c3oncc3C)c2)n1.O=C(O)CCC(=O)O,692.78,11,186.91,1.0,meeko_multi_fragment,ligand_prep_fail:meeko_multi_fragment
REP_04794,LAIDLOMYCIN PROPIONATE,CHEMBL2110869,CCC(=O)OC[C@]1(O)O[C@H]([C@H]2C[C@H](C)[C@H]([C@]3(C)CC[C@H]([C@]4(C)CC[C@]5(C[C@H](O)[C@@H](C)[C@@H]([C@@H](C)[C@@H](OC(=O)CC)[C@H](C)C(=O)O)O5)O4)O3)O2)[C@@H](C)C[C@H]1C,754.96,12,176.50999999999996,2.0,prepared,not_in_dual_success_merge+mw_gt_550+rotb_gt_10+dock_logs_unavailable
REP_04662,FOSFLURIDINE TIDOXIL,CHEMBL2107800,CCCCCCCCCCCCSCC(COP(=O)(O)OC[C@H]1O[C@@H](n2cc(F)c(=O)[nH]c2=O)[C@H](O)[C@@H]1O)OCCCCCCCCCC,740.91,30,169.53999999999996,2.0,embed_fail,ligand_prep_fail:embed_fail
REP_08184,HYPERICIN SODIUM,CHEMBL5314602,Cc1cc(O)c2c(=O)c3c(O)cc([O-])c4c5c(O)cc(O)c6c(=O)c7c(O)cc(C)c8c1c2c(c34)c(c78)c65,503.44,0,158.35,1.0,prepared,not_in_dual_success_merge+dock_logs_unavailable
REP_00702,CENICRIVIROC,CHEMBL2110727,CCCCOCCOc1ccc(-c2ccc3c(c2)/C=C(/C(=O)Nc2ccc([S@@+]([O-])Cc4cncn4CCC)cc2)CCCN3CC(C)C)cc1,696.96,17,91.67999999999999,3.0,prepared,not_in_dual_success_merge+mw_gt_550+rotb_gt_10+dock_logs_unavailable
REP_01531,FORETINIB,CHEMBL1230609,COc1cc2c(Oc3ccc(NC(=O)C4(C(=O)Nc5ccc(F)cc5)CC4)cc3F)ccnc2cc1OCCCN1CCOCC1,632.66,12,111.25,2.0,prepared,not_in_dual_success_merge+mw_gt_550+rotb_gt_10+dock_logs_unavailable
REP_05887,EXEPORFINIUM CHLORIDE,CHEMBL3822503,C[N+](C)(C)CCCOc1ccc(-c2c3nc(cc4ccc([nH]4)c(-c4ccc(OCCC[N+](C)(C)C)cc4)c4nc(cc5ccc2[nH]5)C=C4)C=C3)cc1,694.92,12,75.82,2.0,prepared,not_in_dual_success_merge+mw_gt_550+rotb_gt_10+dock_logs_unavailable
REP_03227,BISOCTRIZOLE,CHEMBL2104957,CC(C)(C)CC(C)(C)c1cc(Cc2cc(C(C)(C)CC(C)(C)C)cc(-n3nc4ccccc4n3)c2O)c(O)c(-n2nc3ccccc3n2)c1,658.89,8,101.88,2.0,prepared,not_in_dual_success_merge+mw_gt_550+dock_logs_unavailable
REP_03236,MITRATAPIDE,CHEMBL2104975,CC[C@@H](C)n1ncn(-c2ccc(N3CCN(c4ccc(OC[C@@H]5CO[C@@](CSc6nncn6C)(c6ccc(Cl)cc6)O5)cc4)CC3)cc2)c1=O,717.3,12,104.70000000000002,2.0,prepared,not_in_dual_success_merge+mw_gt_550+rotb_gt_10+dock_logs_unavailable
REP_07328,RIVASTERAT,CHEMBL6068073,COC(=O)CCC/C=C(\C)[C@H]1CC[C@H]2[C@@H]3CC=C4C[C@@H](O[C@@H]5C=C[C@H](OC(C)=O)[C@@H](COC(C)=O)O5)CC[C@]4(C)[C@H]3CC[C@]12C,626.83,10,97.36,2.0,prepared,not_in_dual_success_merge+mw_gt_550+dock_logs_unavailable
REP_03077,NISTERIME ACETATE,CHEMBL2104712,CC(=O)O[C@H]1CC[C@H]2[C@@H]3CC[C@H]4C/C(=N/Oc5ccc([N+](=O)[O-])cc5)[C@H](Cl)C[C@]4(C)[C@H]3CC[C@]12C,503.04,4,91.03,2.0,prepared,not_in_dual_success_merge+dock_logs_unavailable
REP_06052,BARIXIBAT,CHEMBL3989681,O=C(CCCCCCCCCCNC(=O)[C@H](O)[C@@H](O)[C@H](O)[C@H](O)CO)Nc1ccccc1[C@@H](Nc1ccccn1)[C@H](c1ccccn1)[C@H](O)c1ccccc1,757.93,24,217.39000000000001,2.0,prepared,not_in_dual_success_merge+mw_gt_550+rotb_gt_10+dock_logs_unavailable
REP_05938,DISOGLUSIDE,CHEMBL395414,C[C@@H]1CC[C@@]2(OC1)O[C@H]1C[C@H]3[C@@H]4CC=C5C[C@@H](O[C@@H]6O[C@H](CO)[C@@H](O)[C@H](O)[C@H]6O)CC[C@]5(C)[C@H]4CC[C@]3(C)[C@H]1[C@@H]2C,576.77,3,117.84000000000002,2.0,prepared,not_in_dual_success_merge+mw_gt_550+dock_logs_unavailable
REP_01489,SALINOMYCIN,CHEMBL1208572,CC[C@@H](C(=O)[C@@H](C)[C@@H](O)[C@H](C)[C@@H]1O[C@@H]([C@@H](CC)C(=O)O)CC[C@@H]1C)[C@H]1O[C@]2(C=C[C@@H](O)[C@]3(CC[C@@](C)([C@H]4CC[C@](O)(CC)[C@H](C)O4)O3)O2)[C@H](C)C[C@@H]1C,751.01,12,161.20999999999998,2.0,prepared,not_in_dual_success_merge+mw_gt_550+rotb_gt_10+dock_logs_unavailable
REP_05826,E-7090,CHEMBL3686884,CNC(=O)n1ccc2cc(Oc3ccnc(NC(=O)c4ccc(C5CCN(CCO)CC5)cc4)c3)c(OCCOC)cc21,587.68,11,127.18,2.0,prepared,not_in_dual_success_merge+mw_gt_550+rotb_gt_10+dock_logs_unavailable
REP_01698,CHAULMOSULFONE,CHEMBL1360594,O=C(CCCCCCCCCCCCC1CCCC1)Nc1ccc(S(=O)(=O)c2ccc(NC(=O)CCCCCCCCCCCCC3CCCC3)cc2)cc1,777.21,30,92.34,2.0,prepared,not_in_dual_success_merge+mw_gt_550+rotb_gt_10+dock_logs_unavailable
REP_04090,DIATHYMOSULFONE,CHEMBL2106611,Cc1cc(O)c(C(C)C)cc1/N=N/c1ccc(S(=O)(=O)c2ccc(/N=N/c3cc(C(C)C)c(O)cc3C)cc2)cc1,570.72,8,124.04,2.0,prepared,not_in_dual_success_merge+mw_gt_550+dock_logs_unavailable
REP_06026,FOZIVUDINE TIDOXIL,CHEMBL3989603,CCCCCCCCCCCCSCC(COP(=O)(O)OC[C@H]1O[C@@H](n2cc(C)c(=O)[nH]c2=O)C[C@@H]1N=[N+]=[N-])OCCCCCCCCCC,745.96,31,177.83999999999997,2.0,embed_fail,ligand_prep_fail:embed_fail
REP_06106,RUTAMYCIN,CHEMBL3989875,CC[C@H]1/C=C/C=C/C[C@@H](C)[C@H](O)[C@@](C)(O)C(=O)[C@@H](C)[C@H](O)[C@@H](C)C(=O)[C@@H](C)[C@H](O)[C@@H](C)/C=C/C(=O)O[C@H]2C[C@@]3(CC[C@H](C)[C@H](C[C@@H](C)O)O3)O[C@@H](CC1)[C@H]2C,777.05,3,180.04999999999998,2.0,prepared,not_in_dual_success_merge+mw_gt_550+dock_logs_unavailable
REP_02883,NARASIN,CHEMBL2104423,CC[C@@H](C(=O)O)[C@@H]1O[C@@H]([C@@H](C)[C@H](O)[C@H](C)C(=O)[C@H](CC)[C@H]2O[C@]3(C=C[C@@H](O)[C@]4(CC[C@@](C)([C@H]5CC[C@](O)(CC)[C@H](C)O5)O4)O3)[C@H](C)C[C@@H]2C)[C@@H](C)C[C@@H]1C,765.04,12,161.20999999999998,2.0,prepared,not_in_dual_success_merge+mw_gt_550+rotb_gt_10+dock_logs_unavailable
REP_05417,BATEFENTEROL,CHEMBL3039518,COc1cc(NC(=O)CCN2CCC(OC(=O)Nc3ccccc3-c3ccccc3)CC2)c(Cl)cc1CNC[C@H](O)c1ccc(O)c2[nH]c(=O)ccc12,740.26,13,165.25,2.0,prepared,not_in_dual_success_merge+mw_gt_550+rotb_gt_10+dock_logs_unavailable
REP_07013,PLOGOSERTIB,CHEMBL5314436,COc1cc(C(=O)N[C@H]2CC[C@H](N3CCN(C)CC3)CC2)ccc1Nc1ncc2c(n1)N(C1CCCC1)CC1(CC1)C(=O)N2C,616.81,7,106.17,2.0,prepared,not_in_dual_success_merge+mw_gt_550+dock_logs_unavailable
REP_07733,OCHROMYCINONE,CHEMBL256705,C[C@@H]1CC(=O)c2c(ccc3c2C(=O)c2cccc(O)c2C3=O)C1,306.32,0,71.44,1.0,prepared,not_in_dual_success_merge+dock_logs_unavailable
REP_06185,ALRIZOMADLIN,CHEMBL4091801,CCN1[C@@H](C(=O)NC23CCC(C(=O)O)(CC2)CC3)[C@H](c2cccc(Cl)c2F)[C@]2(C(=O)Nc3cc(Cl)ccc32)C12CCCCC2,642.6,5,98.74000000000001,2.0,prepared,not_in_dual_success_merge+mw_gt_550+dock_logs_unavailable
REP_05392,ALEMCINAL,CHEMBL300049,CC[C@H]1OC(=O)[C@H](C)[C@@H](O[C@H]2C[C@@](C)(OC)C[C@H](C)O2)[C@H](C)[C@@H](O[C@@H]2O[C@H](C)C[C@H](N(C)CC)[C@H]2O)[C@@]2(C)CC(C)=C(O2)[C@H](C)[C@@H](O)[C@H]1C,697.95,8,125.38000000000002,2.0,prepared,not_in_dual_success_merge+mw_gt_550+dock_logs_unavailable
REP_02131,REBASTINIB,CHEMBL1738757,CNC(=O)c1cc(Oc2ccc(NC(=O)Nc3cc(C(C)(C)C)nn3-c3ccc4ncccc4c3)c(F)c2)ccn1,553.6,6,123.06,2.0,prepared,not_in_dual_success_merge+mw_gt_550+dock_logs_unavailable
REP_03993,DERSALAZINE,CHEMBL2106406,Cc1nc2ccccc2n1CC1CCN(C(=O)/C=C(/c2ccccc2)c2ccc(/N=N/c3ccc(O)c(C(=O)O)c3)cc2)CC1,599.69,8,120.38000000000001,2.0,prepared,not_in_dual_success_merge+mw_gt_550+dock_logs_unavailable
REP_03996,MEPROSCILLARIN,CHEMBL2106427,CO[C@@H]1[C@@H](O)[C@@H](O)[C@H](O[C@@H]2C=C3CC[C@@H]4[C@H](CC[C@]5(C)[C@@H](c6ccc(=O)oc6)CC[C@]45O)[C@@]3(C)CC2)O[C@H]1C,544.69,4,118.59000000000002,2.0,prepared,not_in_dual_success_merge+dock_logs_unavailable
REP_06932,TEPROSULVOSE,CHEMBL5095995,CCCCCCCCCCCCCCCCCC(=O)OCCCO[C@H]1O[C@H](CS(=O)(=O)O)[C@@H](O)[C@H](O)[C@H]1O,568.77,23,159.82,2.0,prepared,not_in_dual_success_merge+mw_gt_550+rotb_gt_10+dock_logs_unavailable
REP_02217,FUCOXANTHIN,CHEMBL1773903,CC(=O)O[C@H]1CC(C)(C)C(=C=C/C(C)=C/C=C/C(C)=C/C=C(C)/C=C/C=C(\C)C(=O)C[C@@]23O[C@]2(C)C[C@@H](O)CC3(C)C)[C@](C)(O)C1,632.88,10,96.36000000000001,2.0,prepared,not_in_dual_success_merge+mw_gt_550+dock_logs_unavailable
REP_06929,FLORZOLOTAU,CHEMBL5095503,CNc1ccc(/C=C/C=C/c2nc3ccc(OCC(O)CF)cc3s2)cn1,385.46,8,67.27000000000001,2.0,prepared,not_in_dual_success_merge+dock_logs_unavailable
REP_00877,NAQUOTINIB,CHEMBL3663929,C=CC(=O)N1CC[C@@H](Oc2nc(Nc3ccc(N4CCC(N5CCN(C)CC5)CC4)cc3)c(C(N)=O)nc2CC)C1,562.72,9,120.16000000000001,3.0,prepared,not_in_dual_success_merge+mw_gt_550+dock_logs_unavailable
REP_07966,AZD-5991,CHEMBL4297482,Cc1c2c(nn1C)CSCc1cc(n(C)n1)CSc1cc(c3ccccc3c1)OCCCc1c(C(=O)O)n(C)c3c-2c(Cl)ccc13,672.28,1,87.1,1.0,prepared,not_in_dual_success_merge+mw_gt_550+dock_logs_unavailable
REP_06373,LGD-6972,CHEMBL4297469,Cc1cc(C)c(-c2ccc(NC(=O)[C@H](Cc3ccc(C(=O)NCCS(=O)(=O)O)cc3)c3ccc(-c4ccc(C(C)(C)C)cc4)cc3)cc2)c(C)c1,702.92,11,112.57000000000001,2.0,prepared,not_in_dual_success_merge+mw_gt_550+rotb_gt_10+dock_logs_unavailable
REP_03808,CICLOXOLONE,CHEMBL2106051,CC1(C)[C@@H](OC(=O)[C@H]2CCCC[C@H]2C(=O)O)CC[C@]2(C)[C@H]3C(=O)C=C4[C@@H]5C[C@@](C)(C(=O)O)CC[C@]5(C)CC[C@@]4(C)[C@]3(C)CC[C@@H]12,624.86,4,117.97000000000001,2.0,prepared,not_in_dual_success_merge+mw_gt_550+dock_logs_unavailable
REP_01346,BARDOXOLONE,CHEMBL1093059,CC1(C)CC[C@]2(C(=O)O)CC[C@]3(C)[C@H](C(=O)C=C4[C@@]5(C)C=C(C#N)C(=O)C(C)(C)[C@@H]5CC[C@]43C)[C@@H]2C1,491.67,1,95.22999999999999,2.0,prepared,not_in_dual_success_merge+dock_logs_unavailable
REP_00302,RIFAMYCIN,CHEMBL437765,CO[C@H]1/C=C/O[C@@]2(C)Oc3c(C)c(O)c4c(O)c(cc(O)c4c3C2=O)NC(=O)/C(C)=C\C=C\[C@H](C)[C@H](O)[C@@H](C)[C@@H](O)[C@@H](C)[C@H](OC(C)=O)[C@@H]1C,697.78,2,201.30999999999997,4.0,prepared,not_in_dual_success_merge+mw_gt_550+dock_logs_unavailable
REP_04641,LEMUTEPORFIN,CHEMBL2107756,C=CC1=C(C)c2cc3[nH]c(cc4nc(cc5[nH]c(cc1n2)c(C)c5CCC(=O)OCCC)C(CCC(=O)OCCO)=C4C)C1(C)C3=CC=C(C(=O)OC)C1C(=O)OC,790.91,13,182.79,2.0,prepared,not_in_dual_success_merge+mw_gt_550+rotb_gt_10+dock_logs_unavailable
REP_06835,FLORZOLOTAU (18F),CHEMBL5095045,CNc1ccc(/C=C/C=C/c2nc3ccc(OCC(O)C[18F])cc3s2)cn1,384.47,8,67.27000000000001,2.0,prepared,not_in_dual_success_merge+dock_logs_unavailable
REP_02577,FENERITROL,CHEMBL2103934,CCC(C(=O)OCC(COC(=O)C(CC)c1ccccc1)(COC(=O)C(CC)c1ccccc1)COC(=O)C(CC)c1ccccc1)c1ccccc1,720.9,20,105.20000000000002,2.0,embed_fail,ligand_prep_fail:embed_fail
REP_06806,HPPH,CHEMBL500853,CCCCCCOC(C)c1c(C)c2cc3nc(c4c5[nH]c(cc6nc(cc1[nH]2)C(C)=C6CC)c(C)c5C(=O)C4)[C@@H](CCC(=O)O)[C@@H]3C,636.84,11,120.96,2.0,prepared,not_in_dual_success_merge+mw_gt_550+rotb_gt_10+dock_logs_unavailable
REP_06452,BAY-1161909,CHEMBL4303241,COc1cc(S(C)(=O)=O)ccc1Nc1nc2ccc(-c3ccc(NC(=O)[C@H](C)c4ccc(F)cc4)cc3)cn2n1,559.62,8,114.69000000000001,2.0,prepared,not_in_dual_success_merge+mw_gt_550+dock_logs_unavailable
REP_06431,PHOSPHATIDYL SERINE,CHEMBL4297669,CCCCCCCCCCCCCCCCCC(=O)OC[C@H](COP(=O)(O)OC[C@H](N)C(=O)O)OC(=O)CCCCCCCCCCCCCCCCC,792.09,42,171.67999999999998,2.0,embed_fail,ligand_prep_fail:embed_fail
REP_00159,RIFAXIMIN,CHEMBL1617,CO[C@H]1/C=C/O[C@@]2(C)Oc3c(C)c(O)c4c(O)c(c5c(nc6cc(C)ccn65)c4c3C2=O)NC(=O)/C(C)=C\C=C\[C@H](C)[C@H](O)[C@@H](C)[C@@H](O)[C@@H](C)[C@H](OC(C)=O)[C@@H]1C,785.89,2,198.37999999999997,4.0,prepared,not_in_dual_success_merge+mw_gt_550+dock_logs_unavailable
REP_06554,AZD-8154,CHEMBL4558527,Cc1nc(Nc2cccc(N3CCCC3=O)n2)sc1-c1cc2c(c(S(C)(=O)=O)c1)C(=O)N([C@@H](C)C1CC1)C2,551.69,7,112.56999999999998,2.0,prepared,not_in_dual_success_merge+mw_gt_550+dock_logs_unavailable
REP_03729,MODIPAFANT,CHEMBL2105829,CCOC(=O)C1=C(c2ccc(-n3c(C)nc4cnccc43)cc2)NC(C)=C(C(=O)Nc2ccccn2)[C@H]1c1ccccc1Cl,605.1,7,111.03000000000002,2.0,prepared,not_in_dual_success_merge+mw_gt_550+dock_logs_unavailable
REP_06711,EMBECONAZOLE,CHEMBL475786,C[C@@H](S[C@H]1CO[C@H](/C=C/C=C/c2ccc(C#N)cc2F)OC1)[C@](O)(Cn1cncn1)c1ccc(F)cc1F,542.58,9,93.19,2.0,prepared,not_in_dual_success_merge+dock_logs_unavailable
REP_07305,ZAMZETOCLAX,CHEMBL6068037,COc1nn(C)cc1C(=O)N[SH]1(=O)C[C@@H](C)C/C=C/[C@H](OC)[C@@H]2CC[C@H]2CN2C[C@@]3(CCCc4cc(Cl)ccc43)COc3ccc(cc32)C(=O)N1,738.35,4,124.02000000000001,2.0,prepared,not_in_dual_success_merge+mw_gt_550+dock_logs_unavailable
REP_07297,POTRASERTIB,CHEMBL6068027,Cc1cc(Nc2ncc3c(n2)N2CCN=C2N(c2c(Cl)cccc2Cl)C3=O)ccc1N1C[C@@H](C)N(C)[C@@H](C)C1,565.51,4,80.19999999999999,2.0,prepared,not_in_dual_success_merge+mw_gt_550+dock_logs_unavailable
REP_02421,ILORASERTIB,CHEMBL1980297,Nc1ncc(-c2cnn(CCO)c2)c2scc(-c3ccc(NC(=O)Nc4cccc(F)c4)cc3)c12,488.55,6,118.09,2.0,prepared,not_in_dual_success_merge+dock_logs_unavailable
REP_07934,AZD-7295,CHEMBL4297353,CCCS(=O)(=O)N1CCN(Cc2ccc(NC(=O)c3ccc(-c4cc(NC(=O)C5CC5)ccc4OC(F)(F)F)cc3)cc2)CC1,644.72,11,108.05,1.0,prepared,not_in_dual_success_merge+mw_gt_550+rotb_gt_10+dock_logs_unavailable
REP_04303,PRETAMAZIUM IODIDE,CHEMBL2107030,CC[n+]1c(-c2ccc(-c3ccccc3)cc2)csc1/C=C/c1ccc(N2CCCC2)cc1,437.63,6,7.12,2.0,prepared,not_in_dual_success_merge+dock_logs_unavailable
REP_02565,RESCIMETOL,CHEMBL2103886,COC(=O)[C@H]1[C@H]2C[C@@H]3c4[nH]c5cc(OC)ccc5c4CCN3C[C@H]2C[C@@H](OC(=O)/C=C/c2ccc(O)c(OC)c2)[C@@H]1OC,590.67,7,119.55000000000003,2.0,prepared,not_in_dual_success_merge+mw_gt_550+dock_logs_unavailable
REP_06416,TELRATOLIMOD,CHEMBL4297631,CCCCCCCCCCCCCCCCCC(=O)NCCCCOn1c(CCCC)nc2c(N)nc3ccccc3c21,593.9,25,95.06,2.0,prepared,not_in_dual_success_merge+mw_gt_550+rotb_gt_10+dock_logs_unavailable
REP_06304,CT-2584,CHEMBL4297274,CCCCCCCCCCCCNCC(O)CCCCCCCCCn1c(=O)c2c(ncn2C)n(C)c1=O,533.8,23,94.08000000000001,2.0,prepared,not_in_dual_success_merge+rotb_gt_10+dock_logs_unavailable
REP_06298,4-DEMETHYL-4-CHOLESTERYLOXYCARBONYLPENCLOMEDINE,CHEMBL4297253,COc1nc(C(Cl)(Cl)Cl)c(Cl)c(OC(=O)O[C@H]2CC[C@@]3(C)C(=CC[C@H]4[C@@H]5CC[C@H]([C@H](C)CCCC(C)C)[C@@]5(C)CC[C@@H]43)C2)c1Cl,724.04,8,57.650000000000006,2.0,prepared,not_in_dual_success_merge+mw_gt_550+dock_logs_unavailable
REP_03809,CORTISUZOL,CHEMBL2106054,CC1=C[C@@H]2[C@H]([C@@H](O)C[C@@]3(C)[C@H]2C[C@@H](C)[C@]3(O)C(=O)COC(=O)c2cccc(S(=O)(=O)O)c2)[C@@]2(C)Cc3cnn(-c4ccccc4)c3C=C12,672.8,6,156.01999999999998,2.0,prepared,not_in_dual_success_merge+mw_gt_550+dock_logs_unavailable
REP_00745,PRADIGASTAT,CHEMBL2364624,O=C(O)C[C@H]1CC[C@H](c2ccc(-c3ccc(Nc4ccc(C(F)(F)F)nc4)cn3)cc2)CC1,455.48,6,75.11,3.0,prepared,not_in_dual_success_merge+dock_logs_unavailable
REP_05577,CARZELESIN,CHEMBL32911,CCN(CC)c1ccc2cc(C(=O)Nc3ccc4[nH]c(C(=O)N5C[C@@H](CCl)c6c5cc(OC(=O)Nc5ccccc5)c5[nH]cc(C)c65)cc4c3)oc2c1,729.24,9,135.7,2.0,prepared,not_in_dual_success_merge+mw_gt_550+dock_logs_unavailable
REP_03974,FLORANTYRONE,CHEMBL2106357,O=C(O)CCC(=O)c1ccc2c(c1)-c1cccc3cccc-2c13,302.33,4,54.37,2.0,prepared,not_in_dual_success_merge+dock_logs_unavailable
REP_06996,JTS-653,CHEMBL5314399,Cc1ccc(N2c3cccc(C(=O)Nc4ccc(OCC(F)(F)F)nc4)c3OC[C@@H]2CO)nc1,474.44,6,96.81000000000002,2.0,prepared,not_in_dual_success_merge+dock_logs_unavailable
REP_08074,AMXT-1501,CHEMBL474635,CCCCCCCCCCCCCCCC(=O)NCCCC[C@@H](N)C(=O)NCCCNCCCCNCCCN,568.94,32,134.3,1.0,prepared,not_in_dual_success_merge+mw_gt_550+rotb_gt_10+dock_logs_unavailable
REP_03716,PREDNISOLONE STEAGLATE,CHEMBL2105774,CCCCCCCCCCCCCCCCCC(=O)OCC(=O)OCC(=O)[C@@]1(O)CC[C@H]2[C@@H]3CCC4=CC(=O)C=C[C@]4(C)[C@H]3[C@@H](O)C[C@@]21C,684.96,21,127.20000000000003,2.0,prepared,not_in_dual_success_merge+mw_gt_550+rotb_gt_10+dock_logs_unavailable
REP_08173,4SC-203,CHEMBL5314406,COc1ccc(C)cc1NC(=O)Nc1nc2ccc(Nc3ncnc4cc(OCCCN5CCN(C)CC5)c(OC)cc34)cc2s1,642.79,11,126.0,1.0,prepared,not_in_dual_success_merge+mw_gt_550+rotb_gt_10+dock_logs_unavailable
REP_06646,AFIMETORAN,CHEMBL4650329,Cc1c(-c2[nH]c3ccc(C4CCN(CC(N)=O)CC4)cc3c2C(C)C)cn2ncnc2c1C,444.58,5,92.31,2.0,prepared,not_in_dual_success_merge+dock_logs_unavailable
REP_01101,OPELCONAZOLE,CHEMBL4650362,Cc1cc(N2CCN(c3ccc(C(=O)Nc4ccc(F)cc4)cc3)CC2)ccc1OC[C@@H]1CO[C@@](Cn2cncn2)(c2ccc(F)cc2F)C1,682.75,10,84.75000000000001,3.0,prepared,not_in_dual_success_merge+mw_gt_550+dock_logs_unavailable
REP_05093,MGB-BP-3,CHEMBL236345,Cn1cc(NC(=O)c2cc(NC(=O)c3ccc(/C=C/c4cnc5ccccc5c4)cc3)cn2C)cc1C(=O)NCCN1CCOCC1,631.74,10,122.52000000000001,2.0,prepared,not_in_dual_success_merge+mw_gt_550+dock_logs_unavailable
REP_06521,GOSSYPOL ACETIC ACID,CHEMBL447686,CC(=O)Oc1c(OC(C)=O)c(C=O)c2c(OC(C)=O)c(-c3c(C)cc4c(C(C)C)c(OC(C)=O)c(OC(C)=O)c(C=O)c4c3OC(C)=O)c(C)cc2c1C(C)C,770.78,11,191.93999999999997,2.0,prepared,not_in_dual_success_merge+mw_gt_550+rotb_gt_10+dock_logs_unavailable
REP_01150,SOVLEPLENIB,CHEMBL5095034,CS(=O)(=O)N1CCC(c2ccc(-c3ncc4nccnc4c3NC[C@@H]3CNCCO3)cc2)CC1,482.61,6,109.34000000000002,3.0,prepared,not_in_dual_success_merge+dock_logs_unavailable
REP_03741,MITEMCINAL FUMARATE,CHEMBL2105890,CC[C@H]1OC(=O)[C@H](C)[C@@H](O[C@H]2C[C@@](C)(OC)[C@@H](O)[C@H](C)O2)[C@H](C)[C@@H](O[C@@H]2O[C@H](C)C[C@H](N(C)C(C)C)[C@H]2O)[C@@]2(C)CC(C)=C(O2)[C@H](C)C(=O)[C@]1(C)OC,755.99,9,151.68,2.0,prepared,not_in_dual_success_merge+mw_gt_550+dock_logs_unavailable
REP_06012,METHOSERPIDINE,CHEMBL3989541,COC(=O)[C@H]1[C@H]2C[C@@H]3c4[nH]c5ccc(OC)cc5c4CCN3C[C@H]2C[C@@H](OC(=O)c2cc(OC)c(OC)c(OC)c2)[C@@H]1OC,608.69,8,117.78000000000003,2.0,prepared,not_in_dual_success_merge+mw_gt_550+dock_logs_unavailable
REP_07688,BMS-830216,CHEMBL2147475,COc1cc(-n2cnc3cc(-c4ccc(Cl)cc4)sc3c2=O)ccc1OC[C@H](OP(=O)(O)O)C1CC1,548.94,9,120.11000000000001,1.0,prepared,not_in_dual_success_merge+dock_logs_unavailable
REP_01744,SYROSINGOPINE,CHEMBL1399124,CCOC(=O)Oc1c(OC)cc(C(=O)O[C@@H]2C[C@@H]3CN4CCc5c([nH]c6cc(OC)ccc56)[C@H]4C[C@@H]3[C@H](C(=O)OC)[C@H]2OC)cc1OC,666.72,9,144.08,2.0,prepared,not_in_dual_success_merge+mw_gt_550+dock_logs_unavailable
REP_06105,BERZOSERTIB,CHEMBL3989870,CNCc1ccc(-c2cc(-c3nc(-c4ccc(S(=O)(=O)C(C)C)cc4)cnc3N)on2)cc1,463.56,7,124.0,2.0,prepared,not_in_dual_success_merge+dock_logs_unavailable
REP_06021,BIETASERPINE,CHEMBL3989595,CCN(CC)CCn1c2c(c3ccc(OC)cc31)CCN1C[C@H]3C[C@@H](OC(=O)c4cc(OC)c(OC)c(OC)c4)[C@H](OC)[C@@H](C(=O)OC)[C@H]3C[C@H]21,707.87,13,110.16000000000001,2.0,prepared,not_in_dual_success_merge+mw_gt_550+rotb_gt_10+dock_logs_unavailable
REP_02882,MEBOLAZINE,CHEMBL2104416,C[C@@H]1C[C@@]2(C)[C@@H](CC[C@@H]3[C@@H]2CC[C@@]2(C)[C@H]3CC[C@]2(C)O)C/C1=N\N=C1/C[C@@H]2CC[C@@H]3[C@H](CC[C@@]4(C)[C@H]3CC[C@]4(C)O)[C@@]2(C)C[C@H]1C,633.02,1,65.18,2.0,prepared,not_in_dual_success_merge+mw_gt_550+dock_logs_unavailable
REP_02881,BOLAZINE,CHEMBL2104408,C[C@@H]1C[C@@]2(C)[C@@H](CC[C@@H]3[C@@H]2CC[C@]2(C)[C@@H](O)CC[C@@H]32)C/C1=N\N=C1/C[C@@H]2CC[C@@H]3[C@H](CC[C@]4(C)[C@@H](O)CC[C@@H]34)[C@@]2(C)C[C@H]1C,604.96,1,65.18,2.0,prepared,not_in_dual_success_merge+mw_gt_550+dock_logs_unavailable
REP_07659,CT-1578,CHEMBL2035185,C1=C/COCc2cc(ccc2OCCN2CCCC2)Nc2nccc(n2)-c2ccc(o2)COC/1,462.55,4,77.97000000000001,1.0,prepared,not_in_dual_success_merge+dock_logs_unavailable
REP_02587,IDREMCINAL,CHEMBL2103968,CC[C@H]1OC(=O)[C@H](C)[C@@H](O[C@H]2C[C@@](C)(OC)[C@@H](O)[C@H](C)O2)[C@H](C)[C@@H](O[C@@H]2O[C@H](C)C[C@H](N(C)C(C)C)[C@H]2O)[C@@]2(C)CC(C)=C(O2)[C@H](C)[C@@H](O)[C@]1(C)O,743.98,8,165.84,2.0,prepared,not_in_dual_success_merge+mw_gt_550+dock_logs_unavailable
REP_07105,MAVODELPAR,CHEMBL5314562,Cc1cc(OC/C=C(/c2ccc(F)cc2)c2ccc(C#CCN3CCOCC3)cc2)ccc1OCC(=O)O,515.58,9,68.23,2.0,prepared,not_in_dual_success_merge+dock_logs_unavailable
REP_05413,TILDIPIROSIN,CHEMBL3039509,CC[C@H]1OC(=O)C[C@@H](O)[C@H](C)[C@@H](O[C@@H]2O[C@H](C)[C@@H](O)[C@H](N(C)C)[C@H]2O)[C@@H](CCN2CCCCC2)C[C@@H](C)C(=O)/C=C/C(C)=C/[C@@H]1CN1CCCCC1,734.03,9,132.24,2.0,prepared,not_in_dual_success_merge+mw_gt_550+dock_logs_unavailable
REP_06732,FIDRISERTIB,CHEMBL4802133,CCOC1(c2ccc(-c3cc4c(N5CCN(C(=O)O[C@@H]6CCOC6)CC5)ccnn4c3)nc2)CCN(C(C)C)CC1,562.72,7,84.67,2.0,prepared,not_in_dual_success_merge+mw_gt_550+dock_logs_unavailable
REP_03802,TOCOFIBRATE,CHEMBL2106035,Cc1c(C)c2c(c(C)c1OC(=O)C(C)(C)Oc1ccc(Cl)cc1)CCC(C)(CCCC(C)CCCC(C)CCCC(C)C)O2,627.35,16,44.760000000000005,2.0,prepared,not_in_dual_success_merge+mw_gt_550+rotb_gt_10+dock_logs_unavailable
REP_07283,FOVINACICLIB,CHEMBL6068012,CN1CCN(C2CCN(c3ccc(Nc4ncc5sc(C(=O)N(C)C)c(C6CCCC6)c5n4)nc3)CC2)CC1,548.76,6,80.73,2.0,prepared,not_in_dual_success_merge+dock_logs_unavailable
REP_08146,E-7766,CHEMBL5095233,O=[P@]1(S)OC[C@H]2O[C@@H]3[C@H](F)[C@@H]2O[P@](=O)(S)OC[C@H]2O[C@H]([C@H](F)[C@@H]2O1)n1cnc2c(ncnc21)NC/C=C/CNc1ncnc2c1ncn23,746.61,0,200.77999999999997,1.0,prepared,not_in_dual_success_merge+mw_gt_550+dock_logs_unavailable
REP_05842,TAUROSELCHOLIC ACID,CHEMBL3707263,C[C@H](C[Se]CC(=O)NCCS(=O)(=O)O)[C@H]1CC[C@H]2[C@@H]3[C@H](O)C[C@@H]4C[C@H](O)CC[C@]4(C)[C@H]3C[C@H](O)[C@]12C,594.67,8,144.16,2.0,prepared,not_in_dual_success_merge+mw_gt_550+dock_logs_unavailable
