smiles,pAct_JNK3
Br.CC(=O)c1sc(Nc2ccccn2)nc1C,4.39
Brc1ccc2nc3c(n2c1)CCCC3,4.86
C#CCN1CCN(c2c(Cl)cccc2NC(=O)c2ccc(Br)o2)CC1,6.8
C#CCN1CCN(c2c(F)cccc2NC(=O)c2ccc(Br)o2)CC1,6.54
C#CCNC(=O)c1cccc(-n2cc(NC(=O)Nc3cccc4ccccc34)cn2)c1,7.19
C/C(=N/Cc1ccco1)C1=C(O)c2ccccc2C1=O,4.51
C/C(=N/O)c1sccc1NC(=O)Cc1ccccc1,4.54
C/C(=N\CCCn1ccnc1)C1=C(O)c2ccccc2C1=O,4.45
C=C(C)CN1CCN(c2c(Cl)cccc2NC(=O)c2ccc(Br)o2)CC1,6.27
C=C(C)CNC(=O)c1cccc(-n2cc(NC(=O)Nc3cccc4ccccc34)cn2)c1,6.13
C=C(C)COc1ccc(-c2nc(N)ncc2-c2ccc(OC)cc2)c(O)c1,4.53
C=CC(=O)Nc1ccc(C(=O)Nc2ccc(Nc3cc(-c4[nH]c(SC)nc4C)ccn3)cc2)cc1,6.7
C=CC(=O)Nc1ccc(C(=O)Nc2cccc(-n3cc(NC(=O)Nc4cccc5ccccc45)cn3)c2)cc1,5.72
C=CC(=O)Nc1ccc(C(=O)Nc2cccc(Nc3cc(-c4c(-c5ccc(F)cc5)nc(SC)n4C)ccn3)c2)cc1,8.4
C=CC(=O)Nc1cccc(C(=O)Nc2ccc(Nc3cc(-c4[nH]c(SC)nc4C)ccn3)cc2)c1,8.7
C=CC(=O)Nc1cccc(C(=O)Nc2cccc(-n3cc(NC(=O)Nc4cccc5ccccc45)cn3)c2)c1,5.72
C=CC(=O)Nc1cccc(C(=O)Nc2cccc(Nc3cc(-c4c(-c5ccc(F)cc5)nc(SC)n4C)ccn3)c2)c1,8.52
C=CC(=O)Nc1cccc(C(=O)Nc2cccc(Nc3cc(-c4c(-c5ccc(F)cc5)nc(SC)n4C)ccn3)c2)c1C,8.52
C=CCN1CCN(c2c(C)cccc2NC(=O)c2ccc(Br)o2)CC1,6.7
C=CCN1CCN(c2c(Cl)cccc2NC(=O)c2ccc(Br)o2)CC1,6.48
C=CCN1CCN(c2c(Cl)cccc2NC(=O)c2ccc[nH]2)CC1,5.05
C=CCN1CCN(c2c(Cl)cccc2NC(=O)c2cccc(Br)c2)CC1,5.19
C=CCN1CCN(c2c(Cl)cccc2NC(=O)c2cccc(Br)n2)CC1,5.7
C=CCN1CCN(c2c(Cl)cccc2NC(=O)c2cccc(C)n2)CC1,5.7
C=CCN1CCN(c2c(Cl)cccc2NC(=O)c2ccno2)CC1,5.3
C=CCN1CCN(c2c(Cl)cccc2NC(=O)c2cnc(Br)s2)CC1,6.51
C=CCN1CCN(c2c(Cl)cccc2NC(=O)c2csc(C)n2)CC1,5.24
C=CCN1CCN(c2c(Cl)cccc2NC(=O)c2cscn2)CC1,5.64
C=CCN1CCN(c2c(Cl)cccc2NC(=O)c2nc(Br)cs2)CC1,5.75
C=CCNC(=O)c1cccc(-n2cc(NC(=O)Nc3cccc4ccccc34)cn2)c1,6.8
C=CCn1c(SC/C(O)=C(/C#N)C(C)=N)nc2sc(CC)cc2c1=O,4.21
C=CCn1c(SCC(=O)Nc2sccc2C(N)=O)nc2sc(C)c(C)c2c1=O,5.1
CC#Cc1ccc(C(=O)Nc2cccc(C)c2N2CCC3(CC2)OCCO3)o1,6.96
CC(=O)CSc1nc(-c2ccc(F)cc2)c(-c2ccnc(NC(C)=O)c2)n1C,6.59
CC(=O)N(C(C)=O)c1ccc(-c2cnc3ccc4ccncc4c3c2)cc1,5.8
CC(=O)N1CCC(C(=O)Nc2cc(-c3ccnc(Nc4ccccc4)c3)ccn2)CC1,7.36
CC(=O)N1CCN(c2c(Cl)cccc2NC(=O)c2ccc(Br)o2)CC1,6.09
CC(=O)N1CC[C@H](NC(=O)c2cc(-n3ncc4cc(Nc5ccccc5Cl)c(F)cc43)cs2)C1,8.4
CC(=O)Nc1cc(-c2c(-c3ccc(F)cc3)nc(S/C=C/C(=O)O)n2CC2CC2)ccn1,6.77
CC(=O)Nc1cc(-c2c(-c3ccc(F)cc3)nc(S/C=C\C(=O)O)n2C)ccn1,7.26
CC(=O)Nc1cc(-c2c(-c3ccc(F)cc3)nc(S/C=C\C(=O)O)n2C2CCC2)ccn1,7.33
CC(=O)Nc1cc(-c2c(-c3ccc(F)cc3)nc(S/C=C\C(=O)O)n2C2CCCC2)ccn1,7.35
CC(=O)Nc1cc(-c2c(-c3ccc(F)cc3)nc(S/C=C\C(=O)O)n2C2CCCCC2)ccn1,6.88
CC(=O)Nc1cc(-c2c(-c3ccc(F)cc3)nc(S/C=C\C(=O)O)n2CC(O)CO)ccn1,6.65
CC(=O)Nc1cc(-c2c(-c3ccc(F)cc3)nc(S/C=C\C(=O)O)n2CC2CC2)ccn1,7.75
CC(=O)Nc1cc(-c2c(-c3ccc(F)cc3)nc(S/C=C\C(=O)O)n2CC2CCCCC2)ccn1,7.6
CC(=O)Nc1cc(-c2c(-c3ccc(F)cc3)nc(S/C=C\C(=O)O)n2CC2CCCO2)ccn1,7.46
CC(=O)Nc1cc(-c2c(-c3ccc(F)cc3)nc(SC3CCC(C(=O)O)CC3O)n2C)ccn1,6.75
CC(=O)Nc1cc(-c2c(-c3ccc(F)cc3)nc(SC3CCC(C(=O)O)CC3O)n2C2CCCCC2)ccn1,7.1
CC(=O)Nc1cc(-c2c(-c3ccc(F)cc3)nc(SCC(=O)N(C)C)n2C)ccn1,5.93
CC(=O)Nc1cc(-c2c(-c3ccc(F)cc3)nc(SCC(=O)O)n2C)ccn1,6.58
CC(=O)Nc1cc(-c2c(-c3ccc(F)cc3)nc(SCCC(=O)O)n2C)ccn1,7.04
CC(=O)Nc1cc(-c2c(-c3ccc(F)cc3)nc(Sc3cccc(I)n3)n2C2CCCCC2)ccn1,5.82
CC(=O)Nc1cc(-c2n[nH]c(=O)n2-c2ccc3ccccc3c2)ccn1,6.39
CC(=O)Nc1cc(OC(C)=O)c2nonc2c1OC(C)=O,4.33
CC(=O)Nc1ccc(-c2cnc3ccc4ccncc4c3c2)cc1,6.28
CC(=O)Nc1ccc(C(=O)Nc2cccc(C)c2N2CCC3(CC2)OCCO3)o1,4.96
CC(=O)Nc1ccc(S(=O)(=O)N2CCC(n3cnc4cc(F)ccc43)CC2)cc1,4.49
CC(=O)Nc1ccc2c(c1)/C(=C1/S/C(=N/c3cccc(Cl)c3Cl)NC1=O)C(=O)N2,7.11
CC(=O)Nc1cccc(-c2nc3ccccc3c(=O)o2)c1,4.38
CC(=O)Nc1cccc(-n2cc(NC(=O)Nc3cccc4ccccc34)cn2)c1,6.57
CC(=O)c1ccc(NC(=O)C2CC(c3ccc(F)cc3)=NO2)cc1,5.16
CC(=O)c1sccc1NC(=O)Cc1ccccc1,4.77
CC(C)(C)C(=O)N1CCC[C@H](Nc2nccc(-n3c(CC#N)cnc3-c3ccc(Cl)c(Cl)c3)n2)C1,8.1
CC(C)(C)NC(=O)c1cccc(-n2cc(NC(=O)Nc3cccc4ccccc34)cn2)c1,5.6
CC(C)(C)NS(=O)(=O)c1ccc(-c2cnc3cccc(Nc4ccc(Cl)cn4)c3c2)cc1,6.6
CC(C)(C)NS(=O)(=O)c1ccc(-c2cnc3cccc(Nc4ccccn4)c3c2)cc1,6.82
CC(C)(C)Oc1ccc(Oc2cc(Nc3ccccc3C(N)=O)c(C(F)(F)F)cn2)cc1,7.57
CC(C)N1CCN(c2c(Cl)cccc2NC(=O)c2ccc(Br)o2)CC1,5.66
CC(C)N1CC[C@@H](NC(=O)c2cc(-n3ncc4cc(Nc5ccccc5Cl)ccc43)cs2)C1,7.51
CC(C)N1CC[C@H](NC(=O)c2cc(-n3cc(NC(=O)Nc4ccccc4Cl)cn3)cs2)C1,7.92
CC(C)NC(=O)c1cc(-n2ncc3cc(Nc4ccccc4Cl)c(F)cc32)cs1,8.7
CC(C)NC(=O)c1cccc(-n2cc(NC(=O)Nc3cccc4ccccc34)cn2)c1,6.45
CC(C)OC(=O)c1sccc1NC(=O)Cc1ccccc1,5.85
CC(C)n1cc(-c2ccc3cnc(Nc4ccc(-n5cnc(N6CCOCC6)n5)cc4)nc3c2Cl)cn1,7.2
CC(C)n1cc(NC(=O)c2cccc(-n3cc(NC(=O)Nc4ccccc4Cl)cn3)c2)cn1,6.94
CC(O)CNc1nccc(-n2c(CC#N)cnc2-c2ccc(Cl)c(Cl)c2)n1,7.19
CC(O)CNc1nccc(-n2c(CC#N)cnc2-c2ccc(F)c(C(F)(F)F)c2)n1,7.19
CC(O)CNc1nccc(-n2c(CC#N)cnc2-c2ccc3c(c2)OCCO3)n1,7.19
CC(O)CNc1nccc(-n2c(CC#N)cnc2-c2ccc3c(c2)OCO3)n1,7.19
CC(O)CNc1nccc(-n2c(CC#N)cnc2-c2ccc3ccccc3n2)n1,7.19
CC(Sc1ccc2ccccc2n1)C(=O)O,5.31
CC1(NC(=O)c2cc(-n3cc(NC(=O)Nc4ccccc4Cl)cn3)cs2)COC1,7.35
CC1=C(C(=O)OC2CCCCCCC2)C(c2ccc(O)cc2)NC(=O)N1,4.38
CC1=CC(=C2C(=O)c3ccccc3C2=O)C=C(C)N1C,4.38
CC1=CC(=C2C(=O)c3ccccc3C2=O)C=C(C)N1Cc1ccco1,4.64
CC1NC(=O)NC1CCCCCC(=O)NCCc1ccccc1,5.2
CCC(=O)Nc1ccc(C(=O)Nc2cccc(-n3cc(NC(=O)Nc4cccc5ccccc45)cn3)c2)cc1,5.11
CCC(=O)Nc1cccc(C(=O)Nc2ccc(Nc3cc(-c4[nH]c(SC)nc4C)ccn3)cc2)c1,6.6
CCC(=O)Nc1cccc(C(=O)Nc2cccc(-n3cc(NC(=O)Nc4cccc5ccccc45)cn3)c2)c1,5.28
CCC(=O)Nc1cccc(C(=O)Nc2cccc(Nc3cc(-c4c(-c5ccc(F)cc5)nc(SC)n4C)ccn3)c2)c1,6.76
CCC(C)Nc1cc(-c2c(-c3ccc(F)cc3)nc(S/C=C\C(=O)O)n2CC(OC)OC)ccn1,7.58
CCC(CC)NC(=O)c1cccc(-n2cc(NC(=O)Nc3cccc4ccccc34)cn2)c1,6.21
CCC1S/C(=C(\C#N)C(N)=O)N(c2ccc(F)cc2)C1=O,4.49
CCCC(=O)Nc1cc(C)c2c(=O)oc3ccccc3c2n1,4.26
CCCC(=O)Nc1ccc(Cl)c(NC(=O)c2ccc(Br)o2)c1,4.43
CCCCC(=O)Nc1cccc(NC(=O)c2ccc(Br)o2)c1,4.42
CCCCC(=O)Nc1ncc(Br)s1,4.26
CCCCC(=O)Nc1sc2c(c1C(N)=O)CCC2,4.79
CCCN1C=CC(=C2C(=O)c3ccccc3C2=O)C=C1,5.01
CCCN1CCN(c2c(Cl)cccc2NC(=O)c2ccc(Br)o2)CC1,6.05
CCCN1Cc2cccc(C(=O)NCc3ccccc3)c2C1=O,4.24
CCCOc1ccc(C2C(C(=O)c3ccc(C)o3)=C(O)C(=O)N2CCCn2ccnc2)cc1,4.71
CCCOc1ccc(Oc2cc(Nc3ccccc3C(N)=O)c(C(F)(F)F)cn2)cc1,6.85
CCCc1cn(C)nc1-c1ccnc(Nc2ccc(-n3nc(C)nc3C)cc2)c1,5.85
CCCc1nc(SCC(=O)N2CCCC2)c2ccccc2n1,4.3
CCCc1nc(SCC(=O)Nc2cc(C)on2)c2ccccc2n1,4.08
CCCn1cc(NC(=O)C2CC(c3cccc(Br)c3)=NO2)cn1,5.13
CCN(CC)CC(=O)Nc1ccc2c(c1)/C(=C1/S/C(=N/c3cccc(Cl)c3Cl)NC1=O)C(=O)N2,6.16
CCN(CC)CCC(=O)Nc1ccc2c(c1)/C(=C1/S/C(=N/c3cccc(Cl)c3Cl)NC1=O)C(=O)N2,6.43
CCN(CC)CCNC(=O)c1cccc(-n2cc(NC(=O)Nc3ccccc3Cl)cn2)c1,6.86
CCN(CC)CCn1cc(NC(=O)c2cccc(-n3cc(NC(=O)Nc4ccccc4Cl)cn3)c2)cn1,7.68
CCN(CC)S(=O)(=O)c1ccc2[nH]c(COC(=O)c3[nH]nc4ccccc34)nc2c1,6.4
CCN1C=CC(=C2C(=O)c3ccccc3C2=O)C=C1,4.36
CCN1CCC(n2nc(-c3ccnc(NC4CCOCC4)c3)n(-c3ccc4ccccc4c3)c2=O)CC1,6.55
CCN1CCN(c2c(Cl)cccc2NC(=O)c2ccc(Br)o2)CC1,5.890000000000001
CCNC(=O)N1CCC(Nc2cc(-c3c(-c4ccc(F)cc4)nc(S/C=C\C(=O)O)n3C)ccn2)CC1,7.21
CCNC(=O)c1cccc(-n2cc(NC(=O)Nc3cccc4ccccc34)cn2)c1,6.73
CCOC(=O)/C=C/Sc1nc(-c2ccc(F)cc2)c(-c2ccnc(NC(C)=O)c2)n1CC(OC)OC,5.66
CCOC(=O)/C=C/Sc1nc(-c2ccc(F)cc2)c(-c2ccnc(NC(C)=O)c2)n1CC1CC1,5.92
CCOC(=O)/C=C\Sc1nc(-c2ccc(F)cc2)c(-c2ccnc(Nc3ccccc3)c2)[nH]1,7.1
CCOC(=O)C1CCN(C(=O)CCCCn2c(=O)[nH]c3ccccc3c2=O)CC1,4.54
CCOC(=O)C1Cc2nc(-c3ccc(Cl)c(Cl)c3)n(-c3ccnc(N[C@@H]4CCCN(C(=O)C5CC5)C4)n3)c2C1,9.22
CCOC(=O)C1Cc2nc(-c3ccc(Cl)c(Cl)c3)n(-c3ccnc(N[C@@H]4CCN(C(=O)C5CC5)C4)n3)c2C1,8.36
CCOC(=O)C1Cc2nc(-c3ccc(Cl)c(Cl)c3)n(-c3ccnc(N[C@H]4CCCN(C(=O)C5CC5)C4)n3)c2C1,8.96
CCOC(=O)C1Cc2nc(-c3ccc(Cl)c(Cl)c3)n(-c3ccnc(N[C@H]4CCN(C(=O)C5CC5)C4)n3)c2C1,7.55
CCOC(=O)C1Cc2nc(-c3ccc(F)c(C(F)(F)F)c3)n(-c3ccnc(N[C@@H]4CCCN(C(=O)C5CC5)C4)n3)c2C1,7.18
CCOC(=O)C1Cc2nc(-c3ccc(F)c(C(F)(F)F)c3)n(-c3ccnc(N[C@@H]4CCN(C(=O)C5CC5)C4)n3)c2C1,7.2
CCOC(=O)C1Cc2nc(-c3ccc(F)c(C(F)(F)F)c3)n(-c3ccnc(N[C@H]4CCCN(C(=O)C5CC5)C4)n3)c2C1,7.28
CCOC(=O)C1Cc2nc(-c3ccc(F)c(C(F)(F)F)c3)n(-c3ccnc(N[C@H]4CCN(C(=O)C5CC5)C4)n3)c2C1,6.34
CCOC(=O)C1Cc2nc(-c3ccc4c(c3)CCO4)n(-c3ccnc(N[C@@H]4CCCN(C(=O)C5CC5)C4)n3)c2C1,7.98
CCOC(=O)C1Cc2nc(-c3ccc4c(c3)CCO4)n(-c3ccnc(N[C@@H]4CCN(C(=O)C5CC5)C4)n3)c2C1,7.67
CCOC(=O)C1Cc2nc(-c3ccc4c(c3)CCO4)n(-c3ccnc(N[C@H]4CCCN(C(=O)C5CC5)C4)n3)c2C1,7.5
CCOC(=O)C1Cc2nc(-c3ccc4c(c3)CCO4)n(-c3ccnc(N[C@H]4CCN(C(=O)C5CC5)C4)n3)c2C1,6.8
CCOC(=O)C1Cc2nc(-c3ccc4c(c3)OCO4)n(-c3ccnc(N[C@@H]4CCCN(C(=O)C5CC5)C4)n3)c2C1,8.92
CCOC(=O)C1Cc2nc(-c3ccc4c(c3)OCO4)n(-c3ccnc(N[C@@H]4CCN(C(=O)C5CC5)C4)n3)c2C1,7.3
CCOC(=O)C1Cc2nc(-c3ccc4c(c3)OCO4)n(-c3ccnc(N[C@H]4CCCN(C(=O)C5CC5)C4)n3)c2C1,7.98
CCOC(=O)C1Cc2nc(-c3ccc4c(c3)OCO4)n(-c3ccnc(N[C@H]4CCN(C(=O)C5CC5)C4)n3)c2C1,6.61
CCOC(=O)C1Cc2nc(-c3ccc4ccccc4c3)n(-c3ccnc(N[C@@H]4CCCN(C(=O)C5CC5)C4)n3)c2C1,9.11
CCOC(=O)C1Cc2nc(-c3ccc4ccccc4c3)n(-c3ccnc(N[C@@H]4CCN(C(=O)C5CC5)C4)n3)c2C1,8.17
CCOC(=O)C1Cc2nc(-c3ccc4ccccc4c3)n(-c3ccnc(N[C@H]4CCCN(C(=O)C5CC5)C4)n3)c2C1,9.14
CCOC(=O)C1Cc2nc(-c3ccc4ccccc4c3)n(-c3ccnc(N[C@H]4CCN(C(=O)C5CC5)C4)n3)c2C1,7.63
CCOC(=O)CSc1nc2c(sc3ccccc32)c(=O)n1CCCN1CCOCC1,4.4
CCOC(=O)CSc1nc2ccccc2c(=O)n1CCCCCC(=O)NCc1ccco1,4.36
CCOC(=O)N1CCN(C(=O)C2CCC(Cn3c(=S)[nH]c4ccccc4c3=O)CC2)CC1,5.49
CCOC(=O)c1c(-c2ccc(OC)cc2)n[nH]c1N,4.2
CCOC(=O)c1c(-c2ccccc2)[nH]c2ccc(O)cc12,4.65
CCOC(=O)c1c(C2CC2)csc1NC(=O)Cc1ccc(OC)cc1,5.02
CCOC(=O)c1ccc(Cn2cnc3ccccc3c2=O)cc1,4.91
CCOC(=O)c1cccc2c1-c1ccccc1/C2=N/O,4.94
CCOC(=O)c1ccccc1NC(=O)COc1ccccc1,4.53
CCOC(=O)c1ccccc1NC(=O)CSc1ncc(C(=O)OCC)c(N)n1,5.18
CCOC(=O)c1cnc2ccc(Cl)cc2c1N1CCN(C)CC1,4.59
CCOC(=O)c1nn(-c2ccnc(N[C@@H]3CCCN(C(=O)N(C)C)C3)n2)cc1/C=C/c1ccccc1,5.35
CCOC(=O)c1nn(-c2ccnc(N[C@@H]3CCN(C(=O)C4CC4)C3)n2)cc1/C=C/c1ccccc1,5.22
CCOC(=O)c1nn(-c2ccnc(N[C@H]3CCCN(C(=O)C4CC4)C3)n2)cc1/C=C/c1ccccc1,6.0
CCOC(=O)c1nn(-c2ccnc(N[C@H]3CCCN(C(=O)N(C)C)C3)n2)cc1/C=C/c1ccccc1,5.73
CCOC(=O)c1nn(-c2ccnc(N[C@H]3CCN(C(=O)C4CC4)C3)n2)cc1/C=C/c1ccccc1,5.03
CCOC(=O)c1sccc1NC(=O)Cc1ccccc1,6.16
CCOc1cc(C2NC(=O)NC(C)=C2C(=O)OCc2ccccc2)ccc1O,4.46
CCOc1ccc(-c2nc(N)ncc2-c2ccccc2)c(O)c1,4.9
CCOc1ccc(C(=O)Nc2c(C(N)=O)oc3ccccc23)cc1,4.46
CCOc1ccc(CC(=O)Nc2c(C(N)=O)oc3ccccc23)cc1OCC,5.37
CCOc1ccc(NC(=O)c2cccc(-n3ncc4cc(Nc5ccccc5F)ccc43)c2)cc1OC,7.34
CCOc1ccc(Oc2cc(Nc3ccccc3C(N)=O)c(C(F)(F)F)cn2)cc1,6.96
CCOc1nc(NC(=O)Cc2cc(OC)ccc2OC)cc(N)c1C#N,7.85
CCOc1ncccc1C(=O)Nc1cccc(C(=O)Nc2cccc(S(=O)(=O)CCO)c2)c1,5.25
CCc1cc(=O)oc2cc(C)cc(O)c12,4.49
CCc1ccc(C(=O)Nc2cccc(C)c2N2CCC3(CC2)OCCO3)o1,6.0
CCc1n[nH]c(-c2sccc2NC(=O)Cc2ccc(OC)cc2)n1,5.3
CCn1c(C)cs/c1=N/C(=O)c1ccccc1O,4.39
CCn1cc(C2=NOC(C(=O)Nc3ccccc3C(=O)OC)C2)c(C)n1,5.72
CCn1nc(-c2ccccc2)nc2c(=O)n(C)c(=O)nc1-2,4.44
CCn1ncc(C2=NOC(C(=O)Nc3ccccc3C(=O)OC)C2)c1C,5.74
CN(C)C(=O)N1CCC[C@@H](Nc2nccc(-n3cc(/C=C/c4ccccc4)c(C(N)=O)n3)n2)C1,7.51
CN(C)C(=O)N1CCC[C@H](Nc2nccc(-n3cc(/C=C/c4ccccc4)c(C(N)=O)n3)n2)C1,7.72
CN(C)C(=O)c1ccc(Nc2cc(Nc3ccccc3C(N)=O)ccn2)cc1,6.49
CN(C)C(=O)c1cccc(-n2cc(NC(=O)Nc3cccc4ccccc34)cn2)c1,5.47
CN(C)CC(=O)Nc1ccc2c(c1)/C(=C1/S/C(=N/c3cccc(Cl)c3Cl)NC1=O)C(=O)N2,6.28
CN(C)CCC(=O)Nc1ccc2c(c1)/C(=C1/S/C(=N/c3cccc(Cl)c3Cl)NC1=O)C(=O)N2,6.28
CN(C)CCn1cc(NC(=O)c2cccc(-n3cc(NC(=O)Nc4ccccc4Cl)cn3)c2)cn1,7.47
CN(C)c1ccc2c(c1)/C(=C1/S/C(=N/c3cccc(Cl)c3Cl)NC1=O)C(=O)N2,6.09
CN1C=CC(=C2C(=O)c3ccccc3C2=O)C=C1,4.54
CN1CCC(C(=O)Nc2ccc3c(c2)/C(=C2/S/C(=N/c4cccc(Cl)c4Cl)NC2=O)C(=O)N3)CC1,7.11
CN1CCC(CNC(=O)c2cc(-n3cc(NC(=O)Nc4ccccc4Cl)cn3)cs2)CC1,6.85
CN1CCC(NC(=O)c2cc(-n3cc(NC(=O)Nc4ccccc4Cl)cn3)cs2)CC1,7.08
CN1CCC[C@H]1CNC(=O)c1cc(-n2cc(NC(=O)Nc3ccccc3Cl)cn2)cs1,7.07
CN1CCN(C(=O)c2ccc(CNc3n[nH]c4ccccc34)cc2)CC1,6.05
CN1CCN(CCNC(=O)c2cccc(-n3ncc4cc(Nc5c(Cl)cccc5Cl)ccc43)c2)CC1,7.3
CN1CCN(c2c(Cl)cccc2NC(=O)c2ccc(Br)o2)CC1,5.92
CN1CCN(c2cccc(Nc3nccc(-n4cc(/C=C/c5cccc(Br)c5)c(C(N)=O)n4)n3)c2)CC1,5.51
CN1CCN(c2cccc(Nc3nccc(-n4cc(/C=C/c5ccccc5)c(C(N)=O)n4)n3)c2)CC1,6.8
CN1CCN(c2ccccc2NC(=O)c2ccc(Br)o2)CC1,4.99
CN1CC[C@@H](NC(=O)c2cc(-n3cc(NC(=O)Nc4ccccc4Cl)cn3)cs2)C1,7.07
CN1CC[C@H](CNC(=O)c2cc(-n3cc(NC(=O)Nc4ccccc4Cl)cn3)cs2)C1,6.65
CN1CC[C@H](NC(=O)c2cc(-n3cc(NC(=O)Nc4ccccc4Cl)cn3)cs2)C1,7.41
CNC(=O)C1Cc2nc(-c3ccc(Cl)c(Cl)c3)n(-c3ccnc(N[C@@H]4CCCN(C(=O)C5CC5)C4)n3)c2C1,8.32
CNC(=O)C1Cc2nc(-c3ccc(Cl)c(Cl)c3)n(-c3ccnc(N[C@@H]4CCN(C(=O)C5CC5)C4)n3)c2C1,8.03
CNC(=O)C1Cc2nc(-c3ccc(Cl)c(Cl)c3)n(-c3ccnc(N[C@H]4CCCN(C(=O)C5CC5)C4)n3)c2C1,8.92
CNC(=O)C1Cc2nc(-c3ccc(Cl)c(Cl)c3)n(-c3ccnc(N[C@H]4CCN(C(=O)C5CC5)C4)n3)c2C1,7.99
CNC(=O)C1Cc2nc(-c3ccc(F)c(C(F)(F)F)c3)n(-c3ccnc(N[C@@H]4CCCN(C(=O)C5CC5)C4)n3)c2C1,6.16
CNC(=O)C1Cc2nc(-c3ccc(F)c(C(F)(F)F)c3)n(-c3ccnc(N[C@@H]4CCN(C(=O)C5CC5)C4)n3)c2C1,6.52
CNC(=O)C1Cc2nc(-c3ccc(F)c(C(F)(F)F)c3)n(-c3ccnc(N[C@H]4CCCN(C(=O)C5CC5)C4)n3)c2C1,7.51
CNC(=O)C1Cc2nc(-c3ccc(F)c(C(F)(F)F)c3)n(-c3ccnc(N[C@H]4CCN(C(=O)C5CC5)C4)n3)c2C1,6.22
CNC(=O)C1Cc2nc(-c3ccc4c(c3)OCO4)n(-c3ccnc(N[C@@H]4CCN(C(=O)C5CC5)C4)n3)c2C1,7.03
CNC(=O)C1Cc2nc(-c3ccc4c(c3)OCO4)n(-c3ccnc(N[C@H]4CCN(C(=O)C5CC5)C4)n3)c2C1,6.75
CNC(=O)C1Cc2nc(-c3ccc4ccccc4c3)n(-c3ccnc(N[C@@H]4CCCN(C(=O)C5CC5)C4)n3)c2C1,8.97
CNC(=O)C1Cc2nc(-c3ccc4ccccc4c3)n(-c3ccnc(N[C@H]4CCCN(C(=O)C5CC5)C4)n3)c2C1,9.25
CNC(=O)c1cc(-n2cc(NC(=O)Nc3ccccc3Cl)cn2)cs1,6.93
CNC(=O)c1cc(-n2ncc3cc(Nc4c(F)cccc4Cl)c(C)nc32)cs1,7.92
CNC(=O)c1cc(-n2ncc3cc(Nc4c(F)cccc4Cl)c(F)cc32)cs1,8.7
CNC(=O)c1cc(-n2ncc3cc(Nc4c(F)cccc4Cl)cnc32)cs1,8.7
CNC(=O)c1cc(-n2ncc3cc(Nc4c(F)cccc4Cl)ncc32)cs1,8.7
CNC(=O)c1cc(-n2ncc3cc(Nc4c(F)cccc4OC)c(F)cc32)cs1,8.3
CNC(=O)c1cc(-n2ncc3cc(Nc4ccccc4Cl)c(F)cc32)cs1,8.3
CNC(=O)c1cc(-n2ncc3cc(Nc4ccccc4Cl)c(OC)cc32)cs1,7.7
CNC(=O)c1cc(-n2ncc3cc(Nc4ccccc4Cl)cnc32)cs1,7.62
CNC(=O)c1cc(-n2ncc3nc(Nc4ccccc4Cl)ncc32)cs1,6.0
CNC(=O)c1ccc(-n2cc(NC(=O)Nc3cccc4ccccc34)cn2)cc1,6.08
CNC(=O)c1cccc(-n2cc(NC(=O)Nc3cccc4ccccc34)cn2)c1,7.27
CNC(=O)c1cccc(-n2cc(NC(=O)Nc3cccc4ccccc34)cn2)n1,6.16
CNC(=O)c1ccccc1Nc1cc(Nc2cc(OC)c(OC)c(OC)c2)ncc1C(F)(F)F,6.14
CNC(=O)c1ccccc1Nc1cc(Nc2ccc(-n3ccnn3)cc2)ncc1C(F)(F)F,6.66
CNC(=O)c1ccccc1Nc1cc(Nc2ccc(-n3nc(C)nc3C)cc2)ncc1C(F)(F)F,6.43
CNC(=O)c1ccccc1Nc1cc(Nc2ccc(C(=O)N(C)C)cc2)ncc1C(F)(F)F,6.49
CNC(=O)c1ccccc1Nc1cc(Nc2ccc(N3CCOCC3)c(C)c2)ncc1C(F)(F)F,6.76
CNC(=O)c1ccccc1Nc1cc(Nc2ccc(N3CCOCC3)cc2)ncc1C(F)(F)F,7.21
CNC(=O)c1ccccc1Nc1cc(Nc2ccc(N3CCOCC3)cc2F)ncc1C(F)(F)F,6.17
CNC(=O)c1ccccc1Nc1cc(Nc2ccc(N3CCOCC3)cc2OC)ncc1Br,7.17
CNC(=O)c1ccccc1Nc1cc(Nc2ccc(N3CCOCC3)cc2OC)ncc1C#N,6.29
CNC(=O)c1ccccc1Nc1cc(Nc2ccc(N3CCOCC3)cc2OC)ncc1C(F)(F)F,6.8
CNC(=O)c1ccccc1Nc1cc(Nc2ccc(N3CCOCC3)cc2OC)ncc1Cl,7.08
CNC(=O)c1ccccc1Nc1cc(Nc2ccc(N3CCOCC3)cc2OC)ncc1F,6.5
CNC(=O)c1ccccc1Nc1cc(Nc2ccc3c(c2)OCO3)ncc1C(F)(F)F,6.49
CNC(=O)c1ccccc1Nc1cc(Oc2ccc(OC)cc2)ncc1Cl,6.77
CNC(=O)c1ccccc1Nc1ccnc(Nc2ccc(N3CCOCC3)cc2)c1,5.51
CNC(=O)c1ccccc1Nc1nc(Nc2ccc(N3CCOCC3)cc2OC)ncc1Cl,7.92
CNC(=O)c1ccnc(-n2cc(NC(=O)Nc3cccc4ccccc34)cn2)c1,6.2
COC(=O)CSc1nc(-c2ccc(F)cc2)c(-c2ccnc(NC(C)=O)c2)n1C,6.7
COC(=O)N1CCC(n2nc(-c3ccnc(NC4CCOCC4)c3)n(-c3ccc4ccccc4c3)c2=O)CC1,7.62
COC(=O)c1c(C)csc1NC(=O)CN1C(=O)CCc2ccccc21,6.9
COC(=O)c1c(C)csc1NC(=O)Cc1ccc(-c2ccncc2)cc1,6.58
COC(=O)c1c(C)csc1NC(=O)Cc1ccc(OCCCN2CCCC2)cc1,6.65
COC(=O)c1c(C)csc1NC(=O)Cc1ccc(OCCCN2CCCCC2)cc1,7.0
COC(=O)c1c(C)csc1NC(=O)Cc1ccc(OCCCn2ccnc2)cc1,6.3
COC(=O)c1c(C)csc1NC(=O)Cc1cccc2cc[nH]c12,5.99
COC(=O)c1c(C)csc1NC(=O)Cc1cccc2cnccc12,7.21
COC(=O)c1c(C)csc1NC(=O)Cc1cccc2ncccc12,6.96
COC(=O)c1c(NC(=O)Cc2cccs2)sc(C)c1C,4.46
COC(=O)c1cc(Br)c(=O)n(-c2nccs2)c1,4.11
COC(=O)c1cc(Br)c(=O)n(Cc2ccc(C(=O)O)cc2)c1,4.55
COC(=O)c1cc(Br)c(=O)n(Cc2ccc(OC)c(OC)c2)c1,5.17
COC(=O)c1cc(Br)c(=O)n(Cc2ccncc2)c1,4.18
COC(=O)c1cccc(NC(=O)CN2CCC(NC(=O)c3cc(OC)c(OC)c(OC)c3)CC2)c1,5.77
COC(=O)c1cccc2c1-c1ccccc1/C2=N/O,5.05
COC(=O)c1ccccc1NC(=O)C1CC(c2ccc(F)cc2)=NO1,5.04
COC(=O)c1ccccc1NC(=O)C1CC(c2ccccc2O)=NO1,4.47
COC(=O)c1ccccc1NC(=O)CN1CCC(C(=O)c2ccc3c(c2)OCCO3)CC1,4.62
COC(=O)c1ccccc1NC(=O)CN1CCC(NC(=O)c2ccc(C)cc2)CC1,5.5
COC(=O)c1ccccc1NC(=O)CN1CCC(NC(=O)c2ccccc2C)CC1,5.38
COC(=O)c1ccccc1NC(=O)COC(=O)c1ccco1,4.25
COC(=O)c1ccccc1NC(=O)COc1ccccc1,4.54
COC(=O)c1ccccc1NC(=O)CSc1nc(N)cc(N)n1,4.93
COC(=O)c1ccccc1NC(=O)Cc1cccc2ccccc12,5.77
COC(=O)c1ccccc1NC(=O)c1ccc(NS(C)(=O)=O)cc1,4.26
COC(=O)c1ccsc1NC(=O)C1=COCCO1,5.04
COC(=O)c1ccsc1NC(=O)C1COc2ccccc2O1,4.57
COC(=O)c1cnccc1NC(=O)Cc1cccc2ccccc12,5.19
COC(=O)c1n[nH]cc1NC(=O)Cc1cccc2ccccc12,5.27
COC(=O)c1ncsc1NC(=O)Cc1cccc2cnccc12,5.8
COC(=O)c1sccc1NC(=O)C1CC=CCC1C(=O)O,4.7
COC(=O)c1sccc1NC(=O)CN1CCN(c2ccc(F)cc2)CC1,4.81
COC(=O)c1sccc1NC(=O)Cc1ccc(-n2ccnc2)cc1,5.8
COC(=O)c1sccc1NC(=O)Cc1ccc(C(F)(F)F)cc1,5.16
COC(=O)c1sccc1NC(=O)Cc1ccc(OC)cc1,6.0
COC(=O)c1sccc1NC(=O)Cc1ccc2ccccc2c1,5.41
COC(=O)c1sccc1NC(=O)Cc1cccc2cnccc12,6.21
COC(=O)c1sccc1NC(=O)Cc1ccccc1,5.57
COC(=O)c1sccc1NC(=O)Cc1ccccc1-c1c[nH]nn1,4.9
COC(=O)c1sccc1NC(=O)Cc1cccs1,5.66
COC(=O)c1sccc1NC(=O)c1ccc(OC)cc1,4.57
COC(=O)c1sccc1NC(=O)c1ccncc1,4.48
COC(=O)c1sccc1NC(=O)c1csc(C)c1,4.41
COC(Cn1c(S/C=C\C(=O)O)nc(-c2ccc(F)cc2)c1-c1ccnc(NC(C)=O)c1)OC,7.48
COC(Cn1c(S/C=C\C(=O)O)nc(-c2ccc(F)cc2)c1-c1ccnc(NC2CC2)c1)OC,7.92
COC(Cn1c(SC2CCC(C(=O)O)CC2O)nc(-c2ccc(F)cc2)c1-c1ccnc(NC(C)=O)c1)OC,5.7
COC(Cn1c(SCC#N)nc(-c2ccc(F)cc2)c1-c1ccnc(F)c1)OC,5.38
COC(Cn1c(SCC#N)nc(-c2ccc(F)cc2)c1-c1ccnc(NC2CC2)c1)OC,7.1
COC(Cn1c(SCCC(=O)O)nc(-c2ccc(F)cc2)c1-c1ccnc(NC(C)=O)c1)OC,6.57
COCCCNC(=O)c1ccc(Cn2c(=O)[nH]c3ccccc3c2=O)cc1,5.21
COCCNC(=O)C1CCC(Cn2c(=S)[nH]c3ccccc3c2=O)CC1,5.01
COCCNC(=O)c1cc(-n2ncc3cc(Nc4ccccc4Cl)c(F)cc32)cs1,8.52
COCCNC(=O)c1sccc1NC(=O)Cc1ccccc1,5.42
COCn1nnnc1-c1ccsc1NC(=O)Cc1ccc(OC)cc1,5.3
COc1c(-c2cnn(C)c2)ccc2cnc(Nc3ccc(-n4cnc(N5CCOCC5)n4)cc3)nc12,8.4
COc1cc(C(=O)NCc2cn3ccccc3n2)cc(OC)c1OC,5.1
COc1cc(C(=O)NCc2cn3ccsc3n2)cc(OC)c1OC,4.28
COc1cc(C2NC(=O)NC(C)=C2C(=O)OC2CCCC(C)C2)ccc1O,4.4
COc1cc(CC(=O)Nc2ncc(C)s2)cc(OC)c1OC,4.88
COc1cc(N2CCOCC2)ccc1Nc1cc(Nc2ccccc2C(=O)N(C)C)c(C(F)(F)F)cn1,6.0
COc1cc(N2CCOCC2)ccc1Nc1cc(Nc2ccccc2C(N)=O)ccn1,6.43
COc1cc(N2CCOCC2)ccc1Nc1ncc(Cl)c(Nc2ccccc2C(N)=O)n1,9.11
COc1cc(NC(=O)C2CC(c3cccc(OC)c3OC)=NO2)cc(OC)c1OC,5.38
COc1cc(NC(=O)c2ccc(COc3ccccc3Br)o2)cc(OC)c1OC,4.48
COc1cc(NC(=O)c2cccc(-n3ncc4cc(Nc5ccccc5)ccc43)c2)cc(OC)c1OC,7.62
COc1cc(NC(=O)c2cccc(-n3ncc4cc(Nc5ccccc5C)ccc43)c2)cc(OC)c1OC,7.23
COc1cc(NC(=O)c2cccc(-n3ncc4cc(Nc5ccccc5Cl)ccc43)c2)cc(OC)c1OC,7.92
COc1cc(NC(=O)c2cccc(-n3ncc4cc(Nc5ccccc5F)ccc43)c2)cc(OC)c1OC,8.05
COc1cc(Nc2cc(Nc3ccccc3C(N)=O)ccn2)cc(OC)c1OC,6.14
COc1cc(Nc2cc(Nc3ccccc3C(N)=O)ccn2)ccc1N1CCOCC1,6.88
COc1cc(Nc2ncc(Cl)c(Nc3ccccc3C(N)=O)n2)ccc1N1CCOCC1,9.55
COc1ccc(-c2c(C#N)c(S)nc3c2CCC3)cc1,4.75
COc1ccc(-c2cccc3cnc(Nc4ccc(-n5cnc(-c6ccccn6)n5)cc4)nc23)cc1F,7.05
COc1ccc(-c2cccc3cnc(Nc4ccc(-n5cnc(C)n5)cc4)nc23)cc1F,7.1
COc1ccc(-c2cnc(N)nc2-c2ccc(OC)cc2O)cc1,4.7
COc1ccc(/C=N/n2c(N)nc3ccccc32)cc1OC,4.78
COc1ccc(C(=O)N2CCN(C(=O)c3ccc(CNc4n[nH]c5ccccc45)cc3)CC2)c(Cl)c1,6.18
COc1ccc(C(=O)N2CCN(C(=O)c3ccc(CNc4n[nH]c5ccccc45)cc3)CC2)cc1,6.21
COc1ccc(C(=O)NCc2nc3ccccc3[nH]2)cc1OC,4.63
COc1ccc(C(=O)Nc2cccc(C)c2N2CCC3(CC2)OCCO3)o1,6.21
COc1ccc(C(=O)n2nc(-c3ccccc3)nc2N)cc1OC,4.72
COc1ccc(C(C)=O)cc1COC(=O)c1c(C)noc1C,4.4
COc1ccc(C2=NOC(C(=O)Nc3ccc(C(C)=O)cc3)C2)cc1OC,4.49
COc1ccc(CC(=O)Nc2cc(C)ccn2)cc1,4.67
COc1ccc(CC(=O)Nc2ccsc2-c2cnccn2)cc1,5.5600000000000005
COc1ccc(CC(=O)Nc2ccsc2-c2n[nH]c(C(F)(F)F)n2)cc1,5.265000000000001
COc1ccc(CC(=O)Nc2ccsc2-c2n[nH]c(N)n2)cc1,5.55
COc1ccc(CC(=O)Nc2ccsc2-c2nc(C(C)(C)C)n[nH]2)cc1,5.3
COc1ccc(CC(=O)Nc2ccsc2-c2nc(C)n[nH]2)cc1,5.3
COc1ccc(CC(=O)Nc2ccsc2-c2nc(C3CC3)n[nH]2)cc1,5.3
COc1ccc(CC(=O)Nc2ccsc2-c2nc(C3CCCO3)n[nH]2)cc1,5.3
COc1ccc(CC(=O)Nc2ccsc2-c2ncco2)cc1,5.699999999999999
COc1ccc(CC(=O)Nc2ccsc2-c2ncn[nH]2)cc1,5.3
COc1ccc(CC(=O)Nc2ccsc2-c2nnc(C)o2)cc1,5.3
COc1ccc(CC(=O)Nc2ccsc2N2CCOC2=O)cc1,4.43
COc1ccc(CC(=O)Nc2nc(C)cs2)cc1OC,4.55
COc1ccc(CC(=O)Nc2nc3ccccc3s2)cc1S(=O)(=O)N1CCOCC1,4.61
COc1ccc(CC(=O)Nc2sccc2-c2nn[nH]n2)cc1,5.3
COc1ccc(CC(=O)Nc2sccc2-c2nnn(C)n2)cc1,5.3
COc1ccc(COC(=O)C2=C(C)NC(=O)NC2c2ccc(O)c(OC)c2)cc1,4.47
COc1ccc(COC(=O)c2[nH]nc3ccccc23)cc1F,4.94
COc1ccc(Cl)cc1-c1nnc(S)o1,4.79
COc1ccc(NC(=O)CCCCn2c(=O)[nH]c3ccccc3c2=O)cc1,4.26
COc1ccc(Nc2ncc(Cl)c(Nc3ccccc3C(N)=O)n2)cc1,9.38
COc1ccc(OC)c(Nc2nc(N)nc(-c3cc4ccccc4o3)n2)c1,4.32
COc1ccc(Oc2cc(Nc3c(Cl)cccc3C(N)=O)c(C(F)(F)F)cn2)cc1,6.8
COc1ccc(Oc2cc(Nc3c(F)cccc3C(N)=O)c(C(F)(F)F)cn2)cc1,7.22
COc1ccc(Oc2cc(Nc3cc(Cl)ccc3C(N)=O)c(C(F)(F)F)cn2)cc1,7.11
COc1ccc(Oc2cc(Nc3cc(F)ccc3C(N)=O)c(C(F)(F)F)cn2)cc1,7.31
COc1ccc(Oc2cc(Nc3cc(OC)ccc3C(N)=O)c(C(F)(F)F)cn2)cc1,7.77
COc1ccc(Oc2cc(Nc3ccc(Cl)cc3C(N)=O)c(C(F)(F)F)cn2)cc1,7.52
COc1ccc(Oc2cc(Nc3ccc(F)cc3C(N)=O)c(C(F)(F)F)cn2)cc1,7.35
COc1ccc(Oc2cc(Nc3cccc(Cl)c3C(N)=O)c(C(F)(F)F)cn2)cc1,5.66
COc1ccc(Oc2cc(Nc3cccc(OC)c3C(N)=O)c(C(F)(F)F)cn2)cc1,5.66
COc1ccc(Oc2cc(Nc3ccccc3C(N)=O)c(C(F)(F)F)cn2)c(Cl)c1,7.0
COc1ccc(Oc2cc(Nc3ccccc3C(N)=O)c(C(F)(F)F)cn2)cc1,7.43
COc1ccc(Oc2cc(Nc3ccccc3C(N)=O)c(Cl)cn2)cc1,7.82
COc1ccc(Oc2cc(Nc3ccccc3C(N)=O)c(F)cn2)cc1,7.32
COc1ccc(Oc2ncc(Cl)c(Nc3ccccc3C(N)=O)n2)cc1,8.15
COc1ccc(S(=O)(=O)N2CCC(n3cnc4cc(C(F)(F)F)ccc43)CC2)cc1,4.26
COc1ccc2c(Cl)c(C(N)=O)sc2c1,4.17
COc1ccc2c(c1)c1ncn(Cc3ccco3)c(=O)c1n2C,4.05
COc1ccc2nc(NC(=O)Cc3ccc(OC)c(S(=O)(=O)N4CCOCC4)c3)sc2c1,4.55
COc1ccc2ncn(-c3ccccc3)c2c1,4.46
COc1cccc(-c2nn(-c3ccccc3)cc2-c2ccnc(N3CCN(C(=O)Nc4cc(C(F)(F)F)cc(C(F)(F)F)c4)CC3)c2)c1,6.0
COc1cccc(-c2nn(-c3ccccc3)cc2-c2ccnc(N3CCN(C(=O)Nc4ccc(Cl)c(C(F)(F)F)c4)CC3)c2)c1,6.0
COc1cccc(-c2nn(-c3ccccc3)cc2-c2ccnc(N3CCN(C(=O)Nc4ccc(Cl)c(Cl)c4)CC3)c2)c1,6.0
COc1cccc(-c2nn(-c3ccccc3)cc2-c2ccnc(N3CCN(C(=O)Nc4ccc(F)cc4)CC3)c2)c1,6.0
COc1cccc(-c2nn(-c3ccccc3)cc2-c2ccnc(N3CCN(C(=O)Nc4cccc(C(F)(F)F)c4)CC3)c2)c1,6.0
COc1cccc(-c2nn(-c3ccccc3)cc2-c2ccnc(N3CCN(C(=O)Nc4ccccc4)CC3)c2)c1,6.0
COc1cccc(-c2nn(-c3ccccc3)cc2-c2ccnc(NCCCNC(=O)Nc3ccc(F)cc3)c2)c1,6.0
COc1cccc(-n2ccc(-c3ccnc(Nc4ccc(-n5nc(C)nc5C)cc4)c3)n2)c1,6.19
COc1cccc(C(=O)Nc2c(C(N)=O)oc3ccccc23)c1,4.49
COc1cccc(C2=NOC(C(=O)NC3CCCCC3)C2)c1,4.46
COc1cccc(C2=NOC(C(=O)Nc3cc(OC)c(OC)c(OC)c3)C2)c1,5.69
COc1cccc(C2=NOC(C(=O)Nc3ccc(C(C)=O)cc3)C2)c1,5.1
COc1cccc(C2=NOC(C(=O)Nc3ccc(OC)c(OC)c3)C2)c1,5.34
COc1cccc(C2=NOC(C(=O)Nc3cccc(C(C)=O)c3)C2)c1,4.89
COc1cccc(C2=NOC(C(=O)Nc3cccc(C(C)=O)c3)C2)c1OC,4.61
COc1cccc(NC(=O)CCCn2c(=O)[nH]c3ccccc3c2=O)c1,4.32
COc1cccc(OCC(=O)Nc2ccccc2C(N)=O)c1,4.26
COc1cccc(Oc2cc(Nc3ccccc3C(N)=O)c(C(F)(F)F)cn2)c1,7.16
COc1cccc2c(O)c(C/C=C(/C)Cl)c(C)nc12,4.12
COc1ccccc1/N=C1\NC(=O)/C(=C2/C(=O)Nc3ccc(F)cc32)S1,7.04
COc1ccccc1NC(=O)COc1ccc(CO)cc1Cl,4.16
COc1ccccc1Nc1nccc(-n2cc(/C=C/c3ccccc3)c(C(N)=O)n2)n1,5.41
COc1ccccc1Oc1cc(Nc2ccccc2C(N)=O)c(C(F)(F)F)cn1,5.46
COc1nc(-c2sccc2NC(=O)Cc2cccc3cnccc23)cs1,5.3
CS(=O)(=O)N(c1ccc(-c2cnc3ccc4ccncc4c3c2)cc1)S(C)(=O)=O,6.68
CS(=O)(=O)N1CCN(c2ccccc2NC(=O)Cc2ccccc2)CC1,4.16
CS(=O)(=O)Nc1ccc(-c2cnc3ccc4ccncc4c3c2)cc1,6.03
CS(=O)(=O)Nc1ccc(-c2cnc3cccc(-c4cccnc4)c3c2)cc1,5.28
CS(=O)(=O)Nc1ccc(-c2cnc3cccc(-c4ccncc4)c3c2)cc1,5.3
CS(=O)(=O)Nc1ccc(-c2cnc3cccc(NC(=O)c4ccccn4)c3c2)cc1,5.44
CS(=O)(=O)Nc1ccc(-c2cnc3cccc(Nc4ccc(C(F)(F)F)cn4)c3c2)cc1,6.31
CS(=O)(=O)Nc1ccc(-c2cnc3cccc(Nc4ccc(Cl)cn4)c3c2)cc1,6.92
CS(=O)(=O)Nc1ccc(-c2cnc3cccc(Nc4ccc(F)cn4)c3c2)cc1,6.85
CS(=O)(=O)Nc1ccc(-c2cnc3cccc(Nc4cccc(Cl)n4)c3c2)cc1,5.19
CS(=O)(=O)Nc1ccc(-c2cnc3cccc(Nc4ccccn4)c3c2)cc1,6.36
CS(=O)(=O)Nc1ccc(-c2cnc3cccc(Nc4ncc([N+](=O)[O-])s4)c3c2)cc1,6.12
CS(=O)(=O)Nc1ccc(-c2cnc3cccc(Nc4ncccc4Cl)c3c2)cc1,4.82
CS(=O)(=O)Nc1ccc(-c2cnc3cccc(Nc4ncccn4)c3c2)cc1,6.32
CSCCC(Nc1ncnc2ccc(Br)cc12)C(=O)O.Cl,4.35
CSc1ccc(-n2ccc(-c3ccnc(Nc4ccc(-n5nc(C)nc5C)cc4)c3)n2)cc1,5.88
CSc1nc(-c2ccc(F)cc2)c(-c2ccnc(Nc3ccc(N)cc3)c2)[nH]1,7.62
C[C@@H](O)CNc1nccc(-n2c(CC#N)cnc2-c2ccc(Cl)c(Cl)c2)n1,5.17
C[C@@H](O)CNc1nccc(-n2c(CC#N)cnc2-c2ccc3c(c2)OCCO3)n1,5.01
Cc1c(-c2cnn(C)c2)ccc2cnc(Nc3ccc(-n4cnc(N5CCOCC5)n4)cc3)nc12,8.0
Cc1cc(-c2n[nH]c(=S)n2-c2ccc3ccccc3c2)ccn1,4.83
Cc1cc(-c2sccc2NC(=O)Cc2cccc3ccccc23)n[nH]1,5.165
Cc1cc(C(=O)Nc2cnn(C3CCNCC3)c2)cc(-n2cc(NC(=O)Nc3cccc4ccccc34)cn2)c1.Cl,7.54
Cc1cc(C(F)F)n2ncc(C(=O)NCc3ccccc3C(F)(F)F)c2n1,4.58
Cc1cc(C)n(-c2ccc(C(=O)Nc3sccc3C(N)=O)cc2)n1,4.35
Cc1cc(Cl)ccc1NC(=O)N1CCN(C(=O)c2ccc(CNc3n[nH]c4ccccc34)cc2)CC1,6.52
Cc1cc(NC(=O)C2CC(c3ccc(F)cc3)=NO2)no1,4.55
Cc1cc(NC(=O)COC(=O)c2[nH]nc3ccccc23)no1,4.2
Cc1cc(NC(=O)CSC2=Nc3ccccc3C3=NC(Cc4ccccc4)C(=O)N23)[nH]n1,4.95
Cc1cc(Nc2cc(Nc3ccccc3C(N)=O)ccn2)ccc1N1CCOCC1,6.76
Cc1cc(Nc2ncc(Cl)c(Nc3ccccc3C(N)=O)n2)ccc1N1CCOCC1,9.51
Cc1cc(O)ccc1-c1cnc2ccccc2n1,4.55
Cc1ccc(-c2ccc3cnc(Nc4ccc(-n5cnc(N6CCOCC6)n5)cc4)nc3c2)cn1,6.14
Cc1ccc(-c2cccc3cnc(NC4CCC(O)CC4)nc23)cn1,7.3
Cc1ccc(-c2cccc3cnc(N[C@H]4CC[C@@H](C(=O)N5CCCC5)CC4)nc23)cn1,7.52
Cc1ccc(-c2cccc3cnc(Nc4ccc(-n5cnc(C)n5)cc4)nc23)cn1,7.52
Cc1ccc(-c2cccc3cnc(Nc4ccc(C(=O)N5CCOCC5)cc4)nc23)cn1,7.05
Cc1ccc(-c2cccc3cnc(Nc4ccc(F)cc4)nc23)cn1,6.77
Cc1ccc(-c2cccc3cnc(Nc4ccc5c(c4)OCO5)nc23)cn1,7.22
Cc1ccc(-c2ncn(-c3ccc(Nc4cc(-c5ccn(C)n5)c(Cl)cn4)cc3)n2)cn1,6.22
Cc1ccc(-c2ncn(-c3ccc(Nc4cc(-c5ccn(C)n5)c(F)cn4)cc3)n2)cn1,6.7
Cc1ccc(-c2ncn(-c3ccc(Nc4ncc5ccc(-c6cn[nH]c6)cc5n4)cc3)n2)cn1,7.3
Cc1ccc(-n2cc(NC(=O)Nc3cccc4ccccc34)cn2)cc1C(=O)NC1CC1,7.19
Cc1ccc(-n2cc(NC(=O)Nc3cccc4ccccc34)cn2)cc1C(=O)Nc1cnn(C2CCNCC2)c1.Cl,8.22
Cc1ccc(C(=O)C2=C(O)C(=O)N(CCCn3ccnc3)C2c2ccc(OC(C)C)cc2)o1,4.43
Cc1ccc(C(=O)Nc2cccc(C)c2N2CCC3(CC2)OCCO3)o1,6.28
Cc1ccc(C)c(N2CCN(C(=O)c3ccc(Cn4c(=O)[nH]c5ccccc5c4=O)cc3)CC2)c1,4.17
Cc1ccc(CNC(=O)c2cccc(-n3cc(NC(=O)Nc4ccccc4Cl)cn3)c2)cn1,6.51
Cc1ccc(Cl)c(C(=O)N2CCN(C(=O)c3ccc(CNc4n[nH]c5ccccc45)cc3)CC2)c1,6.23
Cc1ccc(NC(=O)C2CC(c3ccc(F)cc3)=NO2)cc1,4.49
Cc1ccc(NC(=O)CCCCCC2NC(=O)NC2C)cc1,5.74
Cc1ccc(NC(=O)c2cc(-n3cc(NC(=O)Nc4ccccc4Cl)cn3)ccc2F)cn1,7.15
Cc1ccc(NC(=O)c2cc(F)cc(-n3cc(NC(=O)Nc4ccccc4Cl)cn3)c2)cn1,5.34
Cc1ccc(NC(=O)c2ccc(F)c(-n3cc(NC(=O)Nc4ccccc4Cl)cn3)c2)cn1,7.1
Cc1ccc(NC(=O)c2cccc(-n3cc(NC(=O)N(C)c4ccccc4Cl)cn3)c2)cn1,5.51
Cc1ccc(NC(=O)c2cccc(-n3cc(NC(=O)Nc4ccc(Cl)cc4)cn3)c2)cn1,5.74
Cc1ccc(NC(=O)c2cccc(-n3cc(NC(=O)Nc4ccc(F)cc4)cn3)c2)cn1,6.79
Cc1ccc(NC(=O)c2cccc(-n3cc(NC(=O)Nc4cccc(Cl)c4)cn3)c2)cn1,6.22
Cc1ccc(NC(=O)c2cccc(-n3cc(NC(=O)Nc4cccc(F)c4)cn3)c2)cn1,6.86
Cc1ccc(NC(=O)c2cccc(-n3cc(NC(=O)Nc4ccccc4)cn3)c2)cn1,6.94
Cc1ccc(NC(=O)c2cccc(-n3cc(NC(=O)Nc4ccccc4Cl)cn3)c2)c(C)n1,6.85
Cc1ccc(NC(=O)c2cccc(-n3cc(NC(=O)Nc4ccccc4Cl)cn3)c2)cn1,7.42
Cc1ccc(NC(=O)c2cccc(-n3cc(NC(=O)Nc4ccccc4Cl)cn3)c2F)cn1,6.64
Cc1ccc(NC(=O)c2cccc(-n3cc(NC(=O)Nc4ccccc4F)cn3)c2)cn1,6.5
Cc1ccc(S(=O)(=O)NCCCCCC(=O)Nc2nccs2)cc1,4.34
Cc1ccc2[nH]c3c(c2c1)CCc1c[nH]nc1-3,4.78
Cc1ccc2c(CC(=O)Nc3sccc3C(N)=O)coc2c1,4.68
Cc1ccc2c(c1)/C(=C1/S/C(=N/c3cccc(Cl)c3Cl)NC1=O)C(=O)N2,6.7
Cc1ccc2nc(Cc3ccc(N)cc3)oc2c1,4.3
Cc1cccc(-n2ncc3c(NCc4cccs4)ncnc32)c1,4.14
Cc1cccc(CC(=O)Nc2cnn(-c3cccc(C(=O)NC4CCOC(C)(C)C4)c3)c2)c1,5.96
Cc1cccc(Cl)c1C(=O)N1CCN(C(=O)c2ccc(CNc3n[nH]c4ccccc34)cc2)CC1,6.22
Cc1cccc(NC(=O)Nc2cnn(-c3cccc(C(=O)Nc4cnn(C5CCNCC5)c4)c3)c2)c1C.Cl,8.05
Cc1cccc(NC(=O)c2ccc(Br)o2)c1N1CCC2(CC1)OCCO2,7.22
Cc1cccc(NC(=O)c2ccc(C#N)o2)c1N1CCC2(CC1)OCCO2,6.68
Cc1cccc(NC(=O)c2ccc(C(F)F)o2)c1N1CCC2(CC1)OCCO2,6.46
Cc1cccc(NC(=O)c2ccc(Cc3ccccc3)o2)c1N1CCC2(CC1)OCCO2,5.32
Cc1cccc(NC(=O)c2ccc(Cl)o2)c1N1CCC2(CC1)OCCO2,7.1
Cc1cccc(NC(=O)c2ccc(F)o2)c1N1CCC2(CC1)OCCO2,6.39
Cc1cccc(NC(=O)c2cccc(-n3ncc4cc(Nc5ccccc5C)ccc43)c2)c1,6.6
Cc1cccc(NC(=O)c2cccc(-n3ncc4cc(Nc5ccccc5F)ccc43)c2)c1,6.92
Cc1cccc(Nc2ccc3c(cnn3-c3cccc(C(=O)NCCN4CCN(C5CCC5)CC4)c3)c2)c1Cl,7.4
Cc1ccccc1-c1nnc(S)o1,4.26
Cc1ccccc1-n1nc(C)c2cc(C(=O)NCc3cccnc3)sc21,4.97
Cc1ccccc1NC(=O)Nc1cnn(-c2cccc(C(=O)Nc3cnn(C4CCNCC4)c3)c2)c1.Cl,8.15
Cc1ccccc1Nc1nn2c(=O)c3ccccc3nc2s1,4.41
Cc1ccnc(NC(=O)CCCOc2cc(=O)n(C)c3ccccc23)c1,4.21
Cc1cn(S(=O)(=O)c2ccc(Br)c3ccccc23)cn1,4.81
Cc1cn2c(CC(=O)Nc3scc(Br)c3-c3ncn[nH]3)csc2n1,5.3
Cc1cnc(-c2sccc2NC(=O)Cc2cccc3cnccc23)s1,5.3
Cc1cnc(Nc2ccc(-n3cnc(N4CCOCC4)n3)cc2)cc1-c1ccn(C)n1,6.12
Cc1cncc(NC(=O)c2cccc(-n3cc(NC(=O)Nc4ccccc4Cl)cn3)c2)c1,6.93
Cc1csc(-c2sccc2NC(=O)Cc2cccc3cnccc23)n1,5.3
Cc1csc(NC(=O)CN2C(=O)CCc3ccccc32)c1-c1ncn[nH]1,7.6
Cc1csc(NC(=O)Cc2ccc(OCCCN3CCCCC3)cc2)c1-c1ncn[nH]1,5.3
Cc1csc(NC(=O)Cc2ccc(OCCn3ccnc3)cc2)c1-c1ncn[nH]1,5.3
Cc1csc(NC(=O)Cc2cccc3cnccc23)c1-c1nc2ccccc2s1,5.3
Cc1csc(NC(=O)Cc2cccc3nccnc23)c1-c1ncn[nH]1,5.3
Cc1n[nH]c(-c2c(C)csc2NC(=O)CN2C(=O)CCc3ccccc32)n1,7.6
Cc1n[nH]c(-c2c(C)csc2NC(=O)Cc2cccc3ncccc23)n1,7.1
Cc1n[nH]c(-c2c(C)csc2NC(=O)Cc2cccc3nccnc23)n1,5.765000000000001
Cc1n[nH]c(-c2sccc2NC(=O)Cc2ccc3c(c2)OCCO3)n1,5.3
Cc1nc(-c2sccc2NC(=O)Cc2cccc3ccccc23)n(C)n1,4.5
Cc1nc(-c2sccc2NC(=O)Cc2cccc3ccccc23)n[nH]1,5.779999999999999
Cc1nc(C)n(-c2ccc(Nc3cc(-c4ccn(-c5cccc(C#N)c5)n4)ccn3)cc2)n1,6.62
Cc1nc(C)n(-c2ccc(Nc3cc(-c4ccn(C)n4)c(Cl)cn3)cc2)n1,6.8
Cc1nc(C)n(-c2ccc(Nc3cc(-c4ccn(C)n4)c(F)cn3)cc2)n1,6.47
Cc1nc(C)n(-c2ccc(Nc3cc(-c4nn(C)cc4-c4ccc(F)cc4)ccn3)cc2)n1,8.15
Cc1nc(C)n(-c2ccc(Nc3cc(-c4nn(C)cc4-c4cccnc4)ccn3)cc2)n1,6.96
Cc1nc(C)n(-c2ccc(Nc3cc(-c4nn(C)cc4C)ccn3)cc2)n1,6.4
Cc1nc(C)n(-c2ccc(Nc3cc(Nc4ccccc4C(N)=O)ccn3)cc2)n1,6.43
Cc1nc(SCCC(=O)O)c2ccccc2n1,5.22
Cc1nc2c(cnn2-c2csc(C(=O)NC3COC3)c2)cc1Nc1c(F)cccc1Cl,8.3
Cc1nc2c(cnn2-c2csc(C(=O)NC3COC3)c2)cc1Nc1cc(F)ccc1Cl,5.97
Cc1nc2c(cnn2-c2csc(C(=O)NC3COC3)c2)cc1Nc1ccc(F)cc1Cl,7.1
Cc1nc2c(cnn2-c2csc(C(=O)NC3COC3)c2)cc1Nc1cccc(F)c1Cl,6.77
Cc1nc2cccc(C(=O)NCc3ccccc3)c2o1,4.34
Cc1ncc(NC(=O)c2cccc(-n3cc(NC(=O)Nc4ccccc4Cl)cn3)c2)cn1,7.21
Cc1ncccc1NC(=O)c1cccc(-n2cc(NC(=O)Nc3ccccc3Cl)cn2)c1,6.85
Cc1ncn(-c2ccc(Nc3ncc(Cl)c(-c4ccn(C)n4)n3)cc2)n1,6.07
Cc1ncn(-c2ccc(Nc3ncc4cccc(-c5nccs5)c4n3)cc2)n1,7.7
Cc1ncn(-c2ccc(Nc3nccc(-c4cc[nH]n4)n3)cc2)n1,6.2
Cc1ncn(-c2ccc(Nc3nccc(-c4ccn(C)n4)n3)cc2)n1,5.84
Cc1nn(C)cc1CNC(=O)c1cnn2c(C(F)F)cc(C3CC3)nc12,4.57
Cc1nn(C)cc1NC(=O)c1cccc(-n2cc(NC(=O)Nc3ccccc3Cl)cn2)c1,6.94
Cc1nnc(-c2sccc2NC(=O)Cc2cccc3ccccc23)o1,5.49
Cc1noc(-c2c(C)csc2NC(=O)Cc2ccc(-c3ccncc3)cc2)n1,5.3
Cc1noc(-c2c(C)csc2NC(=O)Cc2cccc3ccccc23)n1,5.3
Cc1noc(-c2sccc2NC(=O)Cc2cccc3ccccc23)n1,5.3
Cc1oc2ccc(OCC(N)=O)cc2c1C(=O)OC(C)C,4.35
Cc1sc(C(=O)NC2COC2)cc1-n1cc(NC(=O)Nc2c(F)cccc2Cl)cn1,7.17
Cc1sc(C(=O)N[C@@H]2CCOC2)cc1-n1cc(NC(=O)Nc2c(F)cccc2Cl)cn1,7.28
Cc1sc(NC(=O)c2cccs2)c(C(N)=O)c1C,4.51
Cl.O=C(Nc1cccc(C(F)(F)F)c1)Nc1cnn(-c2cccc(C(=O)Nc3cnn(C4CCNCC4)c3)c2)c1,5.89
Cl.O=C(Nc1ccccc1)Nc1cnn(-c2cccc(C(=O)Nc3cnn(C4CCNCC4)c3)c2)c1,7.42
Cl.O=C(Nc1cnn(-c2cccc(C(=O)NC3CCNC3)c2)c1)Nc1cccc2ccccc12,7.5
Cl.O=C(Nc1cnn(-c2cccc(C(=O)NC3CCNCC3)c2)c1)Nc1cccc2ccccc12,7.21
Cl.O=C(Nc1cnn(-c2cccc(C(=O)NCC3CCNC3)c2)c1)Nc1cccc2ccccc12,7.19
Cl.O=C(Nc1cnn(-c2cccc(C(=O)Nc3cnn(C4CCNCC4)c3)c2)c1)NC1CCCC1,4.89
Cl.O=C(Nc1cnn(-c2cccc(C(=O)Nc3cnn(C4CCNCC4)c3)c2)c1)Nc1cccc2ccccc12,8.22
Cl.O=C(Nc1cnn(-c2cccc(C(=O)Nc3cnn(C4CCNCC4)c3)c2)c1)Nc1ccccc1C(F)(F)F,6.57
Clc1ccc2[nH]c3c(c2c1)CCc1c[nH]nc1-3,5.67
Clc1cnc(Nc2ccc(N3CCOCC3)cc2)cc1-c1cc[nH]n1,7.16
Clc1nnn(-c2ccncc2)c1-c1ccc2ccccc2c1,4.9
Cn1c(=O)c2c(-c3ccccc3)n3c4ccccc4ncc3c2n(C)c1=O,5.03
Cn1c(C(=O)N2CCN(Cc3ccc4c(c3)OCO4)CC2)cc2c(=O)n(C)c3ccccc3c21,4.14
Cn1c(C(=O)NCc2ccco2)cc2c(O)nc3ccccc3c21,4.5
Cn1cc(-c2ccc3cnc(Nc4ccc(-n5cnc(N6CCOCC6)n5)cc4)nc3c2)cn1,7.05
Cn1cc(-c2ccc3cnc(Nc4ccc(-n5cnc(N6CCOCC6)n5)cc4)nc3c2-c2ccccc2)cn1,8.0
Cn1cc(-c2ccc3cnc(Nc4ccc(-n5cnc(N6CCOCC6)n5)cc4)nc3c2-c2cnn(C)c2)cn1,8.05
Cn1cc(-c2ccc3cnc(Nc4ccc(-n5cnc(N6CCOCC6)n5)cc4)nc3c2C(F)(F)F)cn1,6.72
Cn1cc(-c2ccc3cnc(Nc4ccc(-n5cnc(N6CCOCC6)n5)cc4)nc3c2C2CC2)cn1,7.7
Cn1cc(-c2ccc3cnc(Nc4ccc(-n5cnc(N6CCOCC6)n5)cc4)nc3c2Cl)cn1,7.4
Cn1cc(-c2cccc3cnc(Nc4ccc(-n5cnc(N6CCOCC6)n5)cc4)nc23)cn1,7.7
Cn1cc(-c2cn(C)nc2-c2ccnc(Nc3ccc(N4CCOCC4)cc3)c2)cn1,6.41
Cn1cc(-c2ncco2)c(-c2ccnc(Nc3ccc(N4CCOCC4)cc3)c2)n1,6.82
Cn1cc(NC(=O)c2cccc(-n3cc(NC(=O)Nc4ccccc4Cl)cn3)c2)cn1,6.88
Cn1ccc(-c2cc(Nc3ccc(-n4cnc(-c5ccccn5)n4)cc3)ncc2F)n1,6.32
Cn1ccc(-c2cc(Nc3ccc(-n4cnc(N5CCOCC5)n4)cc3)ncc2Cl)n1,6.7
Cn1ccc(-c2cc(Nc3ccc(-n4cnc(N5CCOCC5)n4)cc3)ncc2F)n1,6.8
Cn1ccc(-c2cc(Nc3ccc(N4CCOCC4)cc3)ncc2Cl)n1,6.89
Cn1ccc(-c2cc(Nc3ccc(N4CCOCC4)cc3)ncc2F)n1,6.8
Cn1ccc(-c2nc(Nc3ccc(-n4cnc(N5CCOCC5)n4)cc3)ncc2Cl)n1,6.14
Cn1ccc(-c2sccc2NC(=O)Cc2cccc3ccccc23)n1,4.37
Cn1ccc(NC(=O)c2cccc(-n3cc(NC(=O)Nc4ccccc4Cl)cn3)c2)n1,6.69
Cn1cnc(-c2c(Br)csc2NC(=O)CN2C(=O)CCc3ncccc32)n1,8.52
Cn1cnc(NC(=O)c2cccc(-n3cc(NC(=O)Nc4ccccc4Cl)cn3)c2)n1,6.23
Cn1nccc1NC(=O)c1cccc(-n2cc(NC(=O)Nc3ccccc3Cl)cn2)c1,6.79
Cn1ncnc1-c1ncsc1NC(=O)Cc1cccc2cnccc12,5.55
Cn1nnnc1SCc1ccc(C(=O)Nc2nccs2)cc1,4.25
Fc1cc2nccnc2cc1N1CCSCC1,4.3
Fc1ccc2[nH]c3nc4ccccc4c-3nc2c1,4.74
Fc1cnc(Nc2ccc(N3CCOCC3)cc2)cc1-c1ccn(CCN2CCOCC2)n1,6.5
Fc1cnc(Nc2ccc(N3CCOCC3)cc2)cc1-c1ccn(CCc2ccccc2)n1,6.77
Fc1cnc(Nc2ccc(N3CCOCC3)cc2)cc1-c1ccn(Cc2ccccc2)n1,7.0
Fc1cnccc1-c1n[nH]c(=S)n1-c1ccc2ccccc2c1,4.56
N#C/C(=C(\O)c1ccco1)c1ccccn1,4.29
N#CCc1cnc(-c2ccc(Cl)c(Cl)c2)n1-c1ccnc(NC2CCCN(C(=O)C3CC3)C2)n1,7.19
N#CCc1cnc(-c2ccc(Cl)c(Cl)c2)n1-c1ccnc(NC2CCCNC2)n1,7.19
N#CCc1cnc(-c2ccc(Cl)c(Cl)c2)n1-c1ccnc(NC2CCOCC2)n1,6.865
N#CCc1cnc(-c2ccc(Cl)c(Cl)c2)n1-c1ccnc(N[C@H]2CCCN(C(=O)C3CC3)C2)n1,8.7
N#CCc1cnc(-c2ccc(Cl)c(Cl)c2)n1-c1ccnc(N[C@H]2CCCNC2)n1,4.88
N#CCc1cnc(-c2ccc(F)c(C(F)(F)F)c2)n1-c1ccnc(NC2CCCN(C(=O)C3CC3)C2)n1,7.19
N#CCc1cnc(-c2ccc(F)c(C(F)(F)F)c2)n1-c1ccnc(NC2CCCNC2)n1,7.19
N#CCc1cnc(-c2ccc(F)c(C(F)(F)F)c2)n1-c1ccnc(NC2CCOCC2)n1,6.785
N#CCc1cnc(-c2ccc(F)c(C(F)(F)F)c2)n1-c1ccnc(N[C@H]2CCCN(C(=O)C3CC3)C2)n1,5.48
N#CCc1cnc(-c2ccc3c(c2)CCO3)n1-c1ccnc(N[C@H]2CCCN(C(=O)C3CC3)C2)n1,8.39
N#CCc1cnc(-c2ccc3c(c2)OCCO3)n1-c1ccnc(NC2CCCCC2)n1,5.2
N#CCc1cnc(-c2ccc3c(c2)OCO3)n1-c1ccnc(NC2CCCCC2)n1,6.09
N#CCc1cnc(-c2ccc3ccccc3c2)n1-c1ccnc(NC2CCCCC2)n1,7.02
N#CCc1cnc(-c2ccc3ccccc3c2)n1-c1ccnc(N[C@@H]2CCCN(C(=O)C3CC3)C2)n1,8.3
N#CCc1cnc(-c2ccc3ccccc3c2)n1-c1ccnc(N[C@H]2CCCCN(C(=O)C3CC3)C2)n1,7.62
N#CCc1cnc(-c2ccc3ccccc3c2)n1-c1ccnc(N[C@H]2CCCN(C(=O)C3CC3)C2)n1,9.0
N#CCc1cnc(-c2ccc3ccccc3c2)n1-c1ccnc(Nc2cccc(C(=O)C3CC3)c2)n1,8.15
N#CCc1cnc(-c2ccc3ccccc3n2)n1-c1ccnc(NC2CCCNC2)n1,7.19
N#CCc1cnc(-c2ccc3ccccc3n2)n1-c1ccnc(N[C@H]2CCCN(C(=O)C3CC3)C2)n1,6.4
N#CCc1cnc(-c2ccc3occc3c2)n1-c1ccnc(N[C@H]2CCCN(C(=O)C3CC3)C2)n1,8.21
N#CCc1cnc(C2=CC3OCCOC3C=C2)n1-c1ccnc(N[C@H]2CCCN(C(=O)C3CC3)C2)n1,5.82
N#CCc1cnc(C2=CC3OCOC3C=C2)n1-c1ccnc(N[C@H]2CCCN(C(=O)C3CC3)C2)n1,7.26
N#Cc1c(N)nc(SCc2ccncc2)c(C#N)c1-c1cccs1,4.26
N#Cc1ccc(NC(=O)C2CC(c3ccc(F)cc3)=NO2)cc1,5.1
N#Cc1ccc(Nc2ncc(Cl)c(Nc3ccccc3C(N)=O)n2)cc1,9.11
N#Cc1ccc2c(ccc(=O)n2CC(=O)Nc2scc(Br)c2-c2ncn[nH]2)c1,8.7
N#Cc1ccc2ccc(=O)n(CC(=O)Nc3scc(Br)c3-c3ncn[nH]3)c2c1,8.7
N#Cc1csc(NC(=O)CN2C(=O)CCc3ccccc32)c1-c1ncn[nH]1,8.22
N#Cc1csc(NC(=O)CN2C(=O)CCc3ncccc32)c1-c1nc2ccccc2s1,5.3
N#Cc1csc(NC(=O)CN2C(=O)CCc3ncccc32)c1-c1nccs1,7.96
N#Cc1csc(NC(=O)Cc2cccc3cnccc23)c1-c1ncn[nH]1,8.15
N#Cc1csc(NC(=O)Cc2cccc3ncccc23)c1-c1ncn[nH]1,7.92
N#Cc1csc(NC(=O)Cn2c(=O)ccc3cc(C(F)(F)F)ccc32)c1-c1cncs1,5.3
N#Cc1csc(NC(=O)Cn2c(=O)ccc3cc(C(F)(F)F)ccc32)c1-c1cscn1,8.1
N#Cc1csc(NC(=O)Cn2c(=O)ccc3cc(C(F)(F)F)ccc32)c1-c1ncco1,8.1
N#Cc1csc(NC(=O)Cn2c(=O)ccc3cc(C(F)(F)F)ccc32)c1-n1ccnn1,5.3
N#Cc1csc(NC(=O)Cn2c(=O)ccc3cc(C(F)(F)F)ccc32)c1-n1nnc2ccccc21,5.3
N#Cc1sc2nc3c(c(-c4ccco4)c2c1N)CCCC3,4.16
N/N=c1\[nH]nc(-c2ccncc2)n1-c1ccc2ccccc2c1,4.83
NC(=O)C1Cc2nc(-c3ccc(Cl)c(Cl)c3)n(-c3ccnc(N[C@@H]4CCCN(C(=O)C5CC5)C4)n3)c2C1,9.14
NC(=O)C1Cc2nc(-c3ccc(Cl)c(Cl)c3)n(-c3ccnc(N[C@@H]4CCN(C(=O)C5CC5)C4)n3)c2C1,7.79
NC(=O)C1Cc2nc(-c3ccc(Cl)c(Cl)c3)n(-c3ccnc(N[C@H]4CCCN(C(=O)C5CC5)C4)n3)c2C1,9.42
NC(=O)C1Cc2nc(-c3ccc(Cl)c(Cl)c3)n(-c3ccnc(N[C@H]4CCN(C(=O)C5CC5)C4)n3)c2C1,7.81
NC(=O)C1Cc2nc(-c3ccc(F)c(C(F)(F)F)c3)n(-c3ccnc(N[C@@H]4CCCN(C(=O)C5CC5)C4)n3)c2C1,6.98
NC(=O)C1Cc2nc(-c3ccc(F)c(C(F)(F)F)c3)n(-c3ccnc(N[C@@H]4CCN(C(=O)C5CC5)C4)n3)c2C1,6.52
NC(=O)C1Cc2nc(-c3ccc(F)c(C(F)(F)F)c3)n(-c3ccnc(N[C@H]4CCCN(C(=O)C5CC5)C4)n3)c2C1,8.19
NC(=O)C1Cc2nc(-c3ccc(F)c(C(F)(F)F)c3)n(-c3ccnc(N[C@H]4CCN(C(=O)C5CC5)C4)n3)c2C1,6.74
NC(=O)C1Cc2nc(-c3ccc4c(c3)CCO4)n(-c3ccnc(N[C@@H]4CCCN(C(=O)C5CC5)C4)n3)c2C1,8.05
NC(=O)C1Cc2nc(-c3ccc4c(c3)CCO4)n(-c3ccnc(N[C@@H]4CCN(C(=O)C5CC5)C4)n3)c2C1,7.2
NC(=O)C1Cc2nc(-c3ccc4c(c3)CCO4)n(-c3ccnc(N[C@H]4CCCN(C(=O)C5CC5)C4)n3)c2C1,8.04
NC(=O)C1Cc2nc(-c3ccc4c(c3)CCO4)n(-c3ccnc(N[C@H]4CCN(C(=O)C5CC5)C4)n3)c2C1,7.06
NC(=O)C1Cc2nc(-c3ccc4c(c3)OCO4)n(-c3ccnc(N[C@@H]4CCCN(C(=O)C5CC5)C4)n3)c2C1,7.44
NC(=O)C1Cc2nc(-c3ccc4c(c3)OCO4)n(-c3ccnc(N[C@@H]4CCN(C(=O)C5CC5)C4)n3)c2C1,6.99
NC(=O)C1Cc2nc(-c3ccc4c(c3)OCO4)n(-c3ccnc(N[C@H]4CCCN(C(=O)C5CC5)C4)n3)c2C1,8.0
NC(=O)C1Cc2nc(-c3ccc4c(c3)OCO4)n(-c3ccnc(N[C@H]4CCN(C(=O)C5CC5)C4)n3)c2C1,6.87
NC(=O)C1Cc2nc(-c3ccc4ccccc4c3)n(-c3ccnc(N[C@@H]4CCCN(C(=O)C5CC5)C4)n3)c2C1,8.76
NC(=O)C1Cc2nc(-c3ccc4ccccc4c3)n(-c3ccnc(N[C@@H]4CCN(C(=O)C5CC5)C4)n3)c2C1,7.6
NC(=O)C1Cc2nc(-c3ccc4ccccc4c3)n(-c3ccnc(N[C@H]4CCCN(C(=O)C5CC5)C4)n3)c2C1,8.75
NC(=O)C1Cc2nc(-c3ccc4ccccc4c3)n(-c3ccnc(N[C@H]4CCN(C(=O)C5CC5)C4)n3)c2C1,7.83
NC(=O)N1Cc2nc(-c3ccc(Cl)c(Cl)c3)n(-c3ccnc(N[C@@H]4CCN(C(=O)C5CC5)C4)n3)c2C1,8.52
NC(=O)c1c(NC(=O)Cc2cccs2)sc2c1CCC2,4.55
NC(=O)c1cc(Br)cc2c3c([nH]c12)CCCC3,4.9
NC(=O)c1cc(Cc2ccccc2)sc1NC(=O)c1ccco1,5.34
NC(=O)c1cccc(-n2cc(NC(=O)Nc3cccc4ccccc34)cn2)c1,6.65
NC(=O)c1cccc(-n2ncc3cc(Nc4ccccc4F)ccc32)c1,7.2
NC(=O)c1ccccc1Nc1cc(Oc2ccc(-n3cncn3)cc2)ncc1C(F)(F)F,7.1
NC(=O)c1ccccc1Nc1cc(Oc2ccc(Br)cc2)ncc1C(F)(F)F,6.42
NC(=O)c1ccccc1Nc1cc(Oc2ccc(Cl)c(Cl)c2)ncc1C(F)(F)F,7.0
NC(=O)c1ccccc1Nc1cc(Oc2ccc(F)cc2)ncc1C(F)(F)F,6.7
NC(=O)c1ccccc1Nc1cc(Oc2ccc(OC(F)(F)F)cc2)ncc1C(F)(F)F,7.46
NC(=O)c1ccccc1Nc1cc(Oc2ccc3c(c2)OCO3)ncc1C(F)(F)F,7.32
NC(=O)c1ccccc1Nc1cc(Oc2ccc3ccccc3c2)ncc1C(F)(F)F,6.5
NC(=O)c1ccccc1Nc1cc(Oc2cccc(Cl)c2)ncc1C(F)(F)F,6.7
NC(=O)c1ccccc1Nc1cc(Oc2cccc3ccccc23)ncc1C(F)(F)F,6.0
NC(=O)c1ccccc1Nc1ccnc(Nc2ccc(-n3ccnn3)cc2)c1,6.66
NC(=O)c1ccccc1Nc1ccnc(Nc2ccc(N3CCOCC3)cc2)c1,6.8
NC(=O)c1ccccc1Nc1ccnc(Nc2ccc(N3CCOCC3)cc2F)c1,6.17
NC(=O)c1ccccc1Nc1ccnc(Nc2ccc3c(c2)OCO3)c1,6.49
NC(=O)c1ccccc1Nc1ccnc(Oc2ccccc2)c1,6.28
NC(=O)c1ccccc1Nc1nc(Nc2ccc(Cl)cc2)ncc1Cl,8.6
NC(=O)c1ccccc1Nc1nc(Nc2ccc(F)cc2)ncc1Cl,8.92
NC(=O)c1ccccc1Nc1nc(Nc2ccc(N3CCCC3=O)cc2)ncc1Cl,9.8
NC(=O)c1ccccc1Nc1nc(Nc2ccc(N3CCOCC3)c(F)c2)ncc1Cl,9.6
NC(=O)c1ccccc1Nc1nc(Nc2ccc(N3CCOCC3)cc2)ncc1Cl,9.55
NC(=O)c1ccccc1Nc1nc(Nc2ccc(N3CCOCC3)cc2F)ncc1Cl,9.52
NC(=O)c1ccsc1NC(=O)C1CCCCC1,4.59
NC(=O)c1ccsc1NC(=O)CSc1nc2ccccc2c(=O)n1CCCO,5.14
NC(=O)c1ccsc1NC(=O)c1ccco1,4.98
NC(=O)c1ccsc1NC(=O)c1cccs1,5.58
NC(=O)c1nn(-c2ccnc(N[C@@H]3CCCN(C(=O)C4CC4)C3)n2)cc1/C=C/c1ccccc1,7.21
NC(=O)c1nn(-c2ccnc(N[C@@H]3CCN(C(=O)C4CC4)C3)n2)cc1/C=C/c1ccccc1,6.64
NC(=O)c1nn(-c2ccnc(N[C@H]3CCCN(C(=O)C4CC4)C3)n2)cc1/C=C/c1ccccc1,7.92
NC(=O)c1nn(-c2ccnc(N[C@H]3CCN(C(=O)C4CC4)C3)n2)cc1/C=C/c1cccc(Br)c1,5.66
NC(=O)c1nn(-c2ccnc(N[C@H]3CCN(C(=O)C4CC4)C3)n2)cc1/C=C/c1cccc(Cl)c1,6.2
NC(=O)c1nn(-c2ccnc(N[C@H]3CCN(C(=O)C4CC4)C3)n2)cc1/C=C/c1ccccc1,6.77
NC(=O)c1oc2ccccc2c1NC(=O)c1ccc(F)cc1,4.62
NC(=O)c1oc2ccccc2c1NC(=O)c1ccco1,5.0
NC(=O)c1sccc1NC(=O)Cc1ccccc1,5.36
NS(=O)(=O)c1ccc(-c2cnc3cccc(Nc4ccc(Cl)cn4)c3c2)cc1,6.62
NS(=O)(=O)c1ccc(-c2cnc3cccc(Nc4ccccn4)c3c2)cc1,6.7
Nc1cc(-c2n[nH]c(=S)n2-c2ccc3ccccc3c2)ccn1,5.99
Nc1ccc(-c2cnc3ccc4ccncc4c3c2)cc1,6.29
Nc1ccc2cc(-n3c(-c4ccnc(NC5CCOCC5)c4)n[nH]c3=O)ccc2c1,6.02
Nc1cccc2ccc(-n3c(-c4ccnc(NC5CCOCC5)c4)n[nH]c3=O)cc12,7.03
Nc1nc(-c2ccccc2)cc(-c2ccccc2O)n1,4.39
O=C(C1CC1)N1CCC[C@H](Nc2nccc(-n3c(-c4ccc5c(c4)OCCO5)nc4cc(O)c(O)cc43)n2)C1,8.0
O=C(C1CCC(Cn2c(=O)[nH]c3ccccc3c2=O)CC1)N1CCN(c2ccccc2)CC1,6.3
O=C(C1CCC(Cn2c(=S)[nH]c3ccccc3c2=O)CC1)N1CCN(c2ccccc2)CC1,6.03
O=C(C1CCC(Cn2c(=S)[nH]c3ccccc3c2=O)CC1)N1CCOCC1,4.78
O=C(CCCCCn1c(=O)[nH]c2ccccc2c1=O)NCCCN1CCN(c2ccccc2F)CC1,4.45
O=C(CCCCCn1c(=S)[nH]c2ccccc2c1=O)N1CCC2(CC1)OCCO2,4.53
O=C(CCCCCn1c(SCC(=O)c2ccccc2)nc2ccccc2c1=O)NCc1ccco1,4.41
O=C(CCCCCn1c(SCc2ccncc2)nc2ccccc2c1=O)NCc1ccco1,4.14
O=C(CCCn1c(=S)[nH]c2ccccc2c1=O)NCc1ccco1,4.31
O=C(CCN1CCCC1)Nc1ccc2c(c1)/C(=C1/S/C(=N/c3cccc(Cl)c3Cl)NC1=O)C(=O)N2,6.51
O=C(CCn1cnc2ccccc2c1=O)Nc1ccc(S(=O)(=O)N2CCCC2)cc1,4.42
O=C(CCn1cnc2ccccc2c1=O)Nc1ccc(S(=O)(=O)N2CCCCC2)cc1,4.42
O=C(CN1C(=O)C(F)(F)c2ccccc21)Nc1scc(Br)c1-c1nnc[nH]1,5.3
O=C(CN1C(=O)CCc2ccc(Br)cc21)Nc1scc(Br)c1-c1ncn[nH]1,5.3
O=C(CN1C(=O)CCc2ccccc21)Nc1ccsc1-c1c[nH]cn1,5.3
O=C(CN1C(=O)CCc2ccccc21)Nc1ccsc1-c1cscn1,5.3
O=C(CN1C(=O)CCc2ccccc21)Nc1scc(Br)c1-c1ncn[nH]1,7.55
O=C(CN1C(=O)CCc2ccccc21)Nc1scc(Cl)c1-c1ncn[nH]1,8.3
O=C(CN1C(=O)CCc2ccccc21)Nc1sccc1-c1ncn[nH]1,5.3
O=C(CN1C(=O)CCc2cnccc21)Nc1ccsc1-c1cscn1,5.3
O=C(CN1C(=O)CCc2ncccc21)Nc1scc(Br)c1-c1ncco1,8.22
O=C(CN1C(=O)CCc2ncccc21)Nc1scc(Br)c1-c1nccs1,7.82
O=C(CN1CCCC1)Nc1ccc2c(c1)/C(=C1/S/C(=N/c3cccc(Cl)c3Cl)NC1=O)C(=O)N2,6.36
O=C(CN1CCCCC1)Nc1ccc2c(c1)/C(=C1/S/C(=N/c3cccc(Cl)c3Cl)NC1=O)C(=O)N2,6.11
O=C(CSc1ncccc1-c1nc2ccccc2[nH]1)N1CCN(c2ccccc2F)CC1,4.25
O=C(Cc1cc(C(F)(F)F)c2cccnc2c1)Nc1scc(Br)c1-c1nnc[nH]1,5.3
O=C(Cc1cc(F)cc2ncccc12)Nc1scc(Br)c1-c1ncn[nH]1,7.39
O=C(Cc1cc2ncccc2cc1F)Nc1scc(Br)c1-c1ncn[nH]1,5.3
O=C(Cc1ccc(F)c2cnccc12)Nc1scc(Br)c1-c1ncn[nH]1,7.62
O=C(Cc1ccc(OCCCN2CCCCC2)cc1)Nc1ccsc1-c1cscn1,5.3
O=C(Cc1ccc2c(c1)OCCO2)Nc1ccsc1-c1ncn[nH]1,5.3
O=C(Cc1ccc2ccc(C(F)(F)F)nc2c1)Nc1scc(Br)c1-c1nc[nH]n1,5.3
O=C(Cc1cccc2cc(C(F)(F)F)cnc12)Nc1scc(Br)c1-c1nc[nH]n1,5.3
O=C(Cc1cccc2cc(F)cnc12)Nc1scc(Br)c1-c1nc[nH]n1,5.3
O=C(Cc1cccc2ccccc12)Nc1ccsc1-c1cc[nH]n1,5.37
O=C(Cc1cccc2ccccc12)Nc1ccsc1-c1ccccn1,5.3
O=C(Cc1cccc2ccccc12)Nc1ccsc1-c1nc[nH]n1,5.67
O=C(Cc1cccc2ccccc12)Nc1ccsc1-c1nnco1,5.29
O=C(Cc1cccc2ccccc12)Nc1ccsc1-n1ccnc1,5.175
O=C(Cc1cccc2cnccc12)Nc1ccsc1-c1csc(Cl)n1,5.3
O=C(Cc1cccc2cnccc12)Nc1ccsc1-c1ncco1,5.3
O=C(Cc1cccc2cnccc12)Nc1ccsc1-c1nccs1,5.3
O=C(Cc1cccc2cnccc12)Nc1scc(Br)c1-c1ncn[nH]1,7.48
O=C(Cc1cccc2cnccc12)Nc1scc(Cl)c1-c1ncn[nH]1,7.96
O=C(Cc1cccc2cnccc12)Nc1scnc1-c1cscn1,7.11
O=C(Cc1cccc2cnccc12)Nc1scnc1-c1nc[nH]n1,5.695
O=C(Cc1cccc2ncc(C(F)(F)F)cc12)Nc1scc(Br)c1-c1ncn[nH]1,7.28
O=C(Cc1cccc2ncc(F)cc12)Nc1scc(Br)c1-c1ncn[nH]1,7.52
O=C(Cc1cccc2ncccc12)Nc1ccsc1-c1nnc[nH]1,5.775
O=C(Cc1cccc2ncccc12)Nc1scc(Br)c1-c1ncn[nH]1,7.47
O=C(Cc1cccc2ncccc12)Nc1scc(Cl)c1-c1ncn[nH]1,7.75
O=C(Cc1cccc2nccn12)Nc1scc(Br)c1-c1ncn[nH]1,5.3
O=C(Cn1c(=O)ccc2c(C(F)(F)F)cccc21)Nc1scc(Br)c1-c1ncn[nH]1,7.15
O=C(Cn1c(=O)ccc2cc(C(F)(F)F)ccc21)N(CCCN1CCCC1)c1scc(Cl)c1-c1nc[nH]n1,5.3
O=C(Cn1c(=O)ccc2cc(C(F)(F)F)ccc21)Nc1sc(Cl)cc1-c1ncn[nH]1,5.3
O=C(Cn1c(=O)ccc2cc(C(F)(F)F)ccc21)Nc1scc(Br)c1-c1ncn[nH]1,8.05
O=C(Cn1c(=O)ccc2cc(F)c(F)cc21)Nc1scc(Br)c1-c1ncn[nH]1,8.3
O=C(Cn1c(=O)ccc2cc(F)c(F)cc21)Nc1sccc1-c1ncon1,5.3
O=C(Cn1c(=O)ccc2cc(OC(F)(F)F)ccc21)Nc1scc(Br)c1-c1ncn[nH]1,8.22
O=C(Cn1c(=O)ccc2ccc(C(F)(F)F)cc21)Nc1scc(Br)c1-c1ncn[nH]1,8.05
O=C(Cn1c(=O)ccc2ccc(OC(F)(F)F)cc21)Nc1scc(Br)c1-c1ncn[nH]1,7.72
O=C(Cn1c(=O)ccc2cnc(C(F)(F)F)cc21)Nc1scc(Br)c1-c1ncn[nH]1,8.22
O=C(Cn1c(=O)ccc2cnccc21)Nc1scc(Br)c1-c1ncn[nH]1,8.15
O=C(Cn1c(=O)ccc2nc(C(F)(F)F)ccc21)Nc1scc(Br)c1-c1ncn[nH]1,7.85
O=C(Cn1cnc2ccccc2c1=O)Nc1ccc(-c2nnc3n2CCCCC3)cc1,4.53
O=C(NC1CCOCC1)c1cc(-n2ncc3cc(Nc4ccccc4Cl)c(F)cc32)cs1,8.7
O=C(NC1COC1)c1cc(-n2ncc3cc(Nc4ccccc4Cl)c(F)cc32)cs1,7.85
O=C(NC1COC1)c1cc(-n2ncc3cc(Nc4ccccc4Cl)cnc32)cs1,8.22
O=C(NC1COC1)c1cc(-n2ncc3cc(Nc4ccccc4Cl)ncc32)cs1,8.3
O=C(NCC(F)F)c1cc(-n2ncc3cc(Nc4ccccc4Cl)c(F)cc32)cs1,8.4
O=C(NCCCNc1cc(-c2cn(-c3ccccc3)nc2-c2cccc(O)c2)ccn1)Nc1cc(C(F)(F)F)cc(C(F)(F)F)c1,6.0
O=C(NCCCNc1cc(-c2cn(-c3ccccc3)nc2-c2cccc(O)c2)ccn1)Nc1ccc(Cl)c(C(F)(F)F)c1,6.21
O=C(NCCCNc1cc(-c2cn(-c3ccccc3)nc2-c2cccc(O)c2)ccn1)Nc1ccc(Cl)c(Cl)c1,6.0
O=C(NCCCNc1cc(-c2cn(-c3ccccc3)nc2-c2cccc(O)c2)ccn1)Nc1ccc(F)cc1,7.01
O=C(NCCCNc1cc(-c2cn(-c3ccccc3)nc2-c2cccc(O)c2)ccn1)Nc1cccc(C(F)(F)F)c1,6.32
O=C(NCCN1CCOCC1)c1cccc(-n2ncc3cc(Nc4c(Cl)cccc4Cl)ccc32)c1,7.11
O=C(NCCN1CCOCC1)c1cccc(-n2ncc3cc(Nc4ccccc4)cnc32)c1,6.77
O=C(NCCN1CCOCC1)c1cccc(-n2ncc3cc(Nc4ccccc4Cl)ccc32)c1,7.27
O=C(NCCN1CCOCC1)c1cccc(-n2ncc3cc(Nc4ccccc4Cl)ccc32)n1,6.19
O=C(NCCN1CCOCC1)c1cccc(-n2ncc3cc(Nc4ccccc4Cl)ncc32)c1,7.1
O=C(NCCN1CCOCC1)c1cccc(-n2ncc3cc(Nc4ccccn4)ccc32)c1,5.85
O=C(NCCN1CCOCC1)c1ccnc(-n2ncc3cc(Nc4ccccc4Cl)ccc32)c1,6.92
O=C(NCCO)c1cccc(-n2ncc3cc(Nc4ccccc4Cl)ccc32)c1,7.46
O=C(NCc1cccnc1)c1cccc2c1C(=O)N(C1CCCCC1)C2,4.56
O=C(NCc1nc2ccccc2[nH]1)c1cccs1,4.37
O=C(NN1CCOCC1)c1ccc(CNc2n[nH]c3ccccc23)cc1,5.13
O=C(N[C@H]1CCOC1)c1cc(-n2ncc3cc(Nc4ccccc4Cl)c(F)cc32)cs1,8.7
O=C(Nc1cc(-c2ccnc(Nc3ccc(F)cc3)c2)ccn1)C1CCOC1,8.285
O=C(Nc1cc(-c2ccnc(Nc3ccc(F)cc3)c2)ccn1)C1CCOCC1,8.22
O=C(Nc1cc(-c2ccnc(Nc3ccccc3)c2)ccn1)C1CCOC1,8.15
O=C(Nc1cc(-c2ccnc(Nc3ccccc3)c2)ccn1)C1CCOCC1,8.1
O=C(Nc1cc(-c2ccnc(Nc3ccccc3)c2)ccn1)c1cccnc1,6.76
O=C(Nc1cc(-c2ccnc(Nc3ccccc3)c2)ccn1)c1ccco1,7.75
O=C(Nc1cc(-c2n[nH]c(=O)n2-c2ccc3ccccc3c2)ccn1)C1CC1,6.92
O=C(Nc1cc(-c2n[nH]c(=O)n2-c2ccc3ccccc3c2)ccn1)c1ccccc1,6.23
O=C(Nc1cc(C(F)(F)F)cc(C(F)(F)F)c1)N1CCN(C(=O)c2ccc(CNc3n[nH]c4ccccc34)cc2)CC1,5.09
O=C(Nc1cc(C(F)(F)F)cc(C(F)(F)F)c1)N1CCN(c2cc(-c3cn(-c4ccccc4)nc3-c3cccc(O)c3)ccn2)CC1,6.0
O=C(Nc1ccc(Cl)c(C(F)(F)F)c1)N1CCN(c2cc(-c3cn(-c4ccccc4)nc3-c3cccc(O)c3)ccn2)CC1,6.0
O=C(Nc1ccc(Cl)c(Cl)c1)N1CCN(c2cc(-c3cn(-c4ccccc4)nc3-c3cccc(O)c3)ccn2)CC1,6.0
O=C(Nc1ccc(F)cc1)N1CCN(c2cc(-c3cn(-c4ccccc4)nc3-c3cccc(O)c3)ccn2)CC1,6.0
O=C(Nc1cccc(-c2nc3ccccc3[nH]2)c1)c1cccc(NC(=O)c2ccco2)c1,4.17
O=C(Nc1cccc(C(F)(F)F)c1)N1CCN(c2cc(-c3cn(-c4ccccc4)nc3-c3cccc(O)c3)ccn2)CC1,6.0
O=C(Nc1cccc(Cl)c1N1CCN(C2CC2)CC1)c1ccc(Br)o1,6.02
O=C(Nc1cccc(Cl)c1N1CCN(CCc2ccccc2)CC1)c1ccc(Br)o1,5.85
O=C(Nc1cccc(Cl)c1N1CCN(Cc2ccccc2)CC1)c1ccc(Br)o1,5.96
O=C(Nc1cccc(Cl)c1N1CCN(Cc2ccco2)CC1)c1ccc(Br)o1,6.6
O=C(Nc1cccc(Cl)c1N1CCN(c2ccccn2)CC1)c1ccc(Br)o1,6.0
O=C(Nc1cccc(Cl)c1N1CCNCC1)c1ccc(Br)o1,5.0
O=C(Nc1ccccc1)N1CCN(c2cc(-c3cn(-c4ccccc4)nc3-c3cccc(O)c3)ccn2)CC1,6.0
O=C(Nc1ccccc1)c1ccccc1Nc1ccnc(Nc2ccc(N3CCOCC3)cc2)c1,4.92
O=C(Nc1ccccc1Cl)N1CCN(C(=O)c2ccc(CNc3n[nH]c4ccccc34)cc2)CC1,6.21
O=C(Nc1ccccc1N1CCOCC1)c1ccc(Br)o1,5.2
O=C(Nc1cnn(-c2ccc(C(=O)NC3CC3)cc2)c1)Nc1cccc2ccccc12,5.53
O=C(Nc1cnn(-c2ccc(C(=O)NC3CNC3)s2)c1)Nc1ccccc1Cl,6.1
O=C(Nc1cnn(-c2cccc(C(=O)NC3CC3)c2)c1)Nc1cccc2ccccc12,7.35
O=C(Nc1cnn(-c2cccc(C(=O)NC3CCCC3)c2)c1)Nc1cccc2ccccc12,6.48
O=C(Nc1cnn(-c2cccc(C(=O)NC3CCCCC3)c2)c1)Nc1cccc2ccccc12,6.38
O=C(Nc1cnn(-c2cccc(C(=O)NC3CCNC3)c2)c1)Nc1ccccc1Cl,7.54
O=C(Nc1cnn(-c2cccc(C(=O)NC3CNC3)c2)c1)Nc1ccccc1Cl,7.47
O=C(Nc1cnn(-c2cccc(C(=O)NCC3CCCO3)c2)c1)Nc1cccc2ccccc12,6.61
O=C(Nc1cnn(-c2cccc(C(=O)NCC3CCOC3)c2)c1)Nc1cccc2ccccc12,6.93
O=C(Nc1cnn(-c2cccc(C(=O)NCCCN3CCCC3)c2)c1)Nc1ccccc1Cl,7.0
O=C(Nc1cnn(-c2cccc(C(=O)Nc3cnn(C4CCNCC4)c3)c2)c1)Nc1ccccc1Cl,7.72
O=C(Nc1cnn(-c2cccc(C(=O)Nc3cnn(C4CCNCC4)c3)c2)c1)Nc1ccccc1F,7.8
O=C(Nc1cnn(-c2cccc(C(=O)Nc3cnn(CCN4CCCC4)c3)c2)c1)Nc1ccccc1Cl,7.64
O=C(Nc1cnn(-c2cccc(C(=O)O)c2)c1)Nc1cccc2ccccc12,6.4
O=C(Nc1cnn(-c2cccc(NC(=O)C(F)(F)F)c2)c1)Nc1cccc2ccccc12,5.86
O=C(Nc1cnn(-c2cccc(NC(=O)C3CC3)c2)c1)Nc1cccc2ccccc12,5.49
O=C(Nc1cnn(-c2cccc(NC(=O)c3cc[nH]c3)c2)c1)Nc1cccc2ccccc12,7.28
O=C(Nc1cnn(-c2cccc(NCC3CC3)c2)c1)Nc1cccc2ccccc12,6.13
O=C(Nc1cnn(-c2cccc(NCc3ccncc3)c2)c1)Nc1cccc2ccccc12,6.45
O=C(Nc1cnn(-c2cccc(NS(=O)(=O)C3CC3)c2)c1)Nc1cccc2ccccc12,6.47
O=C(Nc1cnn(-c2ccccc2)c1)Nc1cccc2ccccc12,6.63
O=C(Nc1cnn(-c2ccccn2)c1)Nc1cccc2ccccc12,6.66
O=C(Nc1cnn(-c2cccnc2)c1)Nc1cccc2ccccc12,5.84
O=C(Nc1cnn(-c2ccncc2)c1)Nc1cccc2ccccc12,6.48
O=C(Nc1cnn(-c2csc(C(=O)NC3CC3)c2)c1)Nc1ccccc1Cl,7.1
O=C(Nc1cnn(-c2csc(C(=O)NC3CNC3)c2)c1)Nc1ccccc1Cl,7.3
O=C(Nc1cnn(-c2csc(C(=O)NC3COC3)c2)c1)Nc1c(F)cccc1Cl,7.48
O=C(Nc1cnn(-c2csc(C(=O)NC3COC3)c2)c1)Nc1ccc(F)cc1Cl,7.28
O=C(Nc1cnn(-c2csc(C(=O)NC3COC3)c2)c1)Nc1ccccc1Cl,7.46
O=C(Nc1cnn(-c2csc(C(=O)NCC3CCNCC3)c2)c1)Nc1ccccc1Cl,6.73
O=C(Nc1cnn(-c2csc(C(=O)NC[C@H]3CCOC3)c2)c1)Nc1ccccc1Cl,7.15
O=C(Nc1cnn(-c2csc(C(=O)N[C@@H]3CCNC3)c2)c1)Nc1ccccc1Cl,6.88
O=C(Nc1cnn(-c2csc(C(=O)N[C@@H]3CCOC3)c2)c1)Nc1ccccc1Cl,8.1
O=C(Nc1nncs1)c1ccc(N2C(=O)C3C4C=CC(C4)C3C2=O)cc1,4.2
O=C(O)/C=C/Sc1nc(-c2ccc(F)cc2)c(-c2ccnc(Nc3ccccc3)c2)n1CC1CC1,6.67
O=C(O)/C=C\Sc1nc(-c2ccc(F)cc2)c(-c2ccnc(Nc3ccccc3)c2)[nH]1,7.77
O=C(O)/C=C\Sc1nc(-c2ccc(F)cc2)c(-c2ccnc(Nc3ccccc3)c2)n1CC1CC1,7.27
O=C(O)CCSc1ccc2ccccc2n1,4.46
O=C(c1ccc(Br)cc1)N1CCN(C(=O)c2ccc(CNc3n[nH]c4ccccc34)cc2)CC1,6.5
O=C(c1ccc(Br)cc1)N1CCN(C(=O)c2cccc(CNc3n[nH]c4ccccc34)c2)CC1,5.33
O=C(c1ccc(C(F)(F)F)cc1)N1CCN(C(=O)c2cccc(CNc3n[nH]c4ccccc34)c2)CC1,5.14
O=C(c1ccc(CNc2n[nH]c3ccccc23)cc1)N1CCCC1,5.12
O=C(c1ccc(CNc2n[nH]c3ccccc23)cc1)N1CCN(C(=O)c2c(Cl)cccc2C(F)(F)F)CC1,6.6
O=C(c1ccc(CNc2n[nH]c3ccccc23)cc1)N1CCN(C(=O)c2c(Cl)cccc2Cl)CC1,6.55
O=C(c1ccc(CNc2n[nH]c3ccccc23)cc1)N1CCN(C(=O)c2c(F)cccc2Cl)CC1,6.43
O=C(c1ccc(CNc2n[nH]c3ccccc23)cc1)N1CCN(C(=O)c2cc(C(F)(F)F)cc(C(F)(F)F)c2)CC1,6.53
O=C(c1ccc(CNc2n[nH]c3ccccc23)cc1)N1CCN(C(=O)c2cc(C(F)(F)F)ccc2Cl)CC1,6.55
O=C(c1ccc(CNc2n[nH]c3ccccc23)cc1)N1CCN(C(=O)c2cc(C(F)(F)F)ccc2F)CC1,6.45
O=C(c1ccc(CNc2n[nH]c3ccccc23)cc1)N1CCN(C(=O)c2cc(Cl)ccc2Cl)CC1,6.69
O=C(c1ccc(CNc2n[nH]c3ccccc23)cc1)N1CCN(C(=O)c2cc(F)ccc2Cl)CC1,6.43
O=C(c1ccc(CNc2n[nH]c3ccccc23)cc1)N1CCN(C(=O)c2ccc(Br)cc2Br)CC1,6.61
O=C(c1ccc(CNc2n[nH]c3ccccc23)cc1)N1CCN(C(=O)c2ccc(C(F)(F)F)cc2)CC1,6.46
O=C(c1ccc(CNc2n[nH]c3ccccc23)cc1)N1CCN(C(=O)c2ccc(C(F)(F)F)cc2C(F)(F)F)CC1,6.6
O=C(c1ccc(CNc2n[nH]c3ccccc23)cc1)N1CCN(C(=O)c2ccc(C(F)(F)F)cc2Cl)CC1,6.62
O=C(c1ccc(CNc2n[nH]c3ccccc23)cc1)N1CCN(C(=O)c2ccc(Cl)cc2Cl)CC1,6.82
O=C(c1ccc(CNc2n[nH]c3ccccc23)cc1)N1CCN(C(=O)c2ccc(F)cc2Cl)CC1,6.19
O=C(c1ccc(CNc2n[nH]c3ccccc23)cc1)N1CCN(C(=O)c2ccc(F)cc2F)CC1,6.2
O=C(c1ccc(CNc2n[nH]c3ccccc23)cc1)N1CCN(C(=O)c2ccc(OC(F)(F)F)cc2)CC1,6.49
O=C(c1ccc(CNc2n[nH]c3ccccc23)cc1)N1CCN(C(=O)c2cccc(C(F)(F)F)c2)CC1,6.03
O=C(c1ccc(CNc2n[nH]c3ccccc23)cc1)N1CCN(C(=O)c2cccc(F)c2Cl)CC1,6.42
O=C(c1ccc(CNc2n[nH]c3ccccc23)cc1)N1CCN(C(=O)c2ccccc2C(F)(F)F)CC1,6.43
O=C(c1ccc(CNc2n[nH]c3ccccc23)cc1)N1CCN(C(=O)c2ccccc2Cl)CC1,6.6
O=C(c1ccc(CNc2n[nH]c3ccccc23)cc1)N1CCN(C(=O)c2ccccc2F)CC1,6.21
O=C(c1ccc(CNc2n[nH]c3ccccc23)cc1)N1CCN(C(=O)c2ccccc2I)CC1,6.4
O=C(c1ccc(CNc2n[nH]c3ccccc23)cc1)N1CCN(C(=O)c2ccccc2OC(F)(F)F)CC1,6.41
O=C(c1ccc(CNc2n[nH]c3ccccc23)cc1)N1CCN(C2CC2)CC1,6.06
O=C(c1ccc(CNc2n[nH]c3ccccc23)cc1)N1CCOCC1,5.11
O=C(c1ccc(Cl)cc1)N1CCN(C(=O)c2ccc(CNc3n[nH]c4ccccc34)cc2)CC1,6.52
O=C(c1ccc(Cl)cc1)N1CCN(C(=O)c2cccc(CNc3n[nH]c4ccccc34)c2)CC1,5.12
O=C(c1ccc(Cn2c(=O)[nH]c3ccccc3c2=O)cc1)N1CCN(c2ccc(Cl)cc2)CC1,4.06
O=C(c1ccc(Cn2c(=O)[nH]c3ccccc3c2=O)cc1)N1CCN(c2ccc(F)cc2)CC1,5.08
O=C(c1ccc(Cn2c(=O)[nH]c3ccccc3c2=O)cc1)N1CCN(c2ccccc2)CC1,5.1
O=C(c1ccc(Cn2c(=O)[nH]c3ccccc3c2=O)cc1)N1CCN(c2ccccn2)CC1,4.98
O=C(c1ccc(F)cc1)N1CCN(C(=O)c2ccc(CNc3n[nH]c4ccccc34)cc2)CC1,5.46
O=C(c1ccc(I)cc1)N1CCN(C(=O)c2ccc(CNc3n[nH]c4ccccc34)cc2)CC1,6.04
O=C(c1cccc(CNc2n[nH]c3c(F)c(F)ccc23)c1)N1CCN(C(=O)c2ccc(Cl)cc2Cl)CC1,6.87
O=C(c1cccc(CNc2n[nH]c3cc(Br)ccc23)c1)N1CCN(C(=O)c2ccc(Cl)cc2Cl)CC1,6.46
O=C(c1cccc(CNc2n[nH]c3cc(Cl)ccc23)c1)N1CCN(C(=O)c2ccc(Cl)cc2Cl)CC1,6.62
O=C(c1cccc(CNc2n[nH]c3cc(F)ccc23)c1)N1CCN(C(=O)c2ccc(Cl)cc2Cl)CC1,6.85
O=C(c1cccc(CNc2n[nH]c3ccc(Br)cc23)c1)N1CCN(C(=O)c2ccc(Cl)cc2Cl)CC1,6.54
O=C(c1cccc(CNc2n[nH]c3ccc(Cl)cc23)c1)N1CCN(C(=O)c2ccc(Cl)cc2Cl)CC1,6.69
O=C(c1cccc(CNc2n[nH]c3cccc(Cl)c23)c1)N1CCN(C(=O)c2ccc(Cl)cc2Cl)CC1,7.07
O=C(c1cccc(CNc2n[nH]c3cccc(F)c23)c1)N1CCN(C(=O)c2ccc(Cl)cc2Cl)CC1,6.72
O=C(c1cccc(CNc2n[nH]c3cccc(I)c23)c1)N1CCN(C(=O)c2ccc(Cl)cc2Cl)CC1,6.89
O=C(c1cccc(CNc2n[nH]c3ccccc23)c1)N1CCN(C(=O)c2c(F)cccc2Cl)CC1,5.37
O=C(c1cccc(CNc2n[nH]c3ccccc23)c1)N1CCN(C(=O)c2cc(C(F)(F)F)cc(C(F)(F)F)c2)CC1,5.14
O=C(c1cccc(CNc2n[nH]c3ccccc23)c1)N1CCN(C(=O)c2cc(C(F)(F)F)ccc2F)CC1,5.35
O=C(c1cccc(CNc2n[nH]c3ccccc23)c1)N1CCN(C(=O)c2ccc(Cl)cc2Cl)CC1,5.39
O=C(c1cccc(CNc2n[nH]c3ccccc23)c1)N1CCN(C(=O)c2ccc(F)cc2Cl)CC1,5.11
O=C(c1cccc(CNc2n[nH]c3ccccc23)c1)N1CCN(C(=O)c2ccc(F)cc2F)CC1,5.36
O=C(c1ccccc1)N1CCN(C(=O)c2ccc(CNc3n[nH]c4ccccc34)cc2)CC1,6.21
O=C1C(/C=N/c2ccccc2O)=C(O)c2ccccc21,4.64
O=C1CCCc2nn(-c3ccccc3)c(-c3ccncc3)c21,4.37
O=C1N/C(=N\c2c(Cl)ccc(Cl)c2Cl)S/C1=C1\C(=O)Nc2ccc(F)cc21,5.82
O=C1N/C(=N\c2c(Cl)cccc2Cl)S/C1=C1\C(=O)Nc2ccc(F)cc21,5.43
O=C1N/C(=N\c2c(F)cccc2F)S/C1=C1\C(=O)Nc2ccc(Cl)cc21,6.89
O=C1N/C(=N\c2c(F)cccc2F)S/C1=C1\C(=O)Nc2ccc(F)cc21,6.85
O=C1N/C(=N\c2cccc(Cl)c2)S/C1=C1\C(=O)Nc2ccccc21,6.7
O=C1N/C(=N\c2cccc(Cl)c2Cl)S/C1=C1\C(=O)Nc2ccc(Cl)cc21,7.57
O=C1N/C(=N\c2cccc(Cl)c2Cl)S/C1=C1\C(=O)Nc2ccc(F)cc21,7.89
O=C1N/C(=N\c2cccc(Cl)c2Cl)S/C1=C1\C(=O)Nc2ccc(I)cc21,6.96
O=C1N/C(=N\c2cccc(Cl)c2Cl)S/C1=C1\C(=O)Nc2ccc([N+](=O)[O-])cc21,7.05
O=C1N/C(=N\c2cccc(Cl)c2F)S/C1=C1\C(=O)Nc2ccc(F)cc21,7.08
O=C1N/C(=N\c2cccc(F)c2Cl)S/C1=C1\C(=O)Nc2ccc(F)cc21,6.28
O=C1N/C(=N\c2cccc(F)c2F)S/C1=C1\C(=O)Nc2ccc(F)cc21,7.02
O=C1N/C(=N\c2ccccc2Cl)S/C1=C1\C(=O)Nc2ccc(Br)cc21,6.52
O=C1N/C(=N\c2ccccc2Cl)S/C1=C1\C(=O)Nc2ccc(Cl)cc21,6.89
O=C1N/C(=N\c2ccccc2Cl)S/C1=C1\C(=O)Nc2ccc(I)cc21,7.2
O=C1N/C(=N\c2ccccc2Cl)S/C1=C1\C(=O)Nc2ccc([N+](=O)[O-])cc21,7.02
O=C1N/C(=N\c2ccccc2Cl)S/C1=C1\C(=O)Nc2ccccc21,6.66
O=C1N/C(=N\c2ccccc2F)S/C1=C1\C(=O)Nc2ccc(Cl)cc21,7.11
O=C1N/C(=N\c2ccccc2F)S/C1=C1\C(=O)Nc2ccc(F)cc21,6.96
O=C1N/C(=N\c2ccccc2[N+](=O)[O-])S/C1=C1\C(=O)Nc2ccc(F)cc21,6.13
O=C1NC(=O)c2c(NC(=O)C3CCCO3)cccc21,4.25
O=C1NC2=C(C(=O)c3ccccc32)C(c2ccccc2)N1,4.42
O=C1NCc2cccc(Nc3ccnc(Nc4ccc(N5CCOCC5)cc4)c3)c21,5.75
O=C1Nc2cccnc2Sc2ccccc21,5.3
O=C1S/C(=N\c2ccccc2Cl)N/C1=C1\C(=O)Nc2ccc(F)cc21,7.0
O=C1c2ccccc2-c2onc3ccc(NCCCn4ccnc4)c1c23,4.65
O=C1c2ccccc2-c2onc3ccc(NCc4ccco4)c1c23,4.62
O=C1c2ccccc2C(=O)C1c1ccncc1,4.74
O=C1c2ccccc2C2=NNC3=CC=CC1C32,7.06
O=C1c2ccccc2NC2=NCCCCN12,4.4
O=Nc1c2[nH]c3ccccc3[n+]([O-])c-2c2ccccc12,5.47
O=S(=O)(c1ccc2c(c1)OCCO2)N1CCC(n2cnc3cc(F)ccc32)CC1,4.31
O=c1[nH]c(=S)c2c(n1-c1ccccc1)CCC2,4.12
O=c1[nH]nc(-c2ccnc(NC3CCC3)c2)n1-c1ccc2ccccc2c1,7.16
O=c1[nH]nc(-c2ccnc(NC3CCCC3)c2)n1-c1ccc2ccccc2c1,6.89
O=c1[nH]nc(-c2ccnc(NC3CCCCC3)c2)n1-c1ccc2ccccc2c1,7.62
O=c1[nH]nc(-c2ccnc(NC3CCOCC3)c2)n1-c1ccc2cc(Br)ccc2c1,6.37
O=c1[nH]nc(-c2ccnc(NC3CCOCC3)c2)n1-c1ccc2cc(F)ccc2c1,7.16
O=c1[nH]nc(-c2ccnc(NC3CCOCC3)c2)n1-c1ccc2cccc(Cl)c2c1,7.85
O=c1[nH]nc(-c2ccnc(NC3CCOCC3)c2)n1-c1ccc2cccc(F)c2c1,7.27
O=c1[nH]nc(-c2ccnc(NC3CCOCC3)c2)n1-c1ccc2ccccc2c1,7.07
O=c1[nH]nc(-c2ccnc(Nc3ccccc3)c2)n1-c1ccc2ccccc2c1,7.21
O=c1[nH]nc(-c2ccnc(Nc3ccccn3)c2)n1-c1ccc2ccccc2c1,7.4
O=c1[nH]nc(-c2ccnc(Nc3cccnc3)c2)n1-c1ccc2ccccc2c1,6.6
O=c1[nH]nc(-c2ccnc(Nc3nccs3)c2)n1-c1ccc2ccccc2c1,6.68
O=c1[nH]nc(-c2ccncc2)n1-c1ccc2ccccc2c1,4.8
O=c1c2c(nc3n1CCCCC3)sc1c(O)cccc12,4.25
O=c1c2ccccc2[nH]c(=S)n1Cc1cccnc1,4.62
O=c1n(-c2ccccn2)nc(-c2ccnc(NC3CCOCC3)c2)n1-c1ccc2ccccc2c1,7.0
O=c1n(C2CCN(CC(F)(F)F)CC2)nc(-c2ccnc(NC3CCOCC3)c2)n1-c1ccc2ccccc2c1,7.44
O=c1n(C2CCNCC2)nc(-c2ccnc(NC3CCOCC3)c2)n1-c1ccc2ccccc2c1,6.8
O=c1n(C2CCOC2)nc(-c2ccnc(NC3CCOCC3)c2)n1-c1ccc2ccccc2c1,7.04
O=c1n(C2CCOCC2)nc(-c2ccnc(NC3CCCCC3)c2)n1-c1ccc2ccccc2c1,7.8
O=c1n(Cc2ccccn2)nc(-c2ccnc(NC3CCOCC3)c2)n1-c1ccc2ccccc2c1,7.27
Oc1[nH]c2ccccc2c1/C=N/c1ccc2c(c1)OCCO2,4.05
Oc1[nH]c2ccccc2c1/C=N/c1nccs1,4.33
Oc1ccc(-c2cnc3ccc4ccncc4c3c2)cc1,6.23
Oc1nc2ccccc2c2nc3ccccn3c12,4.86
S=c1[nH]nc(-c2ccnc(NC3CCCCC3)c2)n1-c1ccc2ccccc2c1,7.28
S=c1[nH]nc(-c2ccnc(NCC3CC3)c2)n1-c1ccc2ccccc2c1,6.03
S=c1[nH]nc(-c2ccncc2)n1-c1ccc2ccccc2c1,6.25
S=c1[nH]nc(-c2ccncc2)n1-c1ccc2ncccc2c1,4.5
[2H]C([2H])([2H])N1CC[C@@H](NC(=O)c2cc(-n3cc(NC(=O)Nc4ccccc4Cl)cn3)cs2)C1,7.08
[2H]C([2H])([2H])N1CC[C@H](NC(=O)c2cc(-n3ncc4cc(Nc5ccccc5Cl)c(F)cc43)cs2)C1,8.3
[2H]C([2H])([2H])N1CC[C@H](NC(=O)c2cc(-n3ncc4cc(Nc5ccccc5Cl)ccc43)cs2)C1,9.0
c1cc(-c2cc[nH]n2)cc(Nc2ccc(N3CCOCC3)cc2)n1,6.8
c1cc(-c2nccs2)c2nc(Nc3ccc(-n4cnc(N5CCOCC5)n4)cc3)ncc2c1,8.15
c1cc(-n2cnc(N3CCOCC3)n2)ccc1Nc1ncc2ccc(-c3cn[nH]c3)cc2n1,7.3
c1cc(-n2cnc(N3CCOCC3)n2)ccc1Nc1ncc2ccc(-c3cnoc3)cc2n1,6.16
c1cc(-n2cnc(N3CCOCC3)n2)ccc1Nc1ncc2ccc(N3CCOCC3)cc2n1,5.36
c1cc2ccc3ncc(-c4ccc(-c5ccn[nH]5)cc4)cc3c2cn1,5.44
c1cc2ccc3ncc(-c4ccc(N5CCOCC5)cc4)cc3c2cn1,5.89
c1ccc(-c2[nH]nc3c2CCC3)cc1,4.29
c1ccc(-c2[nH]nc3ccccc23)cc1,5.63
c1ccc(-c2cnc3ccc4ccncc4c3c2)cc1,6.0
c1ccc(-c2onc3cc4c(cc23)OCCO4)cc1,4.3
c1ccc(-n2nc3ccc4c[nH]nc4c3n2)cc1,4.37
c1ccc(-n2ncc3c(NCc4ccco4)ncnc32)cc1,4.21
c1ccc(Nc2ccccc2Nc2ccccn2)nc1,4.73
c1ccc2c(c1)nc(N1CCOCC1)c1c3ccccc3[nH]c21,4.52
c1ccc2c3c([nH]c2c1)-c1n[nH]cc1CC3,4.69
c1ccc2cc(-c3ccnn3-c3ccncc3)ccc2c1,5.61
c1ccc2cc(-c3cnnn3-c3ccncc3)ccc2c1,5.32
c1ccc2cc(-c3ncncc3-c3ccncc3)ccc2c1,5.38
c1ccc2cc(-c3nn[nH]c3-c3ccncc3)ccc2c1,6.44
c1ccc2cc(-n3ccnc3-c3ccncc3)ccc2c1,5.72
c1ccc2cc(-n3nccc3-c3ccncc3)ccc2c1,5.91
c1ccc2cc(-n3nncc3-c3ccncc3)ccc2c1,5.57
c1ccc2cc(-n3nnnc3-c3ccncc3)ccc2c1,4.31
c1cncc(-c2ccc3cnc(Nc4ccc(-n5cnc(N6CCOCC6)n5)cc4)nc3c2)c1,6.68
c1csc(-c2cnc3ccccc3n2)c1,4.47
