smiles,pAct_JNK2
C#CCNC(=O)c1cccc(-n2cc(NC(=O)Nc3cccc4ccccc34)cn2)c1,7.23
C#Cc1csc(NC(=O)Cc2ccc(OC)cc2)c1C(=O)OCC,4.55
C=C(C)CNC(=O)c1cccc(-n2cc(NC(=O)Nc3cccc4ccccc34)cn2)c1,6.2
C=CC(=O)Nc1ccc(C(=O)Nc2cccc(-n3cc(NC(=O)Nc4cccc5ccccc45)cn3)c2)cc1,5.88
C=CC(=O)Nc1cccc(C(=O)Nc2cccc(-n3cc(NC(=O)Nc4cccc5ccccc45)cn3)c2)c1,6.08
C=CCNC(=O)c1cccc(-n2cc(NC(=O)Nc3cccc4ccccc34)cn2)c1,6.9
CC(=O)NCC(=O)N1CCC(Nc2ncc(Cl)c(-c3c[nH]c4ccccc34)n2)CC1,7.34
CC(=O)N[C@H]1CC[C@H](Nc2nccc(-n3ccc4c(N5CCC(S(C)(=O)=O)CC5)cccc43)n2)CC1,7.31
CC(=O)N[C@H]1CC[C@H](Nc2nccc(-n3nnc4ccccc43)n2)CC1,6.64
CC(=O)Nc1cc(-c2n[nH]c(=O)n2-c2ccc3ccccc3c2)ccn1,5.82
CC(=O)Nc1cc(N)c(C#N)c(-c2ccccc2)n1,5.11
CC(=O)Nc1cc(N)c(C#N)c(NC(C)C)n1,5.52
CC(=O)Nc1cc(N)c(C#N)c(OC(C)C)n1,6.33
CC(=O)Nc1cc(N)c(C#N)c(OC2CCOC2)n1,5.54
CC(=O)Nc1cc(N)c(C#N)c(OCCC(=O)O)n1,5.31
CC(=O)Nc1cccc(-n2cc(NC(=O)Nc3cccc4ccccc34)cn2)c1,6.53
CC(C)(C)C(=O)N1CCC[C@H](Nc2nccc(-n3c(CC#N)cnc3-c3ccc(Cl)c(Cl)c3)n2)C1,7.09
CC(C)(C)NC(=O)c1cccc(-n2cc(NC(=O)Nc3cccc4ccccc34)cn2)c1,5.39
CC(C)(C)Nc1nc(N[C@H]2CC[C@H](O)CC2)ncc1C(N)=O,7.75
CC(C)(C)Nc1ncc(C(N)=O)c(N[C@@H]2CCC[C@H](O)C2)n1,7.51
CC(C)(C)c1cc(NC(=O)Nc2cccc3ccccc23)n(-c2cccc(N)c2)n1,7.105
CC(C)(O)[C@H]1CC[C@H](Nc2nccc(-n3ccc4c(OCCCS(C)(=O)=O)cccc43)n2)CC1,7.57
CC(C)(O)[C@H]1CC[C@H](Nc2nccc(-n3ncc4c(OCCCS(C)(=O)=O)cccc43)n2)CC1,7.68
CC(C)(O)c1cccn2c(-c3ccnc(N[C@H]4CC[C@H](C(=O)N5CCC(O)CC5)CC4)n3)cnc12,6.43
CC(C)(O)c1cccn2c(-c3ccnc(N[C@H]4CC[C@H](CS(C)(=O)=O)CC4)n3)cnc12,6.53
CC(C)(O)c1cccn2c(-c3ccnc(N[C@H]4CC[C@H](NS(C)(=O)=O)CC4)n3)cnc12,6.91
CC(C)C(=O)N1CCC(Nc2ncc3ccc(=O)n(C(C)C)c3n2)CC1,6.8
CC(C)C(=O)N[C@H]1CC[C@@H](Nc2ncc3ccc(=O)n(C(C)C)c3n2)CC1,6.84
CC(C)C(=O)N[C@H]1CC[C@H](Nc2ncc3ccc(=O)n(C(C)C)c3n2)CC1,7.54
CC(C)NC(=O)N[C@H]1CC[C@H](Nc2ncc3ccc(=O)[nH]c3n2)CC1,5.46
CC(C)NC(=O)N[C@H]1CC[C@H](Nc2ncc3ccc(=O)n(C(C)C)c3n2)CC1,7.18
CC(C)NC(=O)N[C@H]1CC[C@H](Nc2ncc3ccc(=O)n(C)c3n2)CC1,6.33
CC(C)NC(=O)N[C@H]1CC[C@H](Nc2ncc3ccc(=O)n(C4CCCC4)c3n2)CC1,7.92
CC(C)NC(=O)N[C@H]1CC[C@H](Nc2ncc3ccc(=O)n(C4CCOCC4)c3n2)CC1,6.36
CC(C)NC(=O)c1cccc(-n2cc(NC(=O)Nc3cccc4ccccc34)cn2)c1,6.54
CC(C)Nc1nc(N[C@H]2CC[C@H](O)CC2)ncc1C(N)=O,7.1
CC(C)Nc1ncc2nc(Nc3ccccc3F)n(C3CCCC3)c2n1,7.18
CC(C)OC(=O)c1sccc1NC(=O)Cc1ccccc1,4.32
CC(C)Oc1nc(C(=O)NCc2ccc(S(C)(=O)=O)cc2)cc(N)c1Cl,7.17
CC(C)c1n[nH]c(-c2c(Cl)csc2NC(=O)CN2C(=O)CCc3ncccc32)n1,5.3
CC(C)n1c(=O)ccc2cnc(NC3CCOCC3)nc21,6.62
CC(C)n1c(=O)ccc2cnc(N[C@H]3CC[C@H](NC(=O)NC4CCCC4)CC3)nc21,7.19
CC(C)n1c(=O)ccc2cnc(N[C@H]3CC[C@H](O)CC3)nc21,7.75
CC(C)n1cc(NC(=O)c2cccc(-n3cc(NC(=O)Nc4ccccc4Cl)cn3)c2)cn1,6.8
CC1CCN(C(=O)N2CCC(Nc3ncc(Cl)c(-c4c[nH]c5ccccc45)n3)CC2)CC1,7.85
CC1CCN(NC(=O)N2CCC(Nc3ncc(Cl)c(-c4c[nH]c5ccccc45)n3)CC2)CC1,7.21
CCC(=O)Nc1ccc(C(=O)Nc2cccc(-n3cc(NC(=O)Nc4cccc5ccccc45)cn3)c2)cc1,5.15
CCC(=O)Nc1cccc(C(=O)Nc2cccc(-n3cc(NC(=O)Nc4cccc5ccccc45)cn3)c2)c1,5.42
CCC(C)Nc1nnc(Sc2ncc([N+](=O)[O-])s2)s1,6.85
CCC(CC)NC(=O)c1cccc(-n2cc(NC(=O)Nc3cccc4ccccc34)cn2)c1,5.95
CCCCC(=O)Nc1cc(N)c(C#N)c(OCC)n1,6.16
CCCCNC(=O)C1CCN(CC(=O)Nc2cc(N)c(C#N)c(OCC)n2)CC1,6.75
CCCCOc1nc(NC(C)=O)cc(N)c1C#N,5.33
CCCN(CCO)CC(=O)Nc1cc(N)c(C#N)c(OCC)n1,6.13
CCCNc1nnc(Sc2ncc([N+](=O)[O-])s2)s1,6.54
CCCOc1cccc2c1cnn2-c1ccnc(N[C@H]2CC[C@H](O)CC2)n1,7.1
CCN(CC)C(=O)[C@H]1CC[C@H](Nc2nccc(-n3ccc4c(OCCCS(C)(=O)=O)cccc43)n2)CC1,7.24
CCN1CCC(n2nc(-c3ccnc(NC4CCOCC4)c3)n(-c3ccc4ccccc4c3)c2=O)CC1,5.7
CCNC(=O)N1CC(Nc2ncc(Cl)c(-c3c[nH]c4ccccc34)n2)C1,5.81
CCNC(=O)N1CCC(Nc2ncc(C#N)c(-c3c[nH]c4cc(F)ccc34)n2)CC1,7.17
CCNC(=O)N1CCC(Nc2ncc(C)c(-c3c[nH]c4ccccc34)n2)CC1,6.6
CCNC(=O)N1CCC(Nc2ncc(Cl)c(-c3c[nH]c4ccccc34)n2)C1,6.75
CCNC(=O)N1CCC(Nc2ncc(Cl)c(-c3c[nH]c4ccccc34)n2)CC1,7.6
CCNC(=O)N1CCC(Nc2ncc(Cl)c(-c3cnc4ccccn34)n2)CC1,7.26
CCNC(=O)N1CCC(Nc2ncc(Cl)c(-n3ccc4ccccc43)n2)CC1,6.15
CCNC(=O)N1CCC(Nc2ncc3ccc(=O)n(C(C)C)c3n2)CC1,6.94
CCNC(=O)N1CCC(Nc2nccc(-c3c(-c4ccccc4)[nH]c4ccccc34)n2)CC1,8.3
CCNC(=O)N1CCC(Nc2nccc(-c3c(C(C)C)[nH]c4ccccc34)n2)CC1,6.16
CCNC(=O)N1CCC(Nc2nccc(-c3c[nH]c4ccccc34)n2)CC1,6.61
CCNC(=O)N1CCC(Nc2nccc(-c3cnc4ccccn34)n2)CC1,6.55
CCNC(=O)N1CCC(Nc2nccc(-n3ccc4ccccc43)n2)CC1,6.29
CCNC(=O)N1CCC[C@@H](Nc2ncc(Cl)c(-c3c[nH]c4ccccc34)n2)C1,7.06
CCNC(=O)N1CCC[C@H](Nc2ncc(Cl)c(-c3c[nH]c4ccccc34)n2)C1,7.82
CCNC(=O)N[C@H]1CC[C@@H](Nc2ncc3ccc(=O)n(C(C)C)c3n2)CC1,7.21
CCNC(=O)N[C@H]1CC[C@H](Nc2ncc3ccc(=O)n(C(C)C)c3n2)CC1,7.58
CCNC(=O)c1ccc(Cc2c(C(=O)OC)n(-c3ccccc3)c3cc(Cl)ccc3c2=O)cc1,7.03
CCNC(=O)c1ccc(Cc2c(C(=O)OC)n(-c3ccccc3)c3nc(C)ccc3c2=O)cc1,7.06
CCNC(=O)c1cccc(-n2cc(NC(=O)Nc3cccc4ccccc34)cn2)c1,6.86
CCNc1ncc2nc(Nc3ccccc3F)n(C3CCCC3)c2n1,6.85
CCNc1nnc(Sc2ncc([N+](=O)[O-])s2)s1,5.0
CCOC(=O)C1Cc2nc(-c3ccc(Cl)c(Cl)c3)n(-c3ccnc(N[C@@H]4CCCN(C(=O)C5CC5)C4)n3)c2C1,8.07
CCOC(=O)C1Cc2nc(-c3ccc(Cl)c(Cl)c3)n(-c3ccnc(N[C@H]4CCCN(C(=O)C5CC5)C4)n3)c2C1,7.83
CCOC(=O)C1Cc2nc(-c3ccc4ccccc4c3)n(-c3ccnc(N[C@@H]4CCCN(C(=O)C5CC5)C4)n3)c2C1,7.92
CCOC(=O)C1Cc2nc(-c3ccc4ccccc4c3)n(-c3ccnc(N[C@H]4CCCN(C(=O)C5CC5)C4)n3)c2C1,7.89
CCOC(=O)N1CCC(Nc2ncc(Cl)c(-c3c[nH]c4ccccc34)n2)CC1,7.31
CCOC(=O)[C@H]1CC[C@H](Nc2nccc(-c3cnc4c(OCc5ccccc5)cccn34)n2)CC1,6.98
CCOC(=O)[C@H]1CC[C@H](Nc2nccc(-n3ccc4c(N5CCC(S(C)(=O)=O)CC5)cccc43)n2)CC1,7.4
CCOC(=O)[C@H]1CC[C@H](Nc2nccc(-n3ncc4c(N5CCC(S(C)(=O)=O)CC5)cccc43)n2)CC1,7.57
CCOC(=O)c1c(C#N)csc1NC(=O)Cc1ccc(OC)cc1,6.03
CCOC(=O)c1c(C2CC2)csc1NC(=O)Cc1ccc(OC)cc1,5.2
CCOC(=O)c1sccc1NC(=O)Cc1ccccc1,4.33
CCOC1CCN(C(=O)[C@H]2CC[C@H](Nc3nccc(-n4ccc5c(N6CCC(S(C)(=O)=O)CC6)cccc54)n3)CC2)C1,7.07
CCOc1nc(C(=O)NC)cc(N)c1C#N,6.21
CCOc1nc(C(=O)NCc2cc(OC)ccc2OC)cc(N)c1C#N,6.92
CCOc1nc(C(=O)NCc2ccc(-c3ccc(C(=O)O)cc3)nc2)cc(N)c1C#N,7.96
CCOc1nc(C(=O)NCc2ccc(S(C)(=O)=O)cc2)cc(N)c1C#N,6.92
CCOc1nc(C(=O)NCc2ccc(S(C)(=O)=O)cc2)cc(N)c1Cl,7.13
CCOc1nc(C(=O)NCc2ccccc2)cc(N)c1C#N,6.72
CCOc1nc(C(=O)NCc2ccccc2S(N)(=O)=O)cc(N)c1C#N,7.28
CCOc1nc(C(=O)NCc2cccnc2)cc(N)c1C#N,7.39
CCOc1nc(NC(=O)C(C)C)cc(N)c1C#N,5.08
CCOc1nc(NC(=O)CC(C)C)cc(N)c1C#N,5.46
CCOc1nc(NC(=O)CN(CC)CC)cc(N)c1C#N,5.2
CCOc1nc(NC(=O)CN2CCC(C(=O)NC(C)C)CC2)cc(N)c1C#N,6.89
CCOc1nc(NC(=O)CN2CCC(O)CC2)cc(N)c1C#N,6.19
CCOc1nc(NC(=O)CN2CCCCC2)cc(N)c1C#N,5.47
CCOc1nc(NC(=O)CN2CCOCC2)cc(N)c1C#N,5.92
CCOc1nc(NC(=O)Cc2cc(OC)c(Br)cc2OC)cc(N)c1C#N,6.8
CCOc1nc(NC(=O)Cc2cc(OC)c(NC(C)=O)cc2OC)cc(N)c1C#N,7.58
CCOc1nc(NC(=O)Cc2cc(OC)c(S(C)(=O)=O)cc2OC)cc(N)c1C#N,6.82
CCOc1nc(NC(=O)Cc2cc(OC)c(S(C)(=O)=O)cc2OC)cc(N)c1Cl,7.16
CCOc1nc(NC(=O)Cc2cc(OC)c([N+](=O)[O-])cc2OC)cc(N)c1C#N,7.0
CCOc1nc(NC(=O)Cc2cc(OC)ccc2OC)cc(N)c1C#N,6.8
CCOc1nc(NC(=O)Cc2ccc(C)cc2)cc(N)c1C#N,6.44
CCOc1nc(NC(=O)Cc2ccc(Cl)cc2)cc(N)c1C#N,6.21
CCOc1nc(NC(=O)Cc2ccc(OC)cc2)cc(N)c1C#N,6.56
CCOc1nc(NC(=O)Cc2cccc(C)c2)cc(N)c1C#N,6.1
CCOc1nc(NC(=O)Cc2cccc(Cl)c2)cc(N)c1C#N,6.05
CCOc1nc(NC(=O)Cc2cccc(OC)c2)cc(N)c1C#N,6.51
CCOc1nc(NC(=O)Cc2ccccc2)cc(N)c1C#N,6.11
CCOc1nc(NC(=O)Cc2ccccc2C)cc(N)c1C#N,6.13
CCOc1nc(NC(=O)Cc2ccccc2Cl)cc(N)c1C#N,5.31
CCOc1nc(NC(=O)Cc2ccccc2OC)cc(N)c1C#N,6.58
CCOc1nc(NC(C)=O)cc(N)c1C#N,5.96
CCc1csc(NC(=O)Cc2ccc(OC)cc2)c1C(=O)OC,4.65
CCc1n[nH]c(-c2c(Cl)csc2NC(=O)CN2C(=O)CCc3ncccc32)n1,5.3
CCc1n[nH]c(-c2sccc2NC(=O)Cc2ccc(OC)cc2)n1,5.3
CCn1c(Nc2ccccc2F)nc2cnc(Nc3ccc(OC)cc3)nc21,6.37
CN(C)C(=O)N1CCC(Nc2ncc(Cl)c(-c3c[nH]c4ccccc34)n2)CC1,7.43
CN(C)C(=O)c1ccc(Nc2cc(Nc3ccccc3C(N)=O)ccn2)cc1,5.85
CN(C)C(=O)c1cccc(-n2cc(NC(=O)Nc3cccc4ccccc34)cn2)c1,5.26
CN(C)C/C=C/C(=O)Nc1ccc(C(=O)N2CCCC[C@@H](Nc3nccc(-c4c(-c5ccccc5)nn5ccccc45)n3)C2)cc1,7.77
CN(C)C/C=C/C(=O)Nc1ccc(C(=O)N2CCCC[C@H](Nc3nccc(-c4c(-c5ccccc5)nn5ccccc45)n3)C2)cc1,7.55
CN(C)C/C=C/C(=O)Nc1ccc(C(=O)N2CCC[C@@H](Nc3nccc(-c4c(-c5ccccc5)nn5ccccc45)n3)C2)cc1,7.77
CN(C)C/C=C/C(=O)Nc1ccc(C(=O)N2CCC[C@H](Nc3nccc(-c4c(-c5ccccc5)nn5ccccc45)n3)C2)cc1,8.3
CN(C)C/C=C/C(=O)Nc1ccc(C(=O)N2CC[C@@H](Nc3nccc(-c4c(-c5ccccc5)nn5ccccc45)n3)C2)cc1,8.7
CN(C)C/C=C/C(=O)Nc1ccc(C(=O)N2CC[C@H](Nc3ncc(Cl)c(-c4c(-c5ccccc5)nn5ccccc45)n3)C2)cc1,6.32
CN(C)C/C=C/C(=O)Nc1ccc(C(=O)N2CC[C@H](Nc3nccc(-c4c(-c5ccc(Cl)cc5)nn5ccccc45)n3)C2)cc1,8.15
CN(C)C/C=C/C(=O)Nc1ccc(C(=O)N2CC[C@H](Nc3nccc(-c4c(-c5ccc(F)cc5)nn5ccccc45)n3)C2)cc1,8.4
CN(C)C/C=C/C(=O)Nc1ccc(C(=O)N2CC[C@H](Nc3nccc(-c4c(-c5cccc(Cl)c5)nn5ccccc45)n3)C2)cc1,8.4
CN(C)C/C=C/C(=O)Nc1ccc(C(=O)N2CC[C@H](Nc3nccc(-c4c(-c5ccccc5)nn5ccccc45)n3)C2)cc1,8.3
CN(C)C/C=C/C(=O)Nc1ccc(C(=O)NC2CCCC(Nc3nccc(-c4c(-c5ccccc5)nn5ccccc45)n3)C2)cc1,7.36
CN(C)C/C=C/C(=O)Nc1ccc(C(=O)Nc2cccc(Nc3nccc(-c4c(-c5ccccc5)nn5ccccc45)n3)c2)cc1,8.08
CN(C)C/C=C/C(=O)Nc1cccc(C(=O)Nc2ccc(Nc3nccc(-c4c(-c5ccccc5)nn5ccccc45)n3)cc2)c1,9.3
CN(C)CC(=O)N1CCC(Nc2ncc(Cl)c(-c3c[nH]c4ccccc34)n2)CC1,7.35
CN(C)CCN(C(=O)Cn1c(=O)ccc2cc(C(F)(F)F)ccc21)c1scc(Cl)c1-c1nc[nH]n1,5.3
CN(C)CCn1cc(NC(=O)c2cccc(-n3cc(NC(=O)Nc4ccccc4Cl)cn3)c2)cn1,7.18
CN(C)S(=O)(=O)N[C@H]1CC[C@H](Nc2nccc(-c3cnc4c(C(C)(C)O)cccn34)n2)CC1,6.91
CN(C)S(=O)(=O)N[C@H]1CC[C@H](Nc2nccc(-n3nnc4ccccc43)n2)CC1,7.12
CN(C)c1ccc(-c2cnc3[nH]cc(-c4cn[nH]c4)c3c2)cc1,7.23
CN1CCC(NC(=O)c2cc(-n3cc(NC(=O)Nc4ccccc4Cl)cn3)cs2)CC1,5.56
CN1CCN(C(=O)N2CCC(Nc3ncc(Cl)c(-c4c[nH]c5ccccc45)n3)CC2)CC1,7.58
CN1CCN(CCCn2cnc(-c3c(Cl)csc3NC(=O)Cn3c(=O)ccc4cc(C(F)(F)F)ccc43)n2)CC1,5.3
CN1CC[C@H](NC(=O)c2cc(-n3cc(NC(=O)Nc4ccccc4Cl)cn3)cs2)C1,5.82
CNC(=O)C1Cc2nc(-c3ccc(Cl)c(Cl)c3)n(-c3ccnc(N[C@H]4CCCN(C(=O)C5CC5)C4)n3)c2C1,7.81
CNC(=O)C1Cc2nc(-c3ccc4ccccc4c3)n(-c3ccnc(N[C@@H]4CCCN(C(=O)C5CC5)C4)n3)c2C1,7.79
CNC(=O)C1Cc2nc(-c3ccc4ccccc4c3)n(-c3ccnc(N[C@H]4CCCN(C(=O)C5CC5)C4)n3)c2C1,8.12
CNC(=O)CN1CCC(Nc2ncc(Cl)c(-c3c[nH]c4ccccc34)n2)CC1,7.66
CNC(=O)CN1CCC[C@@H](Nc2ncc(Cl)c(-c3c[nH]c4ccccc34)n2)C1,7.51
CNC(=O)CN1CCC[C@H](Nc2ncc(Cl)c(-c3c[nH]c4ccccc34)n2)C1,6.57
CNC(=O)c1cc(-n2ncc3cc(Nc4c(F)cccc4Cl)c(C)nc32)cs1,6.85
CNC(=O)c1cc(-n2ncc3cc(Nc4c(F)cccc4Cl)c(F)cc32)cs1,7.54
CNC(=O)c1cc(-n2ncc3cc(Nc4c(F)cccc4Cl)cnc32)cs1,7.28
CNC(=O)c1cc(-n2ncc3cc(Nc4c(F)cccc4Cl)ncc32)cs1,7.13
CNC(=O)c1cc(-n2ncc3cc(Nc4ccccc4Cl)c(F)cc32)cs1,7.03
CNC(=O)c1cc(-n2ncc3cc(Nc4ccccc4Cl)cnc32)cs1,6.38
CNC(=O)c1cc(-n2ncc3cc(Oc4ccccc4Cl)ccc32)cs1,5.99
CNC(=O)c1ccc(-n2cc(NC(=O)Nc3cccc4ccccc34)cn2)cc1,5.82
CNC(=O)c1cccc(-n2cc(NC(=O)Nc3cccc4ccccc34)cn2)c1,6.99
CNC(=O)c1cccc(-n2cc(NC(=O)Nc3cccc4ccccc34)cn2)n1,6.4
CNC(=O)c1ccccc1Nc1cc(Nc2cc(OC)c(OC)c(OC)c2)ncc1C(F)(F)F,5.48
CNC(=O)c1ccccc1Nc1cc(Nc2ccc(-n3ccnn3)cc2)ncc1C(F)(F)F,6.22
CNC(=O)c1ccccc1Nc1cc(Nc2ccc(-n3nc(C)nc3C)cc2)ncc1C(F)(F)F,5.98
CNC(=O)c1ccccc1Nc1cc(Nc2ccc(C(=O)N(C)C)cc2)ncc1C(F)(F)F,5.85
CNC(=O)c1ccccc1Nc1cc(Nc2ccc(N3CCOCC3)c(C)c2)ncc1C(F)(F)F,6.07
CNC(=O)c1ccccc1Nc1cc(Nc2ccc(N3CCOCC3)cc2)ncc1C(F)(F)F,7.05
CNC(=O)c1ccccc1Nc1cc(Nc2ccc(N3CCOCC3)cc2F)ncc1C(F)(F)F,5.68
CNC(=O)c1ccccc1Nc1cc(Nc2ccc(N3CCOCC3)cc2OC)ncc1Br,7.09
CNC(=O)c1ccccc1Nc1cc(Nc2ccc(N3CCOCC3)cc2OC)ncc1C(F)(F)F,6.92
CNC(=O)c1ccccc1Nc1cc(Nc2ccc(N3CCOCC3)cc2OC)ncc1Cl,7.3
CNC(=O)c1ccccc1Nc1cc(Nc2ccc(N3CCOCC3)cc2OC)ncc1F,6.23
CNC(=O)c1ccccc1Nc1cc(Nc2ccc3c(c2)OCO3)ncc1C(F)(F)F,6.09
CNC(=O)c1ccccc1Nc1cc(Nc2ccc3ccccc3c2)ncc1C(F)(F)F,5.84
CNC(=O)c1ccccc1Nc1nc(Nc2ccc(N3CCOCC3)cc2OC)ncc1Cl,7.38
CNC(=O)c1ccnc(-n2cc(NC(=O)Nc3cccc4ccccc34)cn2)c1,6.27
CNCC(=O)N1CCC(Nc2ncc(Cl)c(-c3c[nH]c4ccccc34)n2)CC1,7.07
CNS(=O)(=O)c1ccc(Cc2c(C(=O)OC)n(-c3ccccc3)c3cc(Cl)ccc3c2=O)cc1,6.77
CN[C@@H]1C[C@H]2O[C@@](C)([C@@H]1OC)n1c3ccccc3c3c4c(c5c6ccccc6n2c5c31)C(=O)NC4,6.3
CNc1ncc2nc(Nc3ccccc3F)n(C3CCCC3)c2n1,6.44
CNc1nccc(-c2[nH]c(-c3ccccc3)nc2-c2ccccc2)n1,6.76
CNc1nccc(C(C#N)c2nc3ccccc3s2)n1,5.64
COC(=O)N1CCC(n2nc(-c3ccnc(NC4CCOCC4)c3)n(-c3ccc4ccccc4c3)c2=O)CC1,7.24
COC(=O)c1c(-c2ccccc2)c2cc(Br)ccc2c(=O)n1Cc1ccc(S(C)(=O)=O)cc1,7.14
COC(=O)c1c(C)csc1NC(=O)CN1C(=O)CCc2ccccc21,6.15
COC(=O)c1c(C)csc1NC(=O)Cc1ccc(-c2ccncc2)cc1,5.74
COC(=O)c1c(C)csc1NC(=O)Cc1ccc(OC)cc1,5.5
COC(=O)c1c(C)csc1NC(=O)Cc1ccc(OCCCN2CCCC2)cc1,5.59
COC(=O)c1c(C)csc1NC(=O)Cc1ccc(OCCCN2CCCCC2)cc1,6.21
COC(=O)c1c(C)csc1NC(=O)Cc1ccc(OCCCn2ccnc2)cc1,5.34
COC(=O)c1c(C)csc1NC(=O)Cc1cccc2cc[nH]c12,5.38
COC(=O)c1c(C)csc1NC(=O)Cc1cccc2cnccc12,6.06
COC(=O)c1c(C)csc1NC(=O)Cc1cccc2ncccc12,6.39
COC(=O)c1c(C)csc1NC(=O)Cc1cccc2nccnc12,6.12
COC(=O)c1c(CN2CCC(S(C)(=O)=O)CC2)c(=O)c2ccc(C(F)(F)F)nc2n1-c1ccccc1,6.54
COC(=O)c1c(CN2CCC(S(C)(=O)=O)CC2)c(=O)c2ccc(C)nc2n1-c1ccccc1,6.72
COC(=O)c1c(CN2CCC(S(C)(=O)=O)CC2)c(=O)c2ccc(F)cc2n1-c1ccccc1,6.85
COC(=O)c1c(CN2CCN(S(C)(=O)=O)CC2)c(=O)c2ccc(F)cc2n1-c1ccccc1,6.29
COC(=O)c1c(CN2CCOCC2)c(=O)c2ccc(F)cc2n1-c1ccccc1,6.05
COC(=O)c1c(CN2CC[C@@H](S(C)(=O)=O)C2)c(=O)c2ccc(F)cc2n1-c1ccccc1,5.88
COC(=O)c1c(CN2CC[C@H](S(C)(=O)=O)C2)c(=O)c2ccc(F)cc2n1-c1ccccc1,6.27
COC(=O)c1c(Cc2ccc(C(=O)NCCO)cc2)c(=O)c2ccc(C(F)(F)F)nc2n1-c1ccccc1,6.75
COC(=O)c1c(Cc2ccc(C(=O)NCCO)cc2)c(=O)c2ccc(C)nc2n1-c1ccccc1,7.19
COC(=O)c1c(Cc2ccc(C(=O)NCCO)cc2)c(=O)c2ccc(Cl)cc2n1-c1ccccc1,6.77
COC(=O)c1c(Cc2ccc(S(=O)(=O)CCO)cc2)c(=O)c2ccc(F)cc2n1-c1ccccc1,6.66
COC(=O)c1c(Cc2ccc(S(=O)(=O)N3CCC(O)CC3)cc2)c(=O)c2ccc(F)cc2n1-c1ccccc1,6.7
COC(=O)c1c(Cc2ccc(S(=O)(=O)N3CCNCC3)cc2)c(=O)c2ccc(C)nc2n1-c1ccccc1,7.55
COC(=O)c1c(Cc2ccc(S(=O)(=O)N3CCNCC3)cc2)c(=O)c2ccc(Cl)cc2n1-c1ccccc1,7.3
COC(=O)c1c(Cc2ccc(S(=O)(=O)N3CCNCC3)cc2)c(=O)c2ccc(F)cc2n1-c1ccccc1,7.16
COC(=O)c1c(Cc2ccc(S(C)(=O)=O)cc2)c(=O)c2ccc(C(F)(F)F)nc2n1-c1ccccc1,6.66
COC(=O)c1c(Cc2ccc(S(C)(=O)=O)cc2)c(=O)c2ccc(C)nc2n1-c1cccc(N)c1,7.5
COC(=O)c1c(Cc2ccccc2)c(=O)c2ccc(Cl)cc2n1-c1ccccc1,6.02
COC(=O)c1ccccc1NC(=O)Cc1cccc2ccccc12,4.88
COC(=O)c1cnccc1NC(=O)Cc1cccc2ccccc12,4.63
COC(=O)c1cscc1NC(=O)Cc1cccc2ccccc12,5.0
COC(=O)c1n[nH]cc1NC(=O)Cc1cccc2ccccc12,4.57
COC(=O)c1ncsc1NC(=O)Cc1cccc2cnccc12,5.28
COC(=O)c1sccc1NC(=O)Cc1ccc(OC)cc1,4.85
COC(=O)c1sccc1NC(=O)Cc1cccc2ccccc12,4.84
COC(=O)c1sccc1NC(=O)Cc1cccc2cnccc12,5.51
COC(=O)c1sccc1NC(=O)Cc1cccc2ncccc12,5.52
COC(=O)c1sccc1NC(=O)Cc1ccccc1,4.64
COC(=O)c1sccc1NC(=O)Cc1ccccc1-c1c[nH]nn1,4.46
COC(=O)c1sccc1NC(=O)Cc1cccs1,4.654999999999999
COC1CCN(C(=O)[C@H]2CC[C@H](Nc3nccc(-n4ccc5c(OCCCS(C)(=O)=O)cccc54)n3)CC2)CC1,7.55
COCCNc1nnc(Sc2ncc([N+](=O)[O-])s2)s1,6.8
COCCOc1cncc(-c2cc3c(ccc4c5c([nH]c43)CCCNC5=O)cn2)c1,5.57
COCCOc1cncc(-c2cc3c(ccc4c5c([nH]c43)CCNC5=O)cn2)c1,6.19
COCCOc1cncc(-c2cc3c(ccc4c5c([nH]c43)CNC5=O)cn2)c1,7.42
COCCOc1nc(NC(=O)Cc2cc(OC)ccc2OC)cc(N)c1C#N,6.57
CO[C@H]1CC[C@H](Nc2ncc(C(N)=O)c(NC(C)C)n2)CC1,6.95
CO[C@H]1CC[C@H](Nc2ncc(C(N)=O)c(N[C@@H]3CCCOC3)n2)CC1,8.3
CO[C@H]1CC[C@H](Nc2ncc(C(N)=O)c(N[C@@H]3CCC[C@@H](O)C3)n2)CC1,8.22
CO[C@H]1CC[C@H](Nc2ncc(C(N)=O)c(N[C@@H]3CCC[C@H](O)C3)n2)CC1,8.3
CO[C@H]1CC[C@H](Nc2ncc(C(N)=O)c(N[C@H]3CCC[C@@H](O)C3)n2)CC1,6.96
CO[C@H]1CC[C@H](Nc2ncc(C(N)=O)c(N[C@H]3CCC[C@H](O)C3)n2)CC1,6.94
COc1cc(N2CCOCC2)ccc1Nc1ncc(Cl)c(Nc2ccccc2C(N)=O)n1,8.52
COc1cc(Nc2cc(Nc3ccccc3C(N)=O)ccn2)cc(OC)c1OC,5.48
COc1cc(Nc2ncc(Cl)c(Nc3ccccc3C(N)=O)n2)ccc1N1CCOCC1,9.17
COc1cc(S(C)(=O)=O)c(OC)cc1CC(=O)Nc1cc(N)c(C#N)c(OC(C)C)n1,7.19
COc1ccc(-c2cc3c(ccc4c5c([nH]c43)CCC5=O)cn2)cc1F,5.66
COc1ccc(-c2cc3c(ccc4c5c([nH]c43)CCNC5=O)cn2)cc1F,5.85
COc1ccc(-c2cc3c(ccc4c5c([nH]c43)CN(C)NC5=O)cn2)cc1,6.26
COc1ccc(-c2nnc3sc4c5ccccc5ccc4n23)cc1,4.529999999999999
COc1ccc(/N=N/c2c(=N)[nH]n3cc4c(nc23)CCC4)cc1,4.96
COc1ccc(CC(=O)Nc2ccsc2-c2cnccn2)cc1,5.27
COc1ccc(CC(=O)Nc2ccsc2-c2n[nH]c(C(F)(F)F)n2)cc1,4.82
COc1ccc(CC(=O)Nc2ccsc2-c2n[nH]c(N)n2)cc1,5.18
COc1ccc(CC(=O)Nc2ccsc2-c2nc(C)n[nH]2)cc1,5.3
COc1ccc(CC(=O)Nc2ccsc2-c2nc(C3CC3)n[nH]2)cc1,5.3
COc1ccc(CC(=O)Nc2ccsc2-c2nc(C3CCCO3)n[nH]2)cc1,5.3
COc1ccc(CC(=O)Nc2ccsc2-c2ncco2)cc1,4.92
COc1ccc(CC(=O)Nc2ccsc2-c2ncn[nH]2)cc1,5.3
COc1ccc(CC(=O)Nc2ccsc2-n2nccn2)cc1,5.3
COc1ccc(CC(=O)Nc2scc(C)c2-c2nc(C)n[nH]2)cc1,5.6899999999999995
COc1ccc(CC(=O)Nc2sccc2-c2noc(C)n2)cc1,5.3
COc1ccc(CCNc2nnc(Sc3ncc([N+](=O)[O-])s3)s2)cc1OC,7.0
COc1ccc(CNc2nccc(-c3[nH]c(-c4ccccc4)nc3-c3ccccc3)n2)cc1,7.01
COc1ccc(CNc2nnc(Sc3ncc([N+](=O)[O-])s3)s2)cc1,7.0
COc1ccc(Nc2ncc(C(N)=O)c(Nc3ccccc3)n2)cc1OC,7.58
COc1ccc(Nc2ncc(Cl)c(Nc3ccccc3C(N)=O)n2)cc1,9.0
COc1ccc(Nc2ncc3nc(Nc4c(F)cccc4F)n(C4CCCC4)c3n2)cc1,7.34
COc1ccc(Nc2ncc3nc(Nc4ccc(F)cc4F)n(C4CCCC4)c3n2)cc1,6.89
COc1ccc(Nc2ncc3nc(Nc4ccccc4)n(C4CCCC4)c3n2)cc1,6.1
COc1ccc(Nc2ncc3nc(Nc4ccccc4F)n(-c4ccccc4)c3n2)cc1,6.0
COc1ccc(Nc2ncc3nc(Nc4ccccc4F)n(C(C)C)c3n2)cc1,7.08
COc1ccc(Nc2ncc3nc(Nc4ccccc4F)n(C4CCCC4)c3n2)cc1,6.92
COc1ccc(Nc2ncc3nc(Nc4ccccc4F)n(C4CCCCC4)c3n2)cc1,6.85
COc1ccc(Nc2ncc3nc(Nc4ccccc4F)n(C4CCOCC4)c3n2)cc1,7.28
COc1ccc(Nc2ncc3nc(Nc4ccccc4F)n([C@H]4CC[C@@H](C(N)=O)CC4)c3n2)cc1,7.66
COc1ccc(Nc2ncc3nc(Nc4ccccc4F)n([C@H]4CC[C@@H](O)CC4)c3n2)cc1,7.85
COc1ccc(Nc2ncc3nc(Nc4ccccc4F)n([C@H]4CC[C@H](N)CC4)c3n2)cc1,6.62
COc1ccc(OC)c(CC(=O)Nc2cc(N)c(C#N)c(OCCO)n2)c1,6.62
COc1ccc(OC)c(CC(=O)Nc2cc(N)c(C#N)c(OCCS(C)(=O)=O)n2)c1,6.13
COc1ccc(OC)c(CC(=O)Nc2cc(N)c(C#N)cn2)c1,5.29
COc1ccc(Oc2nccc(C(C#N)c3nc4ccccc4s3)n2)cc1,6.52
COc1cccc(C2c3cc4c(cc3OC(NCCO)C2C)OCO4)c1OC,5.66
COc1cccc2c1cnn2-c1ccnc(N[C@H]2CC[C@H](O)CC2)n1,6.75
COc1nc(NC(C)=O)cc(N)c1C#N,5.35
COc1nccc(C(C#N)c2nc3ccccc3s2)n1,6.35
CS(=O)(=O)C1CCN(c2cccc3c2ccn3-c2ccnc(N[C@H]3CC[C@@](C)(O)CC3)n2)CC1,7.18
CS(=O)(=O)C1CCN(c2cccc3c2ccn3-c2ccnc(N[C@H]3CC[C@H](C(=O)N4CCC(O)CC4)CC3)n2)CC1,7.48
CS(=O)(=O)C1CCN(c2cccc3c2ccn3-c2ccnc(N[C@H]3CC[C@H](C(=O)N4CCn5cnnc5C4)CC3)n2)CC1,7.92
CS(=O)(=O)C1CCN(c2cccc3c2ccn3-c2ccnc(N[C@H]3CC[C@H](O)CC3)n2)CC1,7.7
CS(=O)(=O)C1CCN(c2cccc3c2cnn3-c2ccnc(N[C@H]3CC[C@H](O)CC3)n2)CC1,7.77
CS(=O)(=O)CCCOc1cccc2c1ccn2-c1ccnc(N[C@H]2CC[C@H](C(=O)N3CCC(F)(F)CC3)CC2)n1,7.29
CS(=O)(=O)CCCOc1cccc2c1ccn2-c1ccnc(N[C@H]2CC[C@H](C(=O)N3CCC(O)CC3)CC2)n1,7.18
CS(=O)(=O)CCCOc1cccc2c1ccn2-c1ccnc(N[C@H]2CC[C@H](C(=O)N3CC[C@@H](F)C3)CC2)n1,7.19
CS(=O)(=O)CCCOc1cccc2c1ccn2-c1ccnc(N[C@H]2CC[C@H](C(=O)N3CC[C@@H](O)C3)CC2)n1,7.33
CS(=O)(=O)CCCOc1cccc2c1cnn2-c1ccnc(N[C@H]2CC[C@H](O)CC2)n1,7.62
CS(=O)(=O)CCCOc1cccn2c(-c3ccnc(N[C@H]4CC[C@H](C(=O)N5CCC(O)CC5)CC4)n3)cnc12,7.3
CS(=O)(=O)CCOc1cccc2c1cnn2-c1ccnc(N[C@H]2CC[C@H](O)CC2)n1,6.82
CS(=O)(=O)NCCCOc1cccc2c1cnn2-c1ccnc(N[C@H]2CC[C@H](O)CC2)n1,6.61
CS(=O)(=O)N[C@H]1CC[C@H](Nc2nccc(-c3cnc4c(OCc5ccccc5)cccn34)n2)CC1,7.28
CS(=O)(=O)N[C@H]1CC[C@H](Nc2nccc(-c3cnc4ccccn34)n2)CC1,6.67
CS(=O)(=O)N[C@H]1CC[C@H](Nc2nccc(-n3ccc4c(N5CCC(S(C)(=O)=O)C5)cccc43)n2)CC1,6.55
CS(=O)(=O)N[C@H]1CC[C@H](Nc2nccc(-n3ccc4c(N5CCC(S(C)(=O)=O)CC5)cccc43)n2)CC1,7.62
CS(=O)(=O)N[C@H]1CC[C@H](Nc2nccc(-n3ccc4c(N5CCCCC5)cccc43)n2)CC1,6.19
CS(=O)(=O)N[C@H]1CC[C@H](Nc2nccc(-n3ccc4c(N5CCN(C(=O)CC#N)CC5)cccc43)n2)CC1,7.44
CS(=O)(=O)N[C@H]1CC[C@H](Nc2nccc(-n3ccc4c(N5CCN(C(=O)CO)CC5)cccc43)n2)CC1,7.17
CS(=O)(=O)N[C@H]1CC[C@H](Nc2nccc(-n3ccc4c(N5CCN(S(C)(=O)=O)CC5)cccc43)n2)CC1,6.75
CS(=O)(=O)N[C@H]1CC[C@H](Nc2nccc(-n3ccc4c(OCC5CCS(=O)(=O)C5)cccc43)n2)CC1,7.46
CS(=O)(=O)N[C@H]1CC[C@H](Nc2nccc(-n3nnc4ccccc43)n2)CC1,7.01
CS(=O)(=O)c1ccc(CNC(=O)c2cc(N)c(C#N)c(Cl)n2)cc1,5.36
CSc1nccc(C(C#N)c2nc3ccccc3s2)n1,6.01
C[C@@H](Nc1nccc(-c2[nH]c(C3CCNCC3)nc2-c2cccc(C(F)(F)F)c2)n1)c1ccccc1,6.53
C[C@@H](Nc1nccc(-c2c(-c3cccc(C(F)(F)F)c3)nc(C3CCNCC3)n2C)n1)c1ccccc1,6.52
C[C@@H]1CC[C@@H](Nc2nc(NC(C)(C)C)ncc2C(N)=O)C[C@H]1O,7.51
C[C@@H]1CC[C@@H](Nc2nc(NC3(C)CC3)ncc2C(N)=O)C[C@H]1O,7.68
C[C@@H]1CN(C(=O)c2ccc(NC(=O)/C=C/CN(C)C)cc2)C[C@@H]1Nc1nccc(-c2c(-c3ccccc3)nn3ccccc23)n1,7.57
C[C@@H]1CN(C(=O)c2ccc(NC(=O)/C=C/CN(C)C)cc2)C[C@H]1Nc1nccc(-c2c(-c3ccccc3)nn3ccccc23)n1,7.82
C[C@@H]1[C@H](C)[C@@H](c2ccc3c(c2)OCO3)O[C@@H]1c1ccc2c(c1)OCO2,5.63
C[C@@H]1[C@H](C)[C@H](c2ccc3c(c2)OCO3)O[C@H]1c1ccc2c(c1)OCO2,5.6
C[C@H]1CN(C(=O)c2ccc(NC(=O)/C=C/CN(C)C)cc2)C[C@@H]1Nc1nccc(-c2c(-c3ccccc3)nn3ccccc23)n1,8.3
C[C@H]1CN(C(=O)c2ccc(NC(=O)/C=C/CN(C)C)cc2)C[C@H]1Nc1nccc(-c2c(-c3ccccc3)nn3ccccc23)n1,7.16
Cc1cc(-c2n[nH]c(=S)n2-c2ccc3ccccc3c2)ccn1,4.82
Cc1cc(-c2sccc2NC(=O)Cc2cccc3ccccc23)n[nH]1,5.82
Cc1cc(C(=O)Nc2cnn(C3CCNCC3)c2)cc(-n2cc(NC(=O)Nc3cccc4ccccc34)cn2)c1.Cl,7.58
Cc1cc(NC(=O)c2cccc(-n3cc(NC(=O)Nc4ccccc4Cl)cn3)c2)cc(C)n1,6.25
Cc1cc(NC(=O)c2cccc(-n3cc(NC(=O)Nc4ccccc4Cl)cn3)c2)ccn1,5.55
Cc1cc(NC(=O)c2cccc(NC(=O)/C=C/CN(C)C)c2)ccc1Nc1nccc(-c2cccnc2)n1,7.73
Cc1cc(Nc2cc(Nc3ccccc3C(N)=O)ccn2)ccc1N1CCOCC1,6.07
Cc1cc(Nc2ncc(Cl)c(Nc3ccccc3C(N)=O)n2)ccc1N1CCOCC1,9.16
Cc1ccc(-c2ncn(-c3ccc(Nc4nccc(-c5cccc(N6CCOCC6)c5)n4)cc3)n2)cn1,6.55
Cc1ccc(-n2cc(NC(=O)Nc3cccc4ccccc34)cn2)cc1C(=O)NC1CC1,7.19
Cc1ccc(-n2cc(NC(=O)Nc3cccc4ccccc34)cn2)cc1C(=O)Nc1cnn(C2CCNCC2)c1.Cl,8.4
Cc1ccc(-n2nc(C(C)(C)C)cc2NC(=O)Nc2ccc(OCCN3CCOCC3)c3ccccc23)cc1,7.195
Cc1ccc(-n2nc(C(C)(C)C)cc2NC(=O)Nc2ccc(OCCN3CCOCC3)cc2)cc1,5.325
Cc1ccc(-n2nc(C(C)(C)C)cc2NC(=O)Nc2cccc(Nc3ncnc4ccc(N)cc34)c2)cc1,5.785
Cc1ccc(/N=N/c2c(=N)[nH]n3cc4c(nc23)CCCC4)cc1,4.77
Cc1ccc(CNC(=O)c2cccc(-n3cc(NC(=O)Nc4ccccc4Cl)cn3)c2)cn1,6.37
Cc1ccc(NC(=O)c2ccc(F)c(-n3cc(NC(=O)Nc4ccccc4Cl)cn3)c2)cn1,6.83
Cc1ccc2c(-c3ccnc(N[C@H]4CCN(C(=O)c5ccc(NC(=O)/C=C/CN(C)C)cc5)C4)n3)c(-c3ccccc3)nn2c1,9.0
Cc1cccc(-n2nc(C(C)(C)C)cc2NC(=O)Nc2ccc(Cl)cc2)c1,6.125
Cc1cccc(-n2nc(C(C)(C)C)cc2NC(=O)Nc2ccc(Nc3ccnc4ccc(N)cc34)cc2)c1,6.71
Cc1cccc(-n2nc(C(C)(C)C)cc2NC(=O)Nc2ccc(Nc3ncnc4ccc(N)cc34)cc2)c1,6.175000000000001
Cc1cccc(-n2nc(C(C)(C)C)cc2NC(=O)Nc2cccc(Nc3ncnc4ccc(N)cc34)c2)c1,6.37
Cc1cccc(NC(=O)Nc2cnn(-c3cccc(C(=O)Nc4cnn(C5CCNCC5)c4)c3)c2)c1C.Cl,7.96
Cc1ccccc1NC(=O)Nc1cnn(-c2cccc(C(=O)Nc3cnn(C4CCNCC4)c3)c2)c1.Cl,7.89
Cc1cccn2nc(-c3ccccc3)c(-c3ccnc(N[C@H]4CCN(C(=O)c5ccc(NC(=O)/C=C/CN(C)C)cc5)C4)n3)c12,6.85
Cc1cn2c(CC(=O)Nc3scc(Br)c3-c3ncn[nH]3)csc2n1,5.3
Cc1cnc(-c2sccc2NC(=O)Cc2cccc3cnccc23)s1,5.3
Cc1csc(-c2sccc2NC(=O)Cc2cccc3cnccc23)n1,5.3
Cc1csc(NC(=O)Cc2ccc(OCCCN3CCCCC3)cc2)c1-c1ncn[nH]1,5.3
Cc1csc(NC(=O)Cc2ccc(OCCn3ccnc3)cc2)c1-c1ncn[nH]1,5.3
Cc1csc(NC(=O)Cc2cccc3nccnc23)c1-c1ncn[nH]1,5.3
Cc1n[nH]c(-c2c(C)csc2NC(=O)CN2C(=O)CCc3ccccc32)n1,7.38
Cc1n[nH]c(-c2c(C)csc2NC(=O)Cc2ccc(-c3ccncc3)cc2)n1,5.595
Cc1n[nH]c(-c2c(C)csc2NC(=O)Cc2ccc(OCCCN3CCCCC3)cc2)n1,5.545
Cc1n[nH]c(-c2sccc2NC(=O)Cc2ccc(N3CCCC3=O)cc2)n1,5.3
Cc1n[nH]c(-c2sccc2NC(=O)Cc2ccc3c(c2)OCCO3)n1,5.3
Cc1nc(-c2sccc2NC(=O)Cc2cccc3ccccc23)n[nH]1,5.46
Cc1nc(C)n(-c2ccc(Nc3cc(Nc4ccccc4C(N)=O)ccn3)cc2)n1,5.98
Cc1nc2c(cnn2-c2csc(C(=O)NC3COC3)c2)cc1Nc1c(F)cccc1Cl,7.13
Cc1nnc(-c2ccncc2)n1-c1ccc2ccccc2c1,4.33
Cc1nnc(-c2sccc2NC(=O)Cc2cccc3ccccc23)o1,4.79
Cc1noc(-c2c(C)csc2NC(=O)Cc2ccc(-c3ccncc3)cc2)n1,5.3
Cc1noc(-c2c(C)csc2NC(=O)Cc2cccc3ccccc23)n1,5.3
Cc1sc(C(=O)NC2COC2)cc1-n1cc(NC(=O)Nc2c(F)cccc2Cl)cn1,6.82
Cc1sc(C(=O)N[C@@H]2CCOC2)cc1-n1cc(NC(=O)Nc2c(F)cccc2Cl)cn1,5.57
Cl.O=C(Nc1ccc(C(F)(F)F)cc1)Nc1cnn(-c2cccc(C(=O)Nc3cnn(C4CCNCC4)c3)c2)c1,4.97
Cl.O=C(Nc1cccc(C(F)(F)F)c1)Nc1cnn(-c2cccc(C(=O)Nc3cnn(C4CCNCC4)c3)c2)c1,6.22
Cl.O=C(Nc1ccccc1)Nc1cnn(-c2cccc(C(=O)Nc3cnn(C4CCNCC4)c3)c2)c1,7.42
Cl.O=C(Nc1cnn(-c2cccc(C(=O)NC3CCNC3)c2)c1)Nc1cccc2ccccc12,7.42
Cl.O=C(Nc1cnn(-c2cccc(C(=O)NC3CCNCC3)c2)c1)Nc1cccc2ccccc12,7.06
Cl.O=C(Nc1cnn(-c2cccc(C(=O)NCC3CCNC3)c2)c1)Nc1cccc2ccccc12,7.06
Cl.O=C(Nc1cnn(-c2cccc(C(=O)Nc3cnn(C4CCNCC4)c3)c2)c1)NC1CCCC1,4.58
Cl.O=C(Nc1cnn(-c2cccc(C(=O)Nc3cnn(C4CCNCC4)c3)c2)c1)Nc1cccc2ccccc12,8.15
Cl.O=C(Nc1cnn(-c2cccc(C(=O)Nc3cnn(C4CCNCC4)c3)c2)c1)Nc1ccccc1C(F)(F)F,6.26
Clc1nnn(-c2ccncc2)c1-c1ccc2ccccc2c1,4.42
Cn1c(NC[C@@H](N)Cc2ccccc2)nc(-c2ccncc2)c(-c2ccc3ccccc3c2)c1=O,6.890000000000001
Cn1cc(-c2c[nH]c3ncc([C@H]4CC[C@H](N5CCCOCC5)CC4)cc23)cn1,6.47
Cn1cc(-c2c[nH]c3ncc([C@H]4CC[C@H](N5CCOCC5)CC4)cc23)cn1,6.91
Cn1cc(-c2ccc3cnc(Nc4ccc(-n5cnc(N6CCOCC6)n5)cc4)nc3c2)cn1,7.05
Cn1cnc(-c2c(Br)csc2NC(=O)CN2C(=O)CCc3ncccc32)n1,7.89
Cn1ncnc1-c1ncsc1NC(=O)Cc1cccc2cnccc12,5.21
FC(F)(F)c1cccc(-c2nc(-c3ccccc3)[nH]c2-c2ccncc2)c1,6.04
Fc1cc(-c2cc[nH]/c(=N/c3ccc(-n4cnc(N5CCOCC5)n4)cc3)n2)cc(N2CCOCC2)c1,7.0
Fc1ccc(-c2[nH]c(C3CCCCC3)nc2-c2ccncc2)cc1,7.54
Fc1ccc(-c2[nH]c(C3CCCNC3)nc2-c2ccncc2)cc1,6.85
Fc1ccc(-c2[nH]c(C3CCNCC3)nc2-c2ccncc2)cc1,6.68
Fc1ccc(-c2nc[nH]c2-c2ccncc2)cc1,6.71
Fc1ccccc1Nc1nc2cnc(NC3CCCCC3)nc2n1C1CCCC1,7.34
Fc1cnccc1-c1n[nH]c(=S)n1-c1ccc2ccccc2c1,4.46
N#CC(c1ccnc(Cl)n1)c1nc2ccccc2s1,6.3
N#CC(c1ccnc(NC2Cc3c[nH]c2n3)n1)c1nc2ccccc2s1,6.68
N#CC(c1ccnc(NCCO)n1)c1nc2ccccc2s1,5.75
N#CC(c1ccnc(OCc2ccccc2)n1)c1nc2ccccc2s1,6.6
N#CCc1cnc(-c2ccc(Cl)c(Cl)c2)n1-c1ccnc(N[C@H]2CCCN(C(=O)C3CC3)C2)n1,7.36
N#CCc1cnc(-c2ccc(Cl)c(Cl)c2)n1-c1ccnc(N[C@H]2CCCN(C(=O)NC3CC3)C2)n1,7.25
N#CCc1cnc(-c2ccc3c(c2)CCO3)n1-c1ccnc(N[C@H]2CCCN(C(=O)C3CC3)C2)n1,7.36
N#CCc1cnc(-c2ccc3ccccc3c2)n1-c1ccnc(N[C@@H]2CCCN(C(=O)C3CC3)C2)n1,7.18
N#CCc1cnc(-c2ccc3ccccc3c2)n1-c1ccnc(N[C@H]2CCCCN(C(=O)C3CC3)C2)n1,6.62
N#CCc1cnc(-c2ccc3ccccc3c2)n1-c1ccnc(N[C@H]2CCCN(C(=O)C3CC3)C2)n1,6.84
N#CCc1cnc(-c2ccc3ccccc3c2)n1-c1ccnc(Nc2cccc(C(=O)C3CC3)c2)n1,6.54
N#CCc1cnc(-c2ccc3occc3c2)n1-c1ccnc(N[C@H]2CCCN(C(=O)C3CC3)C2)n1,6.57
N#Cc1ccc(Nc2ncc(Cl)c(Nc3ccccc3C(N)=O)n2)cc1,9.15
N#Cc1ccc2c(ccc(=O)n2CC(=O)Nc2scc(Br)c2-c2ncn[nH]2)c1,8.0
N#Cc1ccc2ccc(=O)n(CC(=O)Nc3scc(Br)c3-c3ncn[nH]3)c2c1,8.0
N#Cc1csc(NC(=O)CN2C(=O)CCc3ccccc32)c1-c1ncn[nH]1,8.1
N#Cc1csc(NC(=O)CN2C(=O)CCc3ncccc32)c1-c1nc2ccccc2s1,5.3
N#Cc1csc(NC(=O)CN2C(=O)CCc3ncccc32)c1-c1nccs1,7.21
N#Cc1csc(NC(=O)CN2C(=O)CCc3ncccc32)c1-c1ncn[nH]1,7.75
N#Cc1csc(NC(=O)Cc2cccc3cnccc23)c1-c1ncn[nH]1,7.58
N#Cc1csc(NC(=O)Cc2cccc3ncccc23)c1-c1cnccn1,5.3
N#Cc1csc(NC(=O)Cc2cccc3ncccc23)c1-c1ncn[nH]1,7.39
N#Cc1csc(NC(=O)Cn2c(=O)ccc3cc(C(F)(F)F)ccc32)c1-c1cncs1,5.3
N#Cc1csc(NC(=O)Cn2c(=O)ccc3cc(C(F)(F)F)ccc32)c1-c1cscn1,7.77
N#Cc1csc(NC(=O)Cn2c(=O)ccc3cc(C(F)(F)F)ccc32)c1-c1ncco1,7.54
N#Cc1csc(NC(=O)Cn2c(=O)ccc3cc(C(F)(F)F)ccc32)c1-c1nccs1,7.28
N#Cc1csc(NC(=O)Cn2c(=O)ccc3cc(C(F)(F)F)ccc32)c1-n1ccnn1,5.3
N#Cc1csc(NC(=O)Cn2c(=O)ccc3cc(C(F)(F)F)ccc32)c1-n1nnc2ccccc21,5.3
N/N=c1\[nH]nc(-c2ccncc2)n1-c1ccc2ccccc2c1,4.47
N=C1NC2C(/N=N/c3ccc(Br)cc3)C(=N)NN2c2[nH][nH]c(=N)c21,4.545
NC(=O)C1Cc2nc(-c3ccc(Cl)c(Cl)c3)n(-c3ccnc(N[C@@H]4CCCN(C(=O)C5CC5)C4)n3)c2C1,7.78
NC(=O)C1Cc2nc(-c3ccc(Cl)c(Cl)c3)n(-c3ccnc(N[C@H]4CCCN(C(=O)C5CC5)C4)n3)c2C1,7.53
NC(=O)c1cccc(-n2cc(NC(=O)Nc3cccc4ccccc34)cn2)c1,6.8
NC(=O)c1ccccc1Nc1ccnc(Nc2ccc(-n3ccnn3)cc2)c1,6.22
NC(=O)c1ccccc1Nc1ccnc(Nc2ccc(N3CCOCC3)cc2)c1,6.48
NC(=O)c1ccccc1Nc1ccnc(Nc2ccc(N3CCOCC3)cc2F)c1,5.68
NC(=O)c1ccccc1Nc1ccnc(Nc2ccc3c(c2)OCO3)c1,6.09
NC(=O)c1ccccc1Nc1ccnc(Nc2ccc3ccccc3c2)c1,5.84
NC(=O)c1ccccc1Nc1nc(Nc2ccc(Cl)cc2)ncc1Cl,7.47
NC(=O)c1ccccc1Nc1nc(Nc2ccc(F)cc2)ncc1Cl,8.6
NC(=O)c1ccccc1Nc1nc(Nc2ccc(N3CCCC3=O)cc2)ncc1Cl,9.62
NC(=O)c1ccccc1Nc1nc(Nc2ccc(N3CCOCC3)c(F)c2)ncc1Cl,9.29
NC(=O)c1ccccc1Nc1nc(Nc2ccc(N3CCOCC3)cc2)ncc1Cl,9.0
NC(=O)c1ccccc1Nc1nc(Nc2ccc(N3CCOCC3)cc2F)ncc1Cl,9.22
NC(=O)c1cnc(N[C@@H]2CCC[C@H](O)C2)nc1NC12CC(C1)C2,6.92
NC(=O)c1cnc(N[C@H]2CC[C@H](O)CC2)nc1NC12CC(C1)C2,7.89
NC(=O)c1cnc(N[C@H]2CC[C@H](O)CC2)nc1Nc1ccccc1,8.3
NC(=S)N/N=C1\NC(=O)/C(=C/c2ccc3c(c2)OCO3)S1,5.984999999999999
N[C@H]1CC[C@H](Nc2ncc3nc(Nc4c(F)cc(F)cc4F)n(C4CCCC4)c3n2)CC1,7.96
N[C@H]1CC[C@H](Nc2ncc3nc(Nc4c(F)cccc4F)n(C4CCCC4)c3n2)CC1,8.05
N[C@H]1CC[C@H](Nc2ncc3nc(Nc4ccc(F)cc4F)n(C4CCCC4)c3n2)CC1,7.6
N[C@H]1CC[C@H](Nc2ncc3nc(Nc4ccccc4F)n(C4CCCC4)c3n2)CC1,7.58
N[C@H]1CC[C@H](Nc2nccc(-n3nnc4ccccc43)n2)CC1,6.77
Nc1cc(-c2n[nH]c(=S)n2-c2ccc3ccccc3c2)ccn1,6.3
Nc1ccc2cc(-n3c(-c4ccnc(NC5CCOCC5)c4)n[nH]c3=O)ccc2c1,5.28
Nc1cccc2ccc(-n3c(-c4ccnc(NC5CCOCC5)c4)n[nH]c3=O)cc12,6.24
Nc1nccc(-c2[nH]c(-c3ccccc3)nc2-c2ccccc2)n1,6.75
O=C(CC(C(=O)O)c1ccc2c(c1)OCO2)c1ccc2c(c1)OCO2,4.67
O=C(CN1C(=O)C(F)(F)c2ccccc21)Nc1scc(Br)c1-c1nnc[nH]1,5.3
O=C(CN1C(=O)CCc2ccc(Br)cc21)Nc1scc(Br)c1-c1ncn[nH]1,5.3
O=C(CN1C(=O)CCc2ccccc21)Nc1ccsc1-c1cscn1,5.3
O=C(CN1C(=O)CCc2ccccc21)Nc1scc(Br)c1-c1ncn[nH]1,7.38
O=C(CN1C(=O)CCc2ccccc21)Nc1scc(Cl)c1-c1ncn[nH]1,8.05
O=C(CN1C(=O)CCc2ccccc21)Nc1sccc1-c1ncn[nH]1,5.3
O=C(CN1C(=O)CCc2cnccc21)Nc1ccsc1-c1cscn1,5.3
O=C(CN1C(=O)CCc2ncccc21)Nc1scc(Br)c1-c1ncco1,7.18
O=C(CN1C(=O)CCc2ncccc21)Nc1scc(Br)c1-c1ncn[nH]1,7.5
O=C(Cc1cc(C(F)(F)F)c2cccnc2c1)Nc1scc(Br)c1-c1nnc[nH]1,5.3
O=C(Cc1cc2ncccc2cc1F)Nc1scc(Br)c1-c1ncn[nH]1,5.3
O=C(Cc1ccc(F)c2cnccc12)Nc1scc(Br)c1-c1ncn[nH]1,7.17
O=C(Cc1ccc(F)c2ncccc12)Nc1scc(Br)c1-c1ncn[nH]1,5.3
O=C(Cc1ccc(OCCCN2CCCCC2)cc1)Nc1ccsc1-c1cscn1,5.3
O=C(Cc1ccc2c(c1)OCCO2)Nc1ccsc1-c1ncn[nH]1,5.3
O=C(Cc1ccc2ccc(C(F)(F)F)nc2c1)Nc1scc(Br)c1-c1nc[nH]n1,5.3
O=C(Cc1cccc2cc(C(F)(F)F)cnc12)Nc1scc(Br)c1-c1nc[nH]n1,5.3
O=C(Cc1cccc2cc(F)cnc12)Nc1scc(Br)c1-c1nc[nH]n1,5.3
O=C(Cc1cccc2ccccc12)Nc1ccsc1-c1nc[nH]n1,5.41
O=C(Cc1cccc2ccccc12)Nc1ccsc1-c1nnco1,4.57
O=C(Cc1cccc2cccnc12)Nc1scc(Br)c1-c1ncn[nH]1,5.3
O=C(Cc1cccc2ccncc12)Nc1scc(Br)c1-c1ncn[nH]1,5.3
O=C(Cc1cccc2cnccc12)Nc1ccsc1-c1ncco1,5.3
O=C(Cc1cccc2cnccc12)Nc1ccsc1-c1nccs1,5.3
O=C(Cc1cccc2cnccc12)Nc1scc(Br)c1-c1ncn[nH]1,7.3
O=C(Cc1cccc2cnccc12)Nc1scc(Cl)c1-c1ncn[nH]1,7.37
O=C(Cc1cccc2cnccc12)Nc1scnc1-c1cnccn1,5.5
O=C(Cc1cccc2cnccc12)Nc1scnc1-c1nc[nH]n1,5.4399999999999995
O=C(Cc1cccc2ncc(F)cc12)Nc1scc(Br)c1-c1ncn[nH]1,7.04
O=C(Cc1cccc2ncccc12)Nc1ccsc1-c1nnc[nH]1,5.725
O=C(Cc1cccc2ncccc12)Nc1scc(Br)c1-c1ncn[nH]1,7.05
O=C(Cc1cccc2ncccc12)Nc1scc(Cl)c1-c1ncn[nH]1,7.38
O=C(Cc1cccc2nccn12)Nc1scc(Br)c1-c1ncn[nH]1,5.3
O=C(Cc1cccc2ncsc12)Nc1scc(Br)c1-c1ncn[nH]1,5.3
O=C(Cc1ccnc2ccccc12)Nc1scc(Br)c1-c1nnc[nH]1,5.3
O=C(Cc1cncc2ccccc12)Nc1sc(Cl)cc1-c1ncn[nH]1,5.3
O=C(Cn1c(=O)ccc2cc(C(F)(F)F)ccc21)N(CCCN1CCCC1)c1scc(Cl)c1-c1nc[nH]n1,5.3
O=C(Cn1c(=O)ccc2cc(C(F)(F)F)ccc21)Nc1ccsc1-c1cscn1,5.3
O=C(Cn1c(=O)ccc2cc(C(F)(F)F)ccc21)Nc1sc(Cl)cc1-c1ncn[nH]1,5.3
O=C(Cn1c(=O)ccc2cc(C(F)(F)F)ccc21)Nc1scc(Br)c1-c1ncn[nH]1,8.3
O=C(Cn1c(=O)ccc2cc(C(F)(F)F)ccc21)Nc1scc(Br)c1-n1nccn1,5.3
O=C(Cn1c(=O)ccc2cc(F)c(F)cc21)Nc1scc(Br)c1-c1ncn[nH]1,7.82
O=C(Cn1c(=O)ccc2cc(F)c(F)cc21)Nc1sccc1-c1ncon1,5.3
O=C(Cn1c(=O)ccc2cc(OC(F)(F)F)ccc21)Nc1scc(Br)c1-c1ncn[nH]1,7.92
O=C(Cn1c(=O)ccc2ccc(C(F)(F)F)cc21)Nc1scc(Br)c1-c1ncn[nH]1,7.68
O=C(Cn1c(=O)ccc2ccc(OC(F)(F)F)cc21)Nc1scc(Br)c1-c1ncn[nH]1,7.17
O=C(Cn1c(=O)ccc2cnc(C(F)(F)F)cc21)Nc1scc(Br)c1-c1ncn[nH]1,7.68
O=C(Cn1c(=O)ccc2cnccc21)Nc1ccsc1-c1cscn1,5.3
O=C(Cn1c(=O)ccc2cnccc21)Nc1scc(Br)c1-c1ncn[nH]1,8.1
O=C(Cn1c(=O)ccc2nc(C(F)(F)F)ccc21)Nc1scc(Br)c1-c1ncn[nH]1,7.42
O=C(Cn1c(=O)ccn2nc(C(F)(F)F)cc12)Nc1scc(Br)c1-c1ncn[nH]1,7.44
O=C(Cn1c(=O)ccn2nccc12)Nc1scc(Br)c1-c1ncn[nH]1,7.13
O=C(NC1COC1)c1cc(-n2ncc3cc(Nc4ccccc4Cl)c(F)cc32)cs1,5.88
O=C(NC1COC1)c1cc(-n2ncc3cc(Nc4ccccc4Cl)cnc32)cs1,7.13
O=C(Nc1cc(-c2n[nH]c(=O)n2-c2ccc3ccccc3c2)ccn1)C1CC1,6.36
O=C(Nc1cc(-c2n[nH]c(=O)n2-c2ccc3ccccc3c2)ccn1)c1ccccc1,5.36
O=C(Nc1cnn(-c2ccc(C(=O)NC3CC3)cc2)c1)Nc1cccc2ccccc12,5.56
O=C(Nc1cnn(-c2cccc(C(=O)NC3CC3)c2)c1)Nc1cccc2ccccc12,7.14
O=C(Nc1cnn(-c2cccc(C(=O)NC3CCCC3)c2)c1)Nc1cccc2ccccc12,6.2
O=C(Nc1cnn(-c2cccc(C(=O)NC3CCCCC3)c2)c1)Nc1cccc2ccccc12,6.02
O=C(Nc1cnn(-c2cccc(C(=O)NCC3CCCO3)c2)c1)Nc1cccc2ccccc12,6.5
O=C(Nc1cnn(-c2cccc(C(=O)NCC3CCNCC3)c2)c1)Nc1ccccc1Cl,6.51
O=C(Nc1cnn(-c2cccc(C(=O)NCC3CCOC3)c2)c1)Nc1cccc2ccccc12,6.81
O=C(Nc1cnn(-c2cccc(C(=O)Nc3cnn(C4CCNC4)c3)c2)c1)Nc1ccccc1Cl,6.68
O=C(Nc1cnn(-c2cccc(C(=O)Nc3cnn(C4CCNCC4)c3)c2)c1)Nc1ccccc1Cl,7.51
O=C(Nc1cnn(-c2cccc(C(=O)Nc3cnn(C4CCNCC4)c3)c2)c1)Nc1ccccc1F,7.8
O=C(Nc1cnn(-c2cccc(C(=O)O)c2)c1)Nc1cccc2ccccc12,6.06
O=C(Nc1cnn(-c2cccc(NC(=O)C(F)(F)F)c2)c1)Nc1cccc2ccccc12,6.65
O=C(Nc1cnn(-c2cccc(NC(=O)C3CC3)c2)c1)Nc1cccc2ccccc12,5.59
O=C(Nc1cnn(-c2cccc(NC(=O)c3cc[nH]c3)c2)c1)Nc1cccc2ccccc12,7.51
O=C(Nc1cnn(-c2cccc(NCC3CC3)c2)c1)Nc1cccc2ccccc12,6.14
O=C(Nc1cnn(-c2cccc(NCc3ccncc3)c2)c1)Nc1cccc2ccccc12,6.34
O=C(Nc1cnn(-c2cccc(NS(=O)(=O)C3CC3)c2)c1)Nc1cccc2ccccc12,6.5
O=C(Nc1cnn(-c2ccccc2)c1)Nc1cccc2ccccc12,6.52
O=C(Nc1cnn(-c2ccccn2)c1)Nc1cccc2ccccc12,6.48
O=C(Nc1cnn(-c2cccnc2)c1)Nc1cccc2ccccc12,5.56
O=C(Nc1cnn(-c2ccncc2)c1)Nc1cccc2ccccc12,6.36
O=C(Nc1cnn(-c2csc(C(=O)NC3CC3)c2)c1)Nc1ccccc1Cl,5.5
O=C(Nc1cnn(-c2csc(C(=O)NC3CCOCC3)c2)c1)Nc1ccccc1Cl,5.98
O=C(Nc1cnn(-c2csc(C(=O)NC3COC3)c2)c1)Nc1c(F)cccc1Cl,5.7
O=C(Nc1cnn(-c2csc(C(=O)NC3COC3)c2)c1)Nc1ccccc1Cl,5.87
O=C(Nc1cnn(-c2csc(C(=O)NCC3CCOCC3)c2)c1)Nc1ccccc1Cl,6.09
O=C(Nc1cnn(-c2csc(C(=O)N[C@@H]3CCOC3)c2)c1)Nc1ccccc1Cl,5.7
O=C(Nc1ncc([N+](=O)[O-])s1)c1cccc([N+](=O)[O-])c1,5.11
O=C([C@H]1CC[C@H](Nc2nccc(-c3cnc4c(OCc5ccccc5)cccn34)n2)CC1)N1CCC(O)CC1,7.25
O=C([C@H]1CC[C@H](Nc2nccc(-n3nnc4ccccc43)n2)CC1)N1CCCC1,6.4
O=C([C@H]1CC[C@H](Nc2nccc(-n3nnc4ccccc43)n2)CC1)N1CCOCC1,6.75
O=C1NCCCc2[nH]c3c(ccc4cnc(-c5cncc(OCCN6CCOCC6)c5)cc43)c21,5.5
O=C1NCCCc2[nH]c3c(ccc4cnc(/C=C/c5ccc(CN6CCOCC6)cc5)cc43)c21,6.01
O=C1NCCCc2[nH]c3c(ccc4cnc(/C=C/c5cccc(CCN6CCOCC6)c5)cc43)c21,6.16
O=C1NCCCc2[nH]c3c(ccc4cnc(/C=C/c5ccccc5)cc43)c21,7.07
O=C1NCCc2[nH]c3c(ccc4cnc(-c5cccc(OCCN6CCOCC6)c5)cc43)c21,6.57
O=C1NCCc2[nH]c3c(ccc4cnc(-c5cncc(OCCN6CCOCC6)c5)cc43)c21,6.38
O=C1NCCc2[nH]c3c(ccc4cnc(/C=C/c5ccc(CN6CCOCC6)cc5)cc43)c21,6.7
O=C1NCCc2[nH]c3c(ccc4cnc(/C=C/c5cccc(CCN6CCOCC6)c5)cc43)c21,7.12
O=C1NCc2[nH]c3c(ccc4cnc(-c5cccc(OCCN6CCOCC6)c5)cc43)c21,7.96
O=C1NCc2[nH]c3c(ccc4cnc(-c5ccccc5F)cc43)c21,7.52
O=C1NCc2[nH]c3c(ccc4cnc(-c5cncc(OCCN6CCOCC6)c5)cc43)c21,7.12
O=C1NCc2[nH]c3c(ccc4cnc(/C=C/c5ccc(CN6CCOCC6)cc5)cc43)c21,7.66
O=C1NCc2[nH]c3c(ccc4cnc(/C=C/c5cccc(CCN6CCOCC6)c5)cc43)c21,7.47
O=C1NCc2[nH]c3c(ccc4cnc(/C=C/c5ccccc5)cc43)c21,8.7
O=C1NCc2[nH]c3c(ccc4cnc(Nc5cccc(F)c5)cc43)c21,9.0
O=C1OC(CN2CCOCC2)CN1/N=C/c1ccc([N+](=O)[O-])o1,4.87
O=[N+]([O-])c1cnc(Sc2nnc(NCC3CCCO3)s2)s1,6.33
O=[N+]([O-])c1cnc(Sc2nnc(O)n2-c2ccc3c(c2)OCCO3)s1,6.3
O=c1[nH]nc(-c2ccnc(NC3CC3)c2)n1-c1ccc2ccccc2c1,6.41
O=c1[nH]nc(-c2ccnc(NC3CCC3)c2)n1-c1ccc2ccccc2c1,6.66
O=c1[nH]nc(-c2ccnc(NC3CCCC3)c2)n1-c1ccc2ccccc2c1,6.46
O=c1[nH]nc(-c2ccnc(NC3CCCCC3)c2)n1-c1ccc2ccccc2c1,7.16
O=c1[nH]nc(-c2ccnc(NC3CCCOC3)c2)n1-c1ccc2ccccc2c1,6.89
O=c1[nH]nc(-c2ccnc(NC3CCOCC3)c2)n1-c1ccc2cc(Br)ccc2c1,6.11
O=c1[nH]nc(-c2ccnc(NC3CCOCC3)c2)n1-c1ccc2cc(F)ccc2c1,6.72
O=c1[nH]nc(-c2ccnc(NC3CCOCC3)c2)n1-c1ccc2cccc(Cl)c2c1,6.82
O=c1[nH]nc(-c2ccnc(NC3CCOCC3)c2)n1-c1ccc2cccc(F)c2c1,6.42
O=c1[nH]nc(-c2ccnc(NC3CCOCC3)c2)n1-c1ccc2ccccc2c1,6.6
O=c1[nH]nc(-c2ccnc(Nc3ccccc3)c2)n1-c1ccc2ccccc2c1,6.33
O=c1[nH]nc(-c2ccnc(Nc3ccccn3)c2)n1-c1ccc2ccccc2c1,6.96
O=c1[nH]nc(-c2ccnc(Nc3cccnc3)c2)n1-c1ccc2ccccc2c1,6.02
O=c1[nH]nc(-c2ccnc(Nc3nccs3)c2)n1-c1ccc2ccccc2c1,6.19
O=c1[nH]nc(-c2ccncc2)n1-c1ccc2ccccc2c1,4.5
O=c1c2ccc(Cl)cc2n(-c2ccccc2)c(=O)n1Cc1ccccc1,5.42
O=c1c2ccccc2n(-c2ccccc2)c(=O)n1Cc1ccccc1,5.03
O=c1n(-c2ccccn2)nc(-c2ccnc(NC3CCOCC3)c2)n1-c1ccc2ccccc2c1,6.82
O=c1n(C2CCN(CC(F)(F)F)CC2)nc(-c2ccnc(NC3CCOCC3)c2)n1-c1ccc2ccccc2c1,6.77
O=c1n(C2CCNCC2)nc(-c2ccnc(NC3CCOCC3)c2)n1-c1ccc2ccccc2c1,6.28
O=c1n(C2CCOC2)nc(-c2ccnc(NC3CCOCC3)c2)n1-c1ccc2ccccc2c1,6.5
O=c1n(C2CCOCC2)nc(-c2ccnc(NC3CCCCC3)c2)n1-c1ccc2ccccc2c1,7.01
O=c1n(CC2CCOCC2)nc(-c2ccnc(NC3CCCCC3)c2)n1-c1ccc2ccccc2c1,7.21
O=c1n(Cc2ccccn2)nc(-c2ccnc(NC3CCOCC3)c2)n1-c1ccc2ccccc2c1,7.03
O=c1n(Cc2ccncc2)nc(-c2ccnc(NC3CCCCC3)c2)n1-c1ccc2ccccc2c1,7.01
OCC(O)COc1cccc2c1cnn2-c1ccnc(N[C@H]2CC[C@H](O)CC2)n1,6.71
OCCCOc1cccc2c1cnn2-c1ccnc(N[C@H]2CC[C@H](O)CC2)n1,6.86
O[C@H]1CC[C@H](Nc2ncc3nc(Nc4c(F)cc(F)cc4F)n([C@H]4CCOC4)c3n2)CC1,8.3
O[C@H]1CC[C@H](Nc2ncc3nc(Nc4ccccc4F)n(C4CCCC4)c3n2)CC1,8.0
O[C@H]1CC[C@H](Nc2nccc(-c3c[nH]c4ccccc34)n2)CC1,6.14
O[C@H]1CC[C@H](Nc2nccc(-c3cnc4c(OCc5ccccc5)cccn34)n2)CC1,7.31
O[C@H]1CC[C@H](Nc2nccc(-c3cnc4ccccn34)n2)CC1,6.6
O[C@H]1CC[C@H](Nc2nccc(-c3n[nH]c4ccccc34)n2)CC1,6.19
O[C@H]1CC[C@H](Nc2nccc(-c3nnc4ccccn34)n2)CC1,5.92
O[C@H]1CC[C@H](Nc2nccc(-n3ccc4ccccc43)n2)CC1,6.44
O[C@H]1CC[C@H](Nc2nccc(-n3ncc4ccccc43)n2)CC1,6.46
O[C@H]1CC[C@H](Nc2nccc(-n3nnc4ccccc43)n2)CC1,6.96
O[C@H]1CC[C@H](Nc2nccc(N3CCc4ccccc43)n2)CC1,5.54
Oc1c2ccccc2c2c3c(cccc13)N=N2,7.4
S=c1[nH]nc(-c2ccnc(NC3CCCCC3)c2)n1-c1ccc2ccccc2c1,7.18
S=c1[nH]nc(-c2ccnc(NCC3CC3)c2)n1-c1ccc2ccccc2c1,5.65
S=c1[nH]nc(-c2ccncc2)n1-c1ccc2ccccc2c1,5.53
c1ccc(-c2nc(-c3ccccc3)c(-c3ccncc3)[nH]2)cc1,6.89
c1ccc(-c2nc(-c3ccccc3)c(-c3ccncn3)[nH]2)cc1,5.85
c1ccc2c(c1)nnn2-c1ccnc(NC2CCCCC2)n1,6.41
c1ccc2cc(-c3[nH]ncc3-c3ccncc3)ccc2c1,6.06
c1ccc2cc(-c3ccnn3-c3ccncc3)ccc2c1,5.03
c1ccc2cc(-c3cnnn3-c3ccncc3)ccc2c1,4.73
c1ccc2cc(-c3ncncc3-c3ccncc3)ccc2c1,4.74
c1ccc2cc(-c3nn[nH]c3-c3ccncc3)ccc2c1,5.91
c1ccc2cc(-n3ccnc3-c3ccncc3)ccc2c1,5.19
c1ccc2cc(-n3cnnc3-c3ccncc3)ccc2c1,4.72
c1ccc2cc(-n3nccc3-c3ccncc3)ccc2c1,5.31
c1ccc2cc(-n3nncc3-c3ccncc3)ccc2c1,5.04
