set,pc1,pc2,name
urat1_active,-0.6284,-1.6442,
urat1_active,0.3696,-0.6277,
urat1_active,-0.0059,-1.567,
urat1_active,-0.3522,-0.7976,
urat1_active,-1.3135,-1.2645,
urat1_active,-1.185,-0.5526,
urat1_active,-0.9961,-0.6652,
urat1_active,-1.1884,-0.5315,
urat1_active,-1.2438,-0.6686,
urat1_active,-1.2113,-0.4449,
urat1_active,-1.3049,-1.0759,
urat1_active,-1.1171,-0.743,
urat1_active,-1.074,-0.9626,
urat1_active,-1.2488,-1.3091,
urat1_active,-1.2156,-0.8517,
urat1_active,-1.204,-0.7916,
urat1_active,-1.2037,-0.7524,
urat1_active,-1.2651,-1.1989,
urat1_active,0.7536,-1.3923,
urat1_active,0.169,-0.9008,
urat1_active,-1.0676,-0.1192,
urat1_active,0.1122,-0.0005,
urat1_active,-0.4138,-0.1587,
urat1_active,-0.6206,0.1256,
urat1_active,0.3374,-1.345,
urat1_active,0.583,-1.4339,
urat1_active,0.157,-0.9936,
urat1_active,-0.6948,-0.9495,
urat1_active,0.54,-1.4725,
urat1_active,0.1425,-0.9141,
urat1_active,0.6293,-1.6829,
urat1_active,0.2032,-1.2427,
urat1_active,4.974,0.7552,
urat1_active,-0.2144,-0.4544,
urat1_active,0.8436,-1.3193,
urat1_active,0.5957,-1.0246,
urat1_active,-0.9911,-0.9595,
urat1_active,0.3122,-1.5328,
urat1_active,1.1073,-1.5608,
urat1_active,0.4628,-1.5468,
urat1_active,1.0269,-1.2852,
urat1_active,0.5604,-0.7256,
urat1_active,1.3283,-1.305,
urat1_active,0.7738,-1.6518,
urat1_active,0.3478,-1.2116,
urat1_active,0.5752,-1.2886,
urat1_active,0.6569,-0.9801,
urat1_active,0.6073,-1.5577,
urat1_active,0.6874,-1.5493,
urat1_active,1.0637,-0.8868,
urat1_active,-0.4723,-0.5831,
urat1_active,-0.3614,-0.8574,
urat1_active,-0.4181,-0.6082,
urat1_active,0.2464,-1.2318,
urat1_active,0.1588,-1.0394,
urat1_active,0.2517,-0.9696,
urat1_active,0.9147,-1.3582,
urat1_active,0.9781,-1.3599,
urat1_active,0.8511,-1.3693,
urat1_active,0.7997,-1.8993,
urat1_active,1.0337,-1.7112,
urat1_active,0.6829,-1.4131,
urat1_active,-0.4726,-0.564,
urat1_active,-0.3951,-0.355,
urat1_active,-0.9009,-0.825,
urat1_active,-0.8031,-0.5616,
urat1_active,0.6616,-1.8545,
urat1_active,1.6663,-1.6439,
urat1_active,-0.9681,-0.7775,
urat1_active,-1.0356,0.185,
urat1_active,0.4768,-1.5814,
urat1_active,-0.4268,-0.922,
urat1_active,0.4453,-1.6152,
urat1_active,0.0567,-1.3562,
urat1_active,-1.2187,-1.0665,
urat1_active,-0.1969,-1.0802,
urat1_active,-0.2769,-0.8519,
urat1_active,-0.716,-1.0061,
urat1_active,-0.4498,-1.0018,
urat1_active,-0.9025,-1.8927,
urat1_active,-0.982,-1.7164,
urat1_active,-0.8343,-0.7803,
urat1_active,-1.1873,-1.0556,
urat1_active,-0.7506,0.3374,
urat1_active,-0.9355,1.1276,
urat1_active,-1.4651,-1.4046,
urat1_active,-1.2723,-1.4388,
urat1_active,-1.1625,-0.241,
urat1_active,-1.1625,-0.241,
urat1_active,0.923,-0.8488,
urat1_active,1.5297,-1.168,
urat1_active,-0.9549,-0.3455,
urat1_active,-1.1454,-0.2509,
urat1_active,-0.8322,-0.1661,
urat1_active,-0.4777,-0.0911,
urat1_active,0.195,-0.5602,
urat1_active,5.3235,0.1516,
urat1_active,-1.1139,-1.3992,
urat1_active,-1.1371,-1.6936,
urat1_active,-1.1576,-1.7146,
urat1_active,0.6994,-1.5857,
urat1_active,0.9086,-1.4491,
urat1_active,0.5647,-1.8256,
urat1_active,0.7356,-1.5389,
urat1_active,-0.3348,-1.1896,
urat1_active,0.6626,-1.4138,
urat1_active,-1.1005,-1.1026,
urat1_active,0.9359,-1.7121,
urat1_active,-0.7429,-0.854,
urat1_active,-0.6452,-0.5905,
urat1_active,-0.8837,-1.375,
urat1_active,-0.9703,-1.1971,
urat1_active,-0.6991,-0.3471,
urat1_active,-0.3673,0.0963,
urat1_active,-0.6931,-0.1404,
urat1_active,-0.7819,-0.261,
urat1_active,0.0941,-1.1775,
urat1_active,-0.1591,-0.2259,
urat1_active,1.58,-1.1799,
urat1_active,-1.0602,-1.4313,
urat1_active,-1.0741,-1.7034,
urat1_active,-1.0822,-1.5861,
urat1_active,-1.1039,-1.7467,
urat1_active,-0.8513,-1.5357,
urat1_active,-1.2165,0.0157,
urat1_active,-1.1332,0.8411,
urat1_active,4.8736,0.1638,
urat1_active,5.0659,-0.0015,
urat1_active,5.2005,0.0335,
urat1_active,-1.0901,-0.2761,
urat1_active,1.6063,-1.1531,
urat1_active,-0.8787,-0.3436,
urat1_active,4.8896,0.0967,
urat1_active,-0.9071,-0.4404,
urat1_active,-0.3015,-0.4604,
urat1_active,-0.9109,-0.3274,
urat1_active,-0.2668,-0.4325,
urat1_active,-0.5112,-0.34,
urat1_active,-0.8655,-0.4305,
urat1_active,-0.4641,-0.4621,
urat1_active,-0.9438,-0.2477,
urat1_active,-0.6097,-0.1187,
urat1_active,-0.5228,-0.2275,
urat1_active,-0.5543,-0.589,
urat1_active,4.8256,-0.2376,
urat1_active,-1.0515,-1.0504,
urat1_active,-1.0422,-1.1769,
urat1_active,-1.0294,-1.2985,
urat1_active,-0.5706,-1.1879,
urat1_active,-0.4335,-1.4713,
urat1_active,-0.1486,-1.3105,
urat1_active,-0.7998,-1.5021,
urat1_active,-0.8297,-1.5734,
urat1_active,-0.5407,-1.385,
urat1_active,-0.8169,-1.6951,
urat1_active,-0.8468,-1.7682,
urat1_active,-0.4553,-0.4337,
urat1_active,-0.4362,-0.2924,
urat1_active,-0.9342,-0.2825,
urat1_active,-0.9128,-0.3225,
urat1_active,-0.854,-0.2742,
urat1_active,-0.4972,-0.4542,
urat1_active,-0.4626,-0.4263,
urat1_active,-0.9043,-0.2787,
urat1_active,-0.8454,-0.2304,
urat1_active,-0.4816,-0.4131,
urat1_active,-0.4469,-0.3851,
urat1_active,-0.958,-0.9086,
urat1_active,-1.0466,-0.6439,
urat1_active,-0.8624,0.2981,
urat1_active,-1.0028,0.246,
urat1_active,5.338,0.1937,
urat1_active,1.0293,-1.6653,
urat1_active,0.8351,-1.8492,
urat1_active,0.8596,-2.035,
urat1_active,0.8524,-2.0421,
urat1_active,0.8524,-2.0421,
urat1_active,0.7748,-2.1999,
urat1_active,0.8308,-2.1094,
urat1_active,0.9024,-2.0703,
urat1_active,0.8796,-2.0585,
urat1_active,-0.8291,0.8499,
urat1_active,5.3265,0.2067,
urat1_active,-0.7578,-0.7129,
urat1_active,-0.5559,-0.7868,
urat1_active,-0.3172,-0.4007,
urat1_active,0.6832,-1.4316,
urat1_active,-0.414,-0.6132,
urat1_active,-0.5389,-0.7026,
urat1_active,5.1082,0.3111,
urat1_active,5.2792,0.1668,
urat1_active,-0.5079,-0.1108,
urat1_active,5.1053,0.2793,
urat1_active,0.4437,-0.6843,
urat1_active,-0.4536,0.7817,
urat1_active,-0.2864,-0.2473,
urat1_active,-0.1753,-0.4979,
urat1_active,1.3258,-2.046,
urat1_active,1.4269,-1.8544,
urat1_active,1.7175,-2.0674,
urat1_active,-0.1985,-0.5219,
urat1_active,-0.2188,-0.6035,
urat1_active,5.1347,0.3911,
urat1_active,5.3266,0.3321,
urat1_active,5.267,0.1439,
urat1_active,3.9137,-0.2863,
urat1_active,5.1204,0.3065,
urat1_active,5.1703,0.4005,
urat1_active,5.2556,0.3255,
urat1_active,5.4592,0.1859,
urat1_active,-0.6188,-1.0321,
urat1_active,-0.3908,-0.9188,
urat1_active,0.0123,-1.4381,
urat1_active,1.2348,-0.0359,
urat1_active,-0.0888,-0.7394,
urat1_active,-0.2586,0.2194,
urat1_active,-0.5629,-0.009,
urat1_active,5.1793,0.5467,
urat1_active,5.0653,0.3083,
urat1_active,0.181,-0.7137,
urat1_active,5.4118,0.1949,
urat1_active,5.2615,0.3261,
urat1_active,1.2907,0.2204,
urat1_active,0.0195,-0.3458,
urat1_active,5.1576,0.5323,
urat1_active,5.4347,0.1652,
urat1_active,5.1999,0.3469,
urat1_active,5.2553,0.3009,
urat1_active,5.4852,0.1561,
urat1_active,5.3013,0.3254,
urat1_active,5.1802,0.3332,
urat1_active,1.5909,-1.6423,
urat1_active,2.0493,-1.8134,
urat1_active,0.9035,-1.4822,
urat1_active,-0.1077,-0.4487,
urat1_active,-0.4587,-1.006,
urat1_active,-0.4398,0.511,
urat1_active,0.9224,-0.2247,
urat1_active,4.9341,0.2456,
urat1_active,5.1487,-0.125,
urat1_active,4.9971,0.0455,
urat1_active,-0.3509,-1.1408,
urat1_active,-0.195,-0.919,
urat1_active,1.3925,-0.3625,
urat1_active,1.1154,-0.3755,
urat1_active,5.0268,-0.0274,
urat1_active,2.6245,-0.1133,
urat1_active,4.2003,-0.116,
urat1_active,1.3641,0.2975,
urat1_active,5.3745,0.1622,
urat1_active,0.2288,-1.1066,
urat1_active,0.9932,0.1709,
urat1_active,-0.9732,-0.2465,
urat1_active,0.4795,0.0396,
urat1_active,1.7485,-0.999,
urat1_active,1.3555,-0.4287,
urat1_active,0.6071,0.0989,
urat1_active,0.9632,-0.3141,
urat1_active,0.6574,-0.2608,
urat1_active,1.2127,-0.4455,
urat1_active,0.282,-0.7106,
urat1_active,-0.617,-0.4732,
urat1_active,4.9617,-0.1825,
urat1_active,-0.4256,0.2506,
urat1_active,-0.3669,-0.0815,
urat1_active,0.4173,-0.3163,
urat1_active,-0.4201,-0.0406,
urat1_active,-0.448,-0.109,
urat1_active,-0.8116,-0.1517,
urat1_active,-0.3579,0.0747,
urat1_active,0.7461,-1.5563,
urat1_active,0.6994,-1.5857,
urat1_active,0.293,-1.1313,
urat1_active,0.4528,-1.6135,
urat1_active,0.4846,-1.1684,
urat1_active,0.7461,-1.5563,
urat1_active,0.6994,-1.5857,
urat1_active,0.293,-1.1313,
urat1_active,0.4528,-1.6135,
urat1_active,0.4846,-1.1684,
urat1_active,-0.7316,0.3382,
urat1_active,0.3009,-1.0054,
urat1_active,5.0926,0.2986,
urat1_active,5.2279,0.1659,
urat1_active,-1.138,-0.3298,
urat1_active,-0.7449,-0.7479,
urat1_active,-1.0861,0.1725,
urat1_active,-0.3664,-0.6051,
urat1_active,-0.3367,-0.7716,
urat1_active,-0.5823,-0.7783,
urat1_active,-0.8867,-1.0066,
urat1_active,-0.6274,-0.3904,
urat1_active,-0.6554,-0.3985,
urat1_active,-0.9357,-1.0508,
urat1_active,5.1128,0.3039,
urat1_active,5.202,0.2622,
urat1_active,5.2771,0.2425,
urat1_active,5.1754,0.3562,
urat1_active,5.1928,0.3437,
urat1_active,5.0119,0.4984,
urat1_active,3.5222,0.5421,
urat1_active,5.0949,0.3509,
urat1_active,5.2185,0.3535,
urat1_active,5.1128,0.5086,
urat1_active,5.2393,0.5852,
urat1_active,5.328,0.3482,
urat1_active,5.1924,0.5101,
urat1_active,5.3945,0.3743,
urat1_active,5.2612,0.4981,
urat1_active,0.0028,-0.8329,
urat1_active,0.7204,-0.8854,
urat1_active,-0.0105,-0.7513,
urat1_active,-0.7896,-0.9261,
urat1_active,-0.7142,0.7915,
urat1_active,-0.865,-0.8314,
urat1_active,-0.1914,-0.6072,
urat1_active,5.0469,0.5138,
urat1_active,-0.2011,-0.876,
urat1_active,0.087,-0.7482,
urat1_active,5.1569,0.3774,
urat1_active,5.2575,0.1741,
urat1_active,5.2172,0.3605,
urat1_active,5.1072,0.3053,
urat1_active,5.1652,0.369,
urat1_active,5.0372,0.5036,
urat1_active,5.0275,0.5016,
urat1_active,4.6965,0.1629,
urat1_active,1.0058,0.2288,
urat1_active,-0.3793,-0.3531,
urat1_active,-0.3893,-0.1602,
urat1_active,-0.251,-0.2668,
urat1_active,-0.1101,-0.1687,
urat1_active,5.1551,0.4258,
urat1_active,5.2371,0.1566,
urat1_active,5.1678,0.3419,
urat1_active,5.3687,0.4359,
urat1_active,-0.5802,-0.044,
urat1_active,-0.3653,-0.4791,
urat1_active,-0.5108,-0.4558,
urat1_active,-0.8077,-1.0259,
urat1_active,-1.009,-0.5643,
urat1_active,-1.2448,-0.5924,
urat1_active,-1.1645,-0.1678,
urat1_active,-0.0417,-0.6084,
urat1_active,-1e-04,-0.6336,
urat1_active,-0.1754,-0.6192,
urat1_active,-1.13,-0.8006,
urat1_active,-1.1277,-0.9929,
urat1_active,-1.0031,-1.0143,
urat1_active,-0.9903,-1.1359,
urat1_active,-0.7929,-1.2558,
urat1_active,-1.0958,-1.2598,
urat1_active,-1.0064,-1.2133,
urat1_active,-0.9936,-1.3349,
urat1_active,-1.0235,-1.4081,
urat1_active,-0.8671,-1.2742,
urat1_active,4.8964,0.2363,
urat1_active,-0.8111,-1.5344,
urat1_active,-0.1338,-1.1241,
urat1_active,-0.1338,-1.0949,
urat1_active,-0.5259,-1.1694,
urat1_active,5.0923,0.0692,
urat1_active,-0.7028,-1.1521,
urat1_active,-0.4382,-0.6199,
urat1_active,-0.0988,-0.7523,
urat1_active,-0.7642,-0.7096,
urat1_active,4.9757,0.1734,
urat1_active,2.0379,0.0842,
urat1_active,1.8553,0.1455,
urat1_active,3.8716,0.0713,
urat1_active,5.0664,0.2765,
urat1_active,-0.8086,-1.3285,
urat1_active,-0.8385,-1.4017,
urat1_active,-0.5279,-1.3222,
urat1_active,-0.9736,-0.6721,
urat1_active,-0.7947,-1.3247,
urat1_active,-0.7838,-1.3889,
urat1_active,0.8765,0.2789,
urat1_active,5.3191,0.2167,
urat1_active,4.9767,0.0369,
urat1_active,0.2685,-1.9198,
urat1_active,0.2386,-1.993,
urat1_active,-0.5144,-1.126,
urat1_active,-1.2216,-1.6095,
urat1_active,-0.1258,-1.3091,
urat1_active,-0.8602,-1.7262,
urat1_active,-0.8158,-1.5978,
urat1_active,-0.5179,-1.3836,
urat1_active,-0.8087,-1.3099,
urat1_active,-0.916,-1.4968,
urat1_active,-0.7016,-1.3436,
urat1_active,-0.8469,-1.523,
urat1_active,-0.803,-1.7194,
urat1_active,-0.8329,-1.7926,
urat1_active,-0.7788,-1.459,
urat1_active,-0.8401,-1.8382,
urat1_active,-0.3872,-1.5503,
urat1_active,-0.2982,-1.0571,
urat1_active,-0.6833,-1.4623,
urat1_active,-0.6397,-1.4265,
urat1_active,-0.5625,-1.5359,
urat1_active,-0.451,-1.617,
urat1_active,-0.7936,-1.5652,
urat1_active,-0.6649,-1.4772,
urat1_active,-0.5224,-1.713,
urat1_active,-0.1088,-1.2903,
urat1_active,-0.7988,-1.579,
urat1_active,-0.786,-1.7006,
urat1_active,-1.0702,-1.8134,
urat1_active,-0.9546,-1.65,
urat1_active,-0.8031,-1.4026,
urat1_active,-0.833,-1.4758,
urat1_active,0.0245,-0.8414,
urat1_active,-0.0357,-1.342,
urat1_active,0.1807,-0.6443,
urat1_active,3.9458,0.1789,
urat1_active,-0.0264,-0.9975,
urat1_active,0.2369,-0.896,
urat1_active,2.0885,-0.1121,
urat1_active,1.5648,-0.3,
urat1_active,0.1366,-0.8787,
urat1_active,0.1672,-0.8102,
urat1_active,0.2276,-1.0152,
urat1_active,0.2649,-1.0867,
urat1_active,0.3842,-0.9066,
urat1_active,0.377,-0.9669,
urat1_active,0.0782,-1.421,
urat1_active,0.0702,-0.82,
urat1_active,0.1197,-0.9318,
urat1_active,0.1721,-0.9418,
urat1_active,0.2658,-0.7693,
urat1_active,0.3207,-0.8978,
urat1_active,0.1513,-0.7191,
urat1_active,0.2201,-0.9189,
urat1_active,0.3246,-0.8177,
urat1_active,0.1756,-0.7824,
urat1_active,0.0576,-0.753,
urat1_active,0.1056,-0.8349,
urat1_active,0.071,-0.7799,
urat1_active,0.2961,-0.2538,
urat1_active,0.2057,-0.1701,
urat1_active,-0.0583,-0.1371,
urat1_active,0.397,-0.3387,
urat1_active,0.1897,-0.1837,
urat1_active,0.1732,-0.1772,
urat1_active,0.1104,-0.5624,
urat1_active,0.368,-0.4858,
urat1_active,5.3958,0.1712,
urat1_active,2.0097,-0.0283,
urat1_active,5.2977,0.0954,
urat1_active,5.1622,0.2845,
urat1_active,5.103,0.2391,
urat1_active,1.9003,-0.1373,
urat1_active,1.8223,0.1232,
urat1_active,2.0371,-0.0106,
urat1_active,1.95,-0.1279,
urat1_active,2.435,-0.0173,
urat1_active,2.9636,-0.2273,
urat1_active,5.5022,0.1251,
urat1_active,5.3642,0.2482,
urat1_active,5.1982,-0.1689,
urat1_active,5.44,0.1102,
urat1_active,5.3644,0.0819,
urat1_active,5.3081,0.0997,
urat1_active,5.3839,0.0744,
urat1_active,5.4811,0.1141,
urat1_active,5.3724,0.0986,
urat1_active,5.1585,0.2788,
urat1_active,5.1461,0.4384,
urat1_active,5.3771,0.2018,
urat1_active,5.2155,0.2637,
urat1_active,5.2805,0.13,
urat1_active,5.3281,0.0999,
urat1_active,5.1778,0.2311,
urat1_active,5.2708,0.3418,
urat1_active,4.8945,0.5191,
urat1_active,5.212,-0.1762,
urat1_active,5.1991,-0.1489,
urat1_active,5.5346,0.1268,
urat1_active,5.5408,0.1276,
urat1_active,5.4161,0.1126,
urat1_active,5.3738,0.0486,
urat1_active,5.338,0.0977,
urat1_active,5.296,0.0966,
urat1_active,5.3337,0.3316,
urat1_active,5.5926,0.0975,
urat1_active,5.3115,0.1041,
urat1_active,5.3722,0.2478,
urat1_active,5.3101,0.1163,
urat1_active,5.1745,0.2451,
urat1_active,5.2567,0.2665,
urat1_active,5.3225,0.0724,
urat1_active,5.1586,0.2497,
urat1_active,5.0692,-0.0084,
urat1_active,5.3512,-0.0559,
urat1_active,5.2501,-0.1832,
urat1_active,5.252,-0.177,
urat1_active,5.1807,-0.0168,
urat1_active,5.084,-0.0071,
urat1_active,5.0237,-0.149,
urat1_active,5.0482,0.0104,
urat1_active,5.2617,-0.2469,
urat1_active,5.1047,-0.0606,
urat1_active,5.0314,-0.0008,
urat1_active,5.4173,0.204,
urat1_active,5.039,0.4331,
urat1_active,5.3694,0.1731,
urat1_active,4.9964,0.6145,
urat1_active,5.3682,0.119,
urat1_active,5.3734,0.2178,
urat1_active,4.1287,-0.3015,
urat1_active,0.8327,-0.9866,
urat1_active,0.104,0.7904,
urat1_active,-0.0973,-0.0873,
urat1_active,-0.0367,-0.5306,
urat1_active,0.2518,-0.7912,
urat1_active,0.2524,-0.7799,
urat1_active,0.2475,-0.7759,
urat1_active,0.8139,-1.4628,
urat1_active,0.6332,-1.676,
urat1_active,0.2269,-1.2216,
urat1_active,0.5981,-1.7545,
urat1_active,0.8473,-1.6039,
urat1_active,0.3971,-1.2813,
urat1_active,0.7286,-1.866,
urat1_active,0.2637,-1.6029,
urat1_active,0.7738,-1.3906,
urat1_active,0.6411,-1.7159,
urat1_active,1.9081,-0.9653,
urat1_active,1.515,-0.395,
urat1_active,2.9711,-0.901,
urat1_active,2.5781,-0.3307,
urat1_active,2.2343,-1.0623,
urat1_active,1.792,-0.8198,
urat1_active,0.4302,-1.1031,
urat1_active,0.6681,-0.958,
urat1_active,0.1827,-1.241,
urat1_active,0.8467,-1.1084,
urat1_active,0.9477,-1.0085,
urat1_active,0.77,-1.0333,
urat1_active,0.8556,-0.7774,
urat1_active,0.941,-1.0729,
urat1_active,1.0233,-0.9614,
urat1_active,0.6785,-1.1521,
urat1_active,0.5771,-1.7386,
urat1_active,0.4388,-1.8935,
urat1_active,0.7246,-2.2375,
urat1_active,0.8293,-2.1102,
urat1_active,0.8051,-2.0677,
urat1_active,0.8567,-2.0645,
urat1_active,0.8649,-1.9932,
urat1_active,1.7284,-0.1291,
urat1_active,5.3754,0.0621,
urat1_active,2.1751,-0.0777,
urat1_active,5.2251,0.1933,
urat1_active,5.1116,0.0432,
urat1_active,2.0829,-0.1986,
urat1_active,1.728,-0.0314,
urat1_active,1.4695,-0.0737,
urat1_active,1.9985,0.0851,
urat1_active,2.2196,-0.0719,
urat1_active,2.1326,-0.1892,
urat1_active,2.6176,-0.0786,
urat1_active,1.0043,-1.7076,
urat1_active,1.0288,-1.8934,
urat1_active,1.0216,-1.9005,
urat1_active,1.0216,-1.9005,
urat1_active,0.943,-2.0501,
urat1_active,1.0001,-1.9678,
urat1_active,1.0716,-1.9287,
urat1_active,1.0478,-1.9087,
urat1_active,1.0771,-1.8041,
urat1_active,0.989,-1.8275,
urat1_active,4.772,0.1035,
urat1_active,3.5887,-0.0516,
urat1_active,4.662,0.0306,
urat1_active,4.8329,0.0771,
urat1_active,4.1127,0.3393,
urat1_active,4.5585,0.2876,
urat1_active,5.3666,0.0408,
urat1_active,5.2024,0.2148,
urat1_active,5.106,0.1936,
urat1_active,5.2939,0.211,
urat1_active,5.5503,0.1167,
urat1_active,5.3473,0.2779,
urat1_active,5.2301,0.2901,
urat1_active,5.2748,0.0983,
urat1_active,5.0729,0.276,
urat1_active,4.3829,-0.2814,
urat1_active,4.0631,-0.3173,
urat1_active,4.1261,-0.1785,
urat1_active,4.1672,-0.0212,
urat1_active,4.4489,-0.0322,
urat1_active,4.486,-0.0734,
urat1_active,4.2362,0.2302,
urat1_active,4.5382,-0.077,
urat1_active,4.2544,-0.1696,
urat1_active,3.8655,-0.2788,
urat1_active,3.9601,0.1965,
urat1_active,3.9783,0.0793,
urat1_active,3.852,0.1005,
urat1_active,1.6137,-2.0254,
urat1_active,1.5511,-1.9356,
urat1_active,1.5756,-2.1214,
urat1_active,1.5684,-2.1285,
urat1_active,1.5684,-2.1285,
urat1_active,1.4908,-2.2863,
urat1_active,1.5469,-2.1958,
urat1_active,1.6184,-2.1567,
urat1_active,1.5956,-2.1448,
urat1_active,1.6401,-1.9749,
urat1_active,1.5519,-1.9983,
urat1_active,2.4976,-0.9468,
urat1_active,0.5621,-1.1929,
urat1_active,0.3544,-0.868,
urat1_active,0.1761,-1.0845,
urat1_active,1.5064,-0.0653,
urat1_active,5.2115,-0.0259,
urat1_active,1.7445,0.0516,
urat1_active,5.0732,-0.0716,
urat1_active,4.6065,-0.003,
urat1_active,5.2621,0.2422,
urat1_active,2.2665,0.3306,
urat1_active,-0.4698,-0.5276,
urat1_active,-0.5341,-0.3062,
urat1_active,-1.0187,-0.3156,
urat1_active,-0.222,-0.1054,
urat1_active,-0.5436,-0.2165,
urat1_active,-0.4698,0.0363,
urat1_active,-0.3378,-0.298,
urat1_active,-0.7181,-0.2762,
urat1_active,0.0136,-0.1539,
urat1_active,-0.1875,-0.0473,
urat1_active,-0.5301,-0.1643,
urat1_active,-0.5487,-0.0537,
urat1_active,-0.3428,-0.004,
urat1_active,-0.7232,-0.3152,
urat1_active,-0.6381,-0.0907,
urat1_active,-0.3441,-0.2634,
urat1_active,-0.0234,-0.1585,
urat1_active,-0.8555,-1.3412,
urat1_active,-0.3457,0.2685,
urat1_active,-0.8265,-0.6206,
urat1_active,-0.4195,0.1211,
urat1_active,-0.4247,0.0791,
urat1_active,-0.5969,-0.1582,
urat1_active,-0.3643,-0.1701,
urat1_active,-0.576,-0.1675,
urat1_active,-0.5444,-0.126,
urat1_active,-0.3941,-0.1335,
urat1_active,-0.7174,0.019,
urat1_active,-0.7181,-0.1453,
urat1_active,-0.6524,0.0446,
urat1_active,-0.5021,0.0371,
urat1_active,-0.3044,0.2922,
urat1_active,-0.154,0.2846,
urat1_active,-0.5383,0.0398,
urat1_active,-0.7377,-0.4316,
urat1_active,-0.747,-1.0737,
urat1_active,-0.6732,-0.821,
urat1_active,-0.6064,-1.0963,
urat1_active,-0.7592,-1.1656,
urat1_active,-0.685,-0.9263,
urat1_active,-0.3477,-1.1271,
urat1_active,-0.7154,-1.022,
urat1_active,-0.5865,-0.8579,
urat1_active,-0.5599,-1.0775,
urat1_active,-0.55,-0.1499,
urat1_active,-1.2617,-0.5009,
urat1_active,-1.317,-0.638,
urat1_active,-1.1547,-0.94,
urat1_active,-1.3463,-1.3174,
urat1_active,-1.2962,-0.8291,
urat1_active,-1.2846,-0.769,
urat1_active,-1.2843,-0.7297,
urat1_active,-1.0635,-1.3724,
urat1_active,-1.0378,0.1017,
urat1_active,-1.3793,-1.1675,
urat1_active,-0.9194,-0.7393,
urat1_active,-0.9463,-0.3879,
urat1_active,-0.4725,-0.6259,
urat1_active,-0.4341,-0.4132,
urat1_active,0.0493,-0.6035,
urat1_active,-0.5023,-0.7191,
urat1_active,-0.1671,-0.9381,
urat1_active,-0.445,-0.8701,
urat1_active,-0.2626,-0.9635,
urat1_active,-0.4399,-0.7847,
urat1_active,-0.4662,-0.6012,
urat1_active,-0.4655,-0.59,
urat1_active,-0.4032,-0.3477,
urat1_active,-0.6836,-0.4527,
urat1_active,-0.5706,-0.7425,
urat1_active,0.0897,-0.5525,
urat1_active,-0.3577,-0.7148,
urat1_active,-0.5514,-1.0168,
urat1_active,-0.3129,-0.7689,
urat1_active,-0.7177,-0.2599,
urat1_active,-0.3561,-0.9484,
urat1_active,-0.1667,-0.9123,
urat1_active,-0.3329,-1.2678,
urat1_active,-0.3258,-1.2607,
urat1_active,-0.3812,-1.0987,
urat1_active,-0.143,-0.959,
urat1_active,-0.6526,-1.2932,
urat1_active,-0.1629,-1.5201,
urat1_active,-0.315,-1.7321,
urat1_active,-0.3185,-1.6606,
urat1_active,-0.3077,-1.5395,
urat1_active,-0.3524,-1.2791,
urat1_active,-0.1215,-1.4522,
urat1_active,-0.2799,-1.6721,
urat1_active,-0.5909,-1.2769,
urat1_active,-0.429,-1.2742,
urat1_active,-1.0165,-1.141,
urat1_active,-0.9187,-0.8776,
urat1_active,-1.2994,-1.0496,
urat1_active,-0.9453,-1.1025,
urat1_active,-1.3578,-0.8119,
urat1_active,-1.064,-1.4239,
urat1_active,-0.9809,-1.2723,
urat1_active,-0.8832,-1.0089,
urat1_active,-1.2639,-1.1809,
urat1_active,-1.114,-0.2698,
urat1_active,-1.3332,-1.7755,
urat1_active,-0.6456,-1.3355,
urat1_active,-0.6654,-1.2354,
urat1_active,-1.2467,-1.3608,
urat1_active,-0.9692,-1.7783,
urat1_active,-1.3982,-1.5942,
urat1_active,-0.9668,-1.1836,
urat1_active,-0.869,-0.9202,
urat1_active,-1.2547,-1.8142,
urat1_active,-1.425,-1.2529,
urat1_active,-0.6034,-0.1819,
urat1_active,-0.493,-0.0549,
urat1_active,-0.362,-0.1014,
urat1_active,-0.4977,-0.3355,
urat1_active,-0.9293,-0.4186,
urat1_active,-0.9898,-1.7993,
urat1_active,-1.4187,-1.6152,
urat1_active,-1.2259,-1.6494,
urat1_active,-1.3735,-1.5173,
urat1_active,-1.0749,-1.478,
urat1_active,-0.6696,-0.2359,
urat1_active,-0.0852,-0.5759,
urat1_active,-0.131,-0.5823,
urat1_active,0.2169,-0.6092,
urat1_active,0.2204,-0.4382,
urat1_active,-0.1807,-0.8457,
urat1_active,-0.3433,-0.752,
urat1_active,0.2354,-0.7037,
urat1_active,0.1705,-0.8723,
urat1_active,-0.0339,-0.8681,
urat1_active,-0.4217,-1.1008,
urat1_active,-0.3705,-1.2763,
urat1_active,-1.0622,0.1295,
urat1_active,-0.8167,-1.1288,
urat1_active,-0.4278,-1.4165,
urat1_active,-0.7339,-1.5483,
urat1_active,-0.7367,-1.5928,
urat1_active,-0.7764,-0.947,
urat1_active,-0.5914,-0.7087,
urat1_active,-0.4199,-0.4646,
urat1_active,-0.471,0.0738,
urat1_active,-0.343,-1.0656,
urat1_active,-0.2811,-0.6744,
urat1_active,-0.3328,-0.8049,
urat1_active,-0.2642,-0.8266,
urat1_active,-0.2058,-0.8468,
urat1_active,-0.2891,-0.8558,
urat1_active,-0.3256,-0.9098,
urat1_active,-0.243,-0.5628,
urat1_active,-0.6135,-0.7349,
urat1_active,-0.3626,-0.8051,
urat1_active,-0.2784,-0.6475,
urat1_active,-0.4245,-0.6151,
urat1_active,-0.629,-0.7524,
urat1_active,-0.2277,0.702,
urat1_active,-0.5057,0.7158,
urat1_active,-0.5839,0.793,
urat1_active,-0.6335,0.7026,
urat1_active,-0.6354,0.6973,
urat1_active,-0.6354,0.6973,
urat1_active,-0.5756,0.4774,
urat1_active,-0.5756,0.4774,
urat1_active,-0.6474,0.7748,
urat1_active,-0.6502,0.7988,
urat1_active,-0.6552,0.8028,
urat1_active,-0.4714,0.6191,
urat1_active,-0.7703,-0.7981,
urat1_active,-0.6725,-0.5346,
urat1_active,-0.5494,-0.8467,
urat1_active,-0.6395,-0.3606,
urat1_active,0.4279,-1.1837,
urat1_active,0.3309,-1.1143,
urat1_active,-0.1104,-1.1293,
urat1_active,0.7223,-0.9587,
urat1_active,0.4384,-1.1811,
urat1_active,0.0238,-1.1932,
urat1_active,0.5578,-1.1352,
urat1_active,-0.1008,-1.2164,
urat1_active,0.1292,-1.2669,
urat1_active,0.039,-1.1683,
urat1_active,0.1679,-1.2677,
urat1_active,0.2382,-0.8848,
urat1_active,0.1444,-1.3246,
urat1_active,1.4197,0.216,
urat1_active,0.9578,0.3263,
urat1_active,0.9659,0.3071,
urat1_active,2.8079,0.374,
urat1_active,1.0438,0.2722,
urat1_active,0.8355,0.2605,
urat1_active,0.9939,0.2553,
urat1_active,0.8248,0.0027,
urat1_active,1.088,0.1497,
urat1_active,0.9248,0.1522,
urat1_active,0.9356,0.2899,
urat1_active,-0.1155,-1.236,
urat1_active,-0.504,0.0287,
urat1_active,-0.465,-1.1418,
urat1_active,-0.725,-1.6153,
nlrp3_active,0.0534,3.2534,
nlrp3_active,-0.3234,3.7854,
nlrp3_active,-0.4635,-0.9099,
nlrp3_active,0.1864,-0.743,
nlrp3_active,-0.2349,-0.8708,
nlrp3_active,-0.1996,3.4002,
nlrp3_active,-0.4935,1.7178,
nlrp3_active,-0.4189,3.0652,
nlrp3_active,-0.5371,2.6327,
nlrp3_active,-0.6141,1.7031,
nlrp3_active,-0.2386,4.5058,
nlrp3_active,-0.1052,3.6134,
nlrp3_active,-0.4425,3.694,
nlrp3_active,0.035,2.1331,
nlrp3_active,-0.8552,2.4342,
nlrp3_active,-0.2621,2.2273,
nlrp3_active,-0.8667,2.4348,
nlrp3_active,0.035,2.1331,
nlrp3_active,-0.6491,2.2479,
nlrp3_active,0.0866,2.9434,
nlrp3_active,0.468,2.6062,
nlrp3_active,0.6519,2.8823,
nlrp3_active,-0.8739,0.1543,
nlrp3_active,-1.1803,-0.0947,
nlrp3_active,-0.8109,-0.0005,
nlrp3_active,-0.5215,-0.1326,
nlrp3_active,-0.2178,-0.227,
nlrp3_active,-0.5129,0.9744,
nlrp3_active,0.2542,0.7596,
nlrp3_active,-0.9317,0.1282,
nlrp3_active,-0.3952,2.9285,
nlrp3_active,-0.074,0.2644,
nlrp3_active,-0.256,2.4029,
nlrp3_active,-0.3285,3.7144,
nlrp3_active,0.5396,-0.4197,
nlrp3_active,-0.1303,3.3947,
nlrp3_active,-1.0693,-0.5181,
nlrp3_active,-0.8174,-0.4287,
nlrp3_active,-1.0583,0.5407,
nlrp3_active,-1.386,0.7459,
nlrp3_active,-0.2386,4.5058,
nlrp3_active,-0.2506,2.2267,
nlrp3_active,0.923,3.1601,
nlrp3_active,-0.5293,-0.115,
nlrp3_active,0.2698,-1.3288,
nlrp3_active,-0.2386,4.5058,
nlrp3_active,-0.2387,3.9707,
nlrp3_active,-0.8112,2.2292,
nlrp3_active,0.4758,-0.4055,
nlrp3_active,-1.3719,0.5768,
nlrp3_active,-0.4024,1.4905,
nlrp3_active,-0.4158,3.8603,
nlrp3_active,0.0467,3.4848,
nlrp3_active,0.0906,3.527,
nlrp3_active,-0.1462,3.667,
nlrp3_active,-0.2657,4.3793,
nlrp3_active,-0.2667,0.1867,
nlrp3_active,-0.5048,4.6036,
nlrp3_active,-0.3909,3.8428,
nlrp3_active,-0.1061,2.8089,
nlrp3_active,-0.204,3.0993,
nlrp3_active,-0.4137,3.1032,
nlrp3_active,-0.5844,-1.3089,
nlrp3_active,-0.1793,-1.0172,
nlrp3_active,-0.145,-1.0598,
nlrp3_active,-0.4727,-0.5564,
nlrp3_active,-0.1206,-0.746,
nlrp3_active,-0.2813,2.671,
nlrp3_active,-0.2615,2.3366,
nlrp3_active,-0.6648,1.7243,
nlrp3_active,-0.6881,1.6082,
nlrp3_active,-0.2498,1.2217,
nlrp3_active,-0.6635,2.3368,
nlrp3_active,-0.6156,1.535,
nlrp3_active,0.5259,2.5889,
nlrp3_active,-0.2389,3.9077,
nlrp3_active,-0.2509,-0.8401,
nlrp3_active,-0.7735,2.445,
nlrp3_active,-0.4057,0.9985,
nlrp3_active,-0.4935,1.7178,
nlrp3_active,-0.2386,4.5058,
nlrp3_active,-1.0024,1.2954,
nlrp3_active,-1.2336,0.0899,
nlrp3_active,-0.0538,3.6099,
nlrp3_active,-0.1609,-1.0352,
nlrp3_active,1.1297,-1.2739,
nlrp3_active,-0.1269,-1.0349,
nlrp3_active,-0.2551,0.3191,
nlrp3_active,-0.4621,-0.8159,
nlrp3_active,-0.1657,-1.1197,
nlrp3_active,-0.6691,-0.2869,
nlrp3_active,-0.4447,1.5451,
nlrp3_active,-0.0019,0.2203,
nlrp3_active,-1.1588,-0.1154,
nlrp3_active,-1.0311,-0.3662,
nlrp3_active,-0.4758,-0.0373,
nlrp3_active,-1.1631,0.7065,
nlrp3_active,0.6492,-0.5209,
nlrp3_active,0.2814,3.2682,
nlrp3_active,-0.6645,-0.4846,
nlrp3_active,0.0544,-0.9794,
nlrp3_active,-0.1078,2.8952,
nlrp3_active,-1.0567,-0.3425,
nlrp3_active,-0.2386,4.5058,
nlrp3_active,-0.4356,3.9594,
nlrp3_active,-0.3852,3.168,
nlrp3_active,0.2729,3.5176,
nlrp3_active,-0.2386,4.5058,
nlrp3_active,0.9605,2.9732,
nlrp3_active,-0.2811,0.1075,
nlrp3_active,-0.7158,1.5261,
nlrp3_active,-0.2386,4.5058,
nlrp3_active,0.6626,-1.3255,
nlrp3_active,-0.4423,-0.7275,
nlrp3_active,0.1049,-1.11,
nlrp3_active,-1.23,0.357,
nlrp3_active,-1.4179,0.89,
nlrp3_active,-1.386,0.7459,
nlrp3_active,-1.3719,0.5768,
nlrp3_active,0.2575,-0.7044,
nlrp3_active,-0.1256,-0.4214,
nlrp3_active,-0.683,2.4679,
nlrp3_active,-0.6459,-0.0017,
nlrp3_active,-1.0656,-0.0441,
nlrp3_active,-0.258,-0.8561,
nlrp3_active,-0.4884,0.458,
nlrp3_active,-0.6264,2.2607,
nlrp3_active,-0.6491,2.2479,
nlrp3_active,-0.6606,2.2485,
nlrp3_active,0.0235,2.1337,
nlrp3_active,-1.0637,-0.0533,
nlrp3_active,0.0828,-1.3523,
nlrp3_active,-1.0833,-0.3908,
nlrp3_active,-0.4352,3.6483,
nlrp3_active,-0.3939,3.4191,
nlrp3_active,0.01,3.5006,
nlrp3_active,-0.9149,2.3081,
nlrp3_active,-0.1324,-0.9892,
nlrp3_active,-0.4558,2.2047,
nlrp3_active,-1.2459,0.3175,
nlrp3_active,-0.2386,4.5058,
nlrp3_active,-0.2802,3.3841,
nlrp3_active,-0.8523,0.2532,
nlrp3_active,-1.5151,0.2023,
nlrp3_active,-1.0415,0.7225,
nlrp3_active,-0.8494,1.7657,
nlrp3_active,-0.466,1.7096,
nlrp3_active,-1.4179,0.89,
nlrp3_active,-0.7787,-0.0807,
nlrp3_active,-1.0583,0.5407,
nlrp3_active,-0.5343,-0.0505,
nlrp3_active,-1.1265,0.2562,
nlrp3_active,-1.0945,0.5602,
nlrp3_active,-0.4372,1.4297,
nlrp3_active,-0.2811,0.1075,
nlrp3_active,-0.6635,2.3368,
nlrp3_active,-0.5572,0.7511,
nlrp3_active,-0.7326,-0.3938,
nlrp3_active,-0.4999,-0.4572,
nlrp3_active,-0.4954,-0.0002,
nlrp3_active,-0.5129,0.9744,
nlrp3_active,-0.5808,0.2353,
nlrp3_active,-0.8667,2.4348,
nlrp3_active,-0.6635,2.3368,
nlrp3_active,-0.9225,0.4585,
nlrp3_active,-0.3258,3.873,
nlrp3_active,-0.151,3.9706,
nlrp3_active,-0.2701,1.0756,
nlrp3_active,-0.3242,1.253,
nlrp3_active,-0.4645,1.063,
nlrp3_active,-0.0941,2.6402,
nlrp3_active,-0.0456,2.506,
nlrp3_active,-0.22,2.1873,
nlrp3_active,-0.8606,0.8698,
nlrp3_active,-1.0371,0.5721,
nlrp3_active,-1.1852,0.7873,
nlrp3_active,-0.7115,0.4124,
nlrp3_active,-1.2954,0.6427,
nlrp3_active,-0.3774,3.3148,
nlrp3_active,-1.0529,-0.164,
nlrp3_active,-1.0127,0.0752,
nlrp3_active,-0.2386,4.5058,
nlrp3_active,-0.5215,1.4498,
nlrp3_active,0.2033,-0.9844,
nlrp3_active,-0.2407,3.6622,
nlrp3_active,-0.6352,0.2702,
nlrp3_active,-0.7338,0.2497,
nlrp3_active,-0.3151,-1.0359,
nlrp3_active,-0.5032,3.4673,
nlrp3_active,-1.0699,-0.1379,
nlrp3_active,0.0369,1.0905,
nlrp3_active,-0.6881,1.6082,
nlrp3_active,-0.0908,-0.9533,
nlrp3_active,-0.6938,-0.1535,
nlrp3_active,-0.2298,3.1826,
nlrp3_active,-0.5288,3.1588,
nlrp3_active,-1.1157,-0.4044,
nlrp3_active,0.6543,3.1804,
nlrp3_active,-0.1372,3.1953,
nlrp3_active,-0.1232,3.2526,
nlrp3_active,-0.5459,3.0355,
nlrp3_active,-0.3995,3.3061,
nlrp3_active,0.0437,-0.977,
nlrp3_active,0.402,-0.4091,
nlrp3_active,-0.101,3.4798,
nlrp3_active,-1.0718,-0.2003,
nlrp3_active,-0.4798,2.6968,
nlrp3_active,-0.0632,3.4891,
nlrp3_active,-0.177,-1.0799,
nlrp3_active,0.5867,-0.7905,
nlrp3_active,-0.4578,3.1915,
nlrp3_active,-0.0654,2.8126,
nlrp3_active,-0.387,2.2801,
nlrp3_active,0.2825,4.1521,
nlrp3_active,0.2908,4.0424,
nlrp3_active,-0.1334,3.7998,
nlrp3_active,-0.2984,3.457,
nlrp3_active,-0.068,3.0376,
nlrp3_active,-0.7611,-0.1476,
nlrp3_active,-0.6174,2.2956,
nlrp3_active,0.1452,3.5334,
nlrp3_active,0.764,2.6615,
nlrp3_active,-0.5974,-0.5595,
nlrp3_active,-0.5497,-0.6212,
nlrp3_active,-1.1534,0.221,
nlrp3_active,-0.1061,2.8089,
nlrp3_active,-1.0963,0.7461,
nlrp3_active,-0.1969,-0.0671,
nlrp3_active,-0.5175,-0.111,
nlrp3_active,-0.4231,-0.7499,
nlrp3_active,-0.2711,4.4606,
nlrp3_active,-0.4561,2.2578,
nlrp3_active,-0.2956,0.0492,
nlrp3_active,-0.9149,2.3081,
nlrp3_active,-0.835,0.2949,
nlrp3_active,0.0235,2.1337,
nlrp3_active,-0.6264,2.2607,
nlrp3_active,-0.6491,2.2479,
nlrp3_active,-0.1283,-1.1289,
nlrp3_active,-0.1386,-0.5069,
nlrp3_active,-1.2459,0.3175,
nlrp3_active,0.1933,3.4331,
nlrp3_active,-0.3181,3.6721,
nlrp3_active,0.9039,-0.5319,
nlrp3_active,-0.2128,3.8249,
nlrp3_active,-0.5829,1.9483,
nlrp3_active,-0.683,2.4679,
nlrp3_active,-0.3915,-0.887,
nlrp3_active,-0.2819,-0.5849,
nlrp3_active,-0.0511,3.6629,
nlrp3_active,-0.3201,3.8314,
nlrp3_active,0.1417,2.5631,
nlrp3_active,-0.4352,3.6483,
nlrp3_active,-0.462,2.9024,
nlrp3_active,-0.1724,2.543,
nlrp3_active,-0.2506,2.2267,
nlrp3_active,0.7346,2.7291,
nlrp3_active,-0.8552,2.4342,
nlrp3_active,-0.9767,0.7943,
nlrp3_active,-0.8822,0.9063,
nlrp3_active,-0.4367,4.062,
nlrp3_active,0.1302,-0.3524,
nlrp3_active,-0.5537,0.5477,
nlrp3_active,-0.462,2.9024,
nlrp3_active,-0.0881,3.4238,
nlrp3_active,-0.2007,3.286,
nlrp3_active,0.1378,4.0245,
nlrp3_active,0.2335,-0.2567,
nlrp3_active,-0.9018,0.9154,
nlrp3_active,-0.228,4.1021,
nlrp3_active,-0.1454,0.3876,
nlrp3_active,-0.4394,-0.1084,
nlrp3_active,-0.6606,2.2485,
nlrp3_active,-0.2621,2.2273,
nlrp3_active,-0.2962,-1.0773,
nlrp3_active,-0.2386,4.5058,
nlrp3_active,-1.0485,0.3873,
nlrp3_active,-1.2207,0.6433,
nlrp3_active,-1.038,0.8451,
nlrp3_active,-0.6929,0.4076,
nlrp3_active,-0.3939,3.4191,
nlrp3_active,-0.7041,0.8832,
nlrp3_active,-0.9018,0.9154,
nlrp3_active,-0.4352,3.6483,
nlrp3_active,-0.8248,0.9549,
nlrp3_active,-0.7876,1.1094,
nlrp3_active,-0.1887,3.672,
nlrp3_active,-0.9767,0.7943,
nlrp3_active,-0.0881,3.4238,
nlrp3_active,-0.2321,2.3164,
nlrp3_active,0.579,2.581,
nlrp3_active,-0.144,4.2035,
nlrp3_active,-0.0848,3.7235,
nlrp3_active,-0.0743,3.3198,
nlrp3_active,0.056,2.7058,
nlrp3_active,-1.1445,0.5477,
nlrp3_active,-0.0918,3.4365,
nlrp3_active,-0.2386,4.5058,
nlrp3_active,-0.8248,0.9549,
nlrp3_active,-0.7041,0.8832,
nlrp3_active,-0.7695,0.8685,
nlrp3_active,-0.8202,0.8238,
nlrp3_active,-1.2313,0.5433,
nlrp3_active,-0.4352,3.6483,
nlrp3_active,-0.2386,4.5058,
nlrp3_active,-1.1435,0.3175,
nlrp3_active,-1.0516,0.689,
nlrp3_active,-0.7591,0.7135,
nlrp3_active,-1.1326,0.642,
nlrp3_active,-0.2218,2.5782,
nlrp3_active,0.049,3.1958,
nlrp3_active,-0.1089,2.7584,
nlrp3_active,-0.1724,2.543,
nlrp3_active,-0.0881,3.4238,
nlrp3_active,-0.0881,3.4238,
nlrp3_active,0.2818,3.0342,
nlrp3_active,-0.7876,1.1094,
nlrp3_active,-0.9813,0.4333,
nlrp3_active,-0.2386,4.5058,
nlrp3_active,-0.9563,1.6181,
nlrp3_active,-1.0143,1.8066,
nlrp3_active,-0.7795,0.5841,
nlrp3_active,-1.1634,1.0091,
nlrp3_active,-0.972,0.9717,
nlrp3_active,0.0072,2.5413,
nlrp3_active,-0.0298,3.8791,
nlrp3_active,-0.0534,3.9542,
nlrp3_active,0.1386,3.3393,
nlrp3_active,-0.5199,0.9157,
nlrp3_active,-0.5659,1.1664,
nlrp3_active,-0.6367,0.5343,
nlrp3_active,-0.5463,0.625,
nlrp3_active,-0.0918,3.4365,
nlrp3_active,-0.9543,1.4081,
nlrp3_active,-1.0447,0.4027,
nlrp3_active,-0.8341,0.4911,
nlrp3_active,-0.6088,3.6621,
nlrp3_active,-0.2915,3.7309,
nlrp3_active,0.1417,2.5631,
nlrp3_active,-0.2007,3.286,
nlrp3_active,0.1218,3.8664,
nlrp3_active,-0.4367,4.062,
nlrp3_active,-0.4578,3.1915,
nlrp3_active,-0.6572,0.8314,
nlrp3_active,-0.6066,0.3208,
nlrp3_active,-0.7143,1.5326,
nlrp3_active,-0.0496,3.9781,
nlrp3_active,-0.5199,0.9157,
nlrp3_active,-0.889,0.7069,
nlrp3_active,-1.1746,0.2445,
nlrp3_active,-0.8739,0.4954,
nlrp3_active,-0.685,0.6673,
nlrp3_active,-0.2975,4.0094,
nlrp3_active,-0.1245,3.2926,
nlrp3_active,-0.8524,0.5452,
nlrp3_active,-0.1122,0.1415,
nlrp3_active,-0.7876,1.1094,
nlrp3_active,-0.2138,0.4649,
nlrp3_active,-0.8822,0.9063,
nlrp3_active,-0.5537,0.5477,
dual_docked_pool,-1.0645,0.4599,
dual_docked_pool,-1.0656,0.9739,
dual_docked_pool,1.0725,-0.4704,
dual_docked_pool,-0.9517,0.1684,
dual_docked_pool,-0.7224,0.3088,
dual_docked_pool,-1.3828,0.3452,
dual_docked_pool,-1.454,0.021,
dual_docked_pool,-0.7856,-0.4714,
dual_docked_pool,-0.5027,0.8592,
dual_docked_pool,-1.1405,0.1506,
dual_docked_pool,1.5749,-0.764,
dual_docked_pool,-0.1299,-0.0466,
dual_docked_pool,0.0251,0.254,
dual_docked_pool,-0.3131,-0.2428,
dual_docked_pool,-1.2407,0.5494,
dual_docked_pool,0.1348,-0.4524,
dual_docked_pool,-1.0632,0.2321,
dual_docked_pool,-1.2855,-0.4094,
dual_docked_pool,-0.1999,0.5877,
dual_docked_pool,0.5952,-0.3712,
dual_docked_pool,-0.9086,0.6927,
dual_docked_pool,-0.2145,-0.2984,
dual_docked_pool,-1.4788,0.0662,
dual_docked_pool,-0.8289,0.3222,
dual_docked_pool,-0.766,-0.0145,
dual_docked_pool,-0.2001,0.3089,
dual_docked_pool,0.1885,0.4834,
dual_docked_pool,-0.78,-0.0953,
dual_docked_pool,-0.6025,0.1197,
dual_docked_pool,-0.5095,0.0242,
dual_docked_pool,-1.1407,-0.1267,
dual_docked_pool,0.4532,-0.1872,
dual_docked_pool,-1.4214,0.3987,
dual_docked_pool,0.027,-0.176,
dual_docked_pool,-0.3776,0.918,
dual_docked_pool,-0.9208,-1.0162,
dual_docked_pool,0.7626,-0.4629,
dual_docked_pool,-0.1031,0.8096,
dual_docked_pool,-1.3693,-0.3067,
dual_docked_pool,-1.6075,0.1722,
dual_docked_pool,-1.0047,-1.1395,
dual_docked_pool,-0.0724,0.7877,
dual_docked_pool,-0.4094,-0.4951,
dual_docked_pool,-0.6196,0.0823,
dual_docked_pool,-0.248,-0.0259,
dual_docked_pool,-0.7824,-0.5252,
dual_docked_pool,0.1541,0.0235,
dual_docked_pool,1.6861,-0.0594,
dual_docked_pool,-1.0387,0.2698,
dual_docked_pool,-0.6452,-0.159,
dual_docked_pool,0.2465,0.251,
dual_docked_pool,0.3264,-0.0684,
dual_docked_pool,-0.6432,-0.4672,
dual_docked_pool,-0.2703,0.6249,
dual_docked_pool,-1.4839,-0.0493,
dual_docked_pool,-0.3272,-0.7707,
dual_docked_pool,-0.1485,0.8229,
dual_docked_pool,0.2813,0.3891,
dual_docked_pool,-0.3896,-0.3978,
dual_docked_pool,-0.5111,0.2092,
dual_docked_pool,0.9521,-0.5251,
dual_docked_pool,-0.8604,0.5779,
dual_docked_pool,-0.8507,0.2542,
dual_docked_pool,-0.4494,-0.7692,
dual_docked_pool,-0.2791,-0.3122,
dual_docked_pool,-0.2256,-0.4539,
dual_docked_pool,-0.5134,-0.362,
dual_docked_pool,-0.8271,0.1283,
dual_docked_pool,-1.3443,-0.8208,
dual_docked_pool,0.1436,0.3282,
dual_docked_pool,-0.6379,0.1548,
dual_docked_pool,0.2629,0.5273,
dual_docked_pool,-0.0087,0.1662,
dual_docked_pool,-0.8268,0.4573,
dual_docked_pool,-0.1836,0.3015,
dual_docked_pool,-0.707,-0.7792,
dual_docked_pool,-0.523,0.7035,
dual_docked_pool,-0.6849,0.2019,
dual_docked_pool,-1.0995,0.3947,
dual_docked_pool,0.7912,0.1984,
dual_docked_pool,-0.9141,-0.0817,
dual_docked_pool,0.087,-0.5663,
dual_docked_pool,0.9378,0.1686,
dual_docked_pool,-0.0306,-0.5027,
dual_docked_pool,-0.9123,-0.9514,
dual_docked_pool,-0.7003,0.5871,
dual_docked_pool,-1.1314,-0.535,
dual_docked_pool,-0.6234,0.1495,
dual_docked_pool,-1.4312,0.0226,
dual_docked_pool,-1.0031,-0.5084,
dual_docked_pool,0.7045,-0.0273,
dual_docked_pool,-0.0196,-0.7104,
dual_docked_pool,-0.5322,-0.2128,
dual_docked_pool,0.5481,-0.3669,
dual_docked_pool,-0.6706,-0.2666,
dual_docked_pool,0.1495,0.1407,
dual_docked_pool,0.3685,-0.2267,
dual_docked_pool,0.2894,-0.1681,
dual_docked_pool,0.4969,-0.3077,
dual_docked_pool,-1.4292,0.1931,
dual_docked_pool,-0.0164,0.6082,
dual_docked_pool,-0.0537,0.6007,
dual_docked_pool,-0.4903,-0.1257,
dual_docked_pool,0.3435,-0.4751,
dual_docked_pool,-0.3305,0.4209,
dual_docked_pool,0.6238,-0.7409,
dual_docked_pool,-1.2405,0.0329,
dual_docked_pool,-1.0594,-0.0847,
dual_docked_pool,-0.6593,-0.0815,
dual_docked_pool,3.2199,0.332,
dual_docked_pool,-0.496,0.288,
dual_docked_pool,-0.8157,0.2242,
dual_docked_pool,-0.7694,-0.3389,
dual_docked_pool,-0.952,0.0387,
dual_docked_pool,-0.0105,-0.422,
dual_docked_pool,-0.8841,0.3726,
dual_docked_pool,-1.3553,0.2651,
dual_docked_pool,-0.414,-0.5742,
dual_docked_pool,-0.2043,-0.645,
dual_docked_pool,-0.0281,-0.6725,
dual_docked_pool,-1.1102,-0.5475,
dual_docked_pool,-1.0821,0.5335,
dual_docked_pool,1.4306,-0.0575,
dual_docked_pool,-0.6386,0.3002,
dual_docked_pool,1.2512,-0.6573,
dual_docked_pool,-0.7674,-0.1715,
dual_docked_pool,0.4231,0.1025,
dual_docked_pool,1.6058,-0.0692,
dual_docked_pool,-0.5529,-0.4012,
dual_docked_pool,-0.8378,0.1357,
dual_docked_pool,-0.5255,0.7292,
dual_docked_pool,-0.5173,-0.8904,
dual_docked_pool,-0.8597,-0.0473,
dual_docked_pool,-0.5096,0.1107,
dual_docked_pool,-0.744,0.0029,
dual_docked_pool,0.2754,-0.6006,
dual_docked_pool,0.661,-0.7216,
dual_docked_pool,-1.0003,0.099,
dual_docked_pool,-0.9329,0.283,
dual_docked_pool,-0.5968,-0.6892,
dual_docked_pool,0.1653,-0.8078,
dual_docked_pool,1.4537,-0.3723,
dual_docked_pool,0.0303,0.086,
dual_docked_pool,-0.4149,-0.2978,
dual_docked_pool,-0.6195,-0.8552,
dual_docked_pool,-1.2766,0.3246,
dual_docked_pool,-0.4176,-0.0761,
dual_docked_pool,-0.892,0.1508,
dual_docked_pool,-0.4814,-0.0916,
dual_docked_pool,-0.313,0.3886,
dual_docked_pool,-0.0676,0.4364,
dual_docked_pool,0.9861,0.3825,
dual_docked_pool,0.3037,0.5567,
dual_docked_pool,-1.3869,0.4765,
dual_docked_pool,-0.3065,-0.3631,
dual_docked_pool,-1.1852,-0.7112,
dual_docked_pool,-0.5742,0.5408,
dual_docked_pool,-0.6452,-0.5595,
dual_docked_pool,-1.3352,0.2247,
dual_docked_pool,-0.9074,0.3685,
dual_docked_pool,-0.5838,-0.1942,
dual_docked_pool,-1.1501,-1.5711,
dual_docked_pool,-0.9652,-0.1582,
dual_docked_pool,-0.3255,0.0487,
dual_docked_pool,0.2567,0.6058,
dual_docked_pool,0.6885,-0.4339,
dual_docked_pool,-1.1529,-0.192,
dual_docked_pool,-1.1557,-0.4464,
dual_docked_pool,-0.6009,0.5693,
dual_docked_pool,-0.5396,-0.5233,
dual_docked_pool,-0.5191,-0.2316,
dual_docked_pool,-0.2092,0.8793,
dual_docked_pool,0.7393,-0.1856,
dual_docked_pool,-0.8612,-0.6945,
dual_docked_pool,-0.198,0.1188,
dual_docked_pool,-0.3381,-0.2759,
dual_docked_pool,-1.2429,0.593,
dual_docked_pool,-0.5462,-0.0408,
dual_docked_pool,-0.5058,-0.7847,
dual_docked_pool,-0.7194,0.0394,
dual_docked_pool,-0.9162,-0.0412,
dual_docked_pool,-0.8907,-0.0302,
dual_docked_pool,-0.1303,-0.2939,
dual_docked_pool,-0.2484,-0.3889,
dual_docked_pool,-0.8626,0.0485,
dual_docked_pool,-0.3919,0.355,
dual_docked_pool,-0.437,0.4005,
dual_docked_pool,-0.2904,0.1496,
dual_docked_pool,-0.0903,0.4626,
dual_docked_pool,-0.5263,0.4611,
dual_docked_pool,0.0126,-0.7742,
dual_docked_pool,-1.0391,-0.1861,
dual_docked_pool,-0.5044,0.6549,
dual_docked_pool,-0.2106,-0.2871,
dual_docked_pool,-0.7955,-0.8307,
dual_docked_pool,-0.3171,0.1452,
dual_docked_pool,-0.59,0.3845,
dual_docked_pool,-1.3528,0.0732,
dual_docked_pool,0.0859,0.6612,
dual_docked_pool,-0.6065,0.3381,
dual_docked_pool,-0.3462,-0.1873,
dual_docked_pool,-0.1887,-0.0818,
dual_docked_pool,-0.7054,0.5544,
dual_docked_pool,-0.9596,0.1075,
dual_docked_pool,1.169,-0.5826,
dual_docked_pool,0.1098,0.6876,
dual_docked_pool,-0.469,0.5544,
dual_docked_pool,-0.2549,0.3146,
dual_docked_pool,-0.1537,-0.0076,
dual_docked_pool,-0.3605,0.5852,
dual_docked_pool,0.8633,0.5052,
dual_docked_pool,0.1718,-0.2881,
dual_docked_pool,-0.1242,0.4295,
dual_docked_pool,-0.2036,-1.0993,
dual_docked_pool,-0.2112,-0.0462,
dual_docked_pool,-0.3951,-0.8207,
dual_docked_pool,-1.1013,0.0757,
dual_docked_pool,-0.4822,0.6297,
dual_docked_pool,-1.2965,-0.1461,
dual_docked_pool,0.4581,-0.962,
dual_docked_pool,-0.1851,0.2836,
dual_docked_pool,-0.9302,0.3818,
dual_docked_pool,-1.0076,-0.0381,
dual_docked_pool,0.1785,0.0539,
dual_docked_pool,-0.0344,-0.2747,
dual_docked_pool,-1.1203,0.3604,
dual_docked_pool,-0.2821,-0.4387,
dual_docked_pool,-1.0354,-0.2648,
dual_docked_pool,-0.9948,-0.2442,
dual_docked_pool,-0.5517,0.1897,
dual_docked_pool,0.7059,-0.0084,
dual_docked_pool,-0.4881,-0.782,
dual_docked_pool,-1.0365,-0.2829,
dual_docked_pool,-0.3476,0.2257,
dual_docked_pool,-0.2757,-0.3554,
dual_docked_pool,-0.5417,0.2542,
dual_docked_pool,-0.7245,0.1049,
dual_docked_pool,-0.1593,0.1938,
dual_docked_pool,0.1935,0.2436,
dual_docked_pool,-0.3577,-0.4391,
dual_docked_pool,-0.9395,0.0411,
dual_docked_pool,-0.252,-0.1543,
dual_docked_pool,-1.1955,0.0891,
dual_docked_pool,0.066,-1.1848,
dual_docked_pool,-0.714,-0.2178,
dual_docked_pool,-1.0389,-0.0036,
dual_docked_pool,-0.847,0.4354,
dual_docked_pool,1.0611,0.3448,
dual_docked_pool,0.3441,-0.0232,
dual_docked_pool,-1.5159,-0.4856,
dual_docked_pool,-0.0877,0.3606,
dual_docked_pool,0.5041,0.2202,
dual_docked_pool,0.2991,-0.3239,
dual_docked_pool,0.5853,0.3834,
dual_docked_pool,-0.7861,0.3374,
dual_docked_pool,-0.0492,-0.2029,
dual_docked_pool,0.41,-0.1353,
dual_docked_pool,-1.3603,-0.2426,
dual_docked_pool,-0.5712,0.4406,
dual_docked_pool,0.094,-0.1072,
dual_docked_pool,0.3297,0.0824,
dual_docked_pool,0.1564,-0.4433,
dual_docked_pool,-0.5861,-0.945,
dual_docked_pool,-0.629,-0.1835,
dual_docked_pool,-0.0182,-0.4985,
dual_docked_pool,-0.4821,0.0567,
dual_docked_pool,-1.1773,-0.1855,
dual_docked_pool,-0.7574,-0.0585,
dual_docked_pool,-1.0942,-0.7587,
dual_docked_pool,-0.411,0.2773,
dual_docked_pool,-1.4768,0.4403,
dual_docked_pool,-0.4459,-0.3692,
dual_docked_pool,-0.4787,-0.4854,
dual_docked_pool,0.5621,-0.0835,
dual_docked_pool,-0.3088,-0.0605,
dual_docked_pool,-0.9158,0.7172,
dual_docked_pool,-0.6835,0.0432,
dual_docked_pool,0.1411,-0.2473,
dual_docked_pool,-0.3796,0.1418,
dual_docked_pool,0.1882,-0.2519,
dual_docked_pool,-0.3262,0.2379,
dual_docked_pool,0.8433,0.6131,
dual_docked_pool,-0.9981,-0.7712,
dual_docked_pool,-0.5543,-0.3508,
dual_docked_pool,-0.9168,0.0916,
dual_docked_pool,-0.1455,-0.2988,
dual_docked_pool,-0.4607,0.0138,
dual_docked_pool,0.8132,-0.128,
dual_docked_pool,-0.1959,0.2676,
dual_docked_pool,-0.1108,-0.4515,
dual_docked_pool,-0.6396,-0.7893,
dual_docked_pool,-0.3398,1.051,
dual_docked_pool,-0.5686,0.3537,
dual_docked_pool,-0.5903,-0.6939,
dual_docked_pool,0.2663,-0.2404,
dual_docked_pool,-0.3318,-0.7809,
dual_docked_pool,-0.2322,-0.2969,
dual_docked_pool,-0.6181,0.255,
dual_docked_pool,-0.9399,-0.2266,
dual_docked_pool,-0.153,0.1449,
dual_docked_pool,-0.3285,-0.2003,
dual_docked_pool,-1.0749,0.0319,
dual_docked_pool,-0.1591,0.1039,
dual_docked_pool,-0.2029,0.6962,
dual_docked_pool,-1.1102,0.1015,
dual_docked_pool,-0.0508,0.2885,
dual_docked_pool,-0.1516,-0.457,
dual_docked_pool,-0.1149,0.3047,
dual_docked_pool,-0.7465,-0.114,
dual_docked_pool,-1.2545,0.2673,
dual_docked_pool,-0.6618,0.3964,
dual_docked_pool,-1.641,0.5013,
dual_docked_pool,-0.4368,-0.245,
dual_docked_pool,-0.0967,-0.6441,
dual_docked_pool,-0.7054,-0.8968,
dual_docked_pool,-0.0439,-0.5382,
dual_docked_pool,-1.0827,0.2937,
dual_docked_pool,0.0274,-0.8173,
dual_docked_pool,0.399,0.353,
dual_docked_pool,0.4162,-0.0392,
dual_docked_pool,-0.9716,0.2273,
dual_docked_pool,-0.9475,-0.2093,
dual_docked_pool,0.8743,-0.1934,
dual_docked_pool,-0.0468,-0.3078,
dual_docked_pool,0.1057,0.6183,
dual_docked_pool,-0.4683,0.4863,
dual_docked_pool,-1.2306,0.8486,
dual_docked_pool,-1.2152,0.0406,
dual_docked_pool,0.3107,0.9108,
dual_docked_pool,1.9253,0.2533,
dual_docked_pool,1.9233,0.1839,
dual_docked_pool,-0.8638,-0.2011,
dual_docked_pool,-1.0904,-0.0466,
dual_docked_pool,-1.4488,0.272,
dual_docked_pool,-0.3096,0.0278,
dual_docked_pool,-1.6743,0.6364,
dual_docked_pool,0.162,-0.2685,
dual_docked_pool,0.16,-1.1566,
dual_docked_pool,-0.4468,0.2498,
dual_docked_pool,-1.3632,-0.2603,
dual_docked_pool,-0.9151,-0.4127,
dual_docked_pool,-0.5552,-0.0973,
dual_docked_pool,-1.0161,-1.2641,
dual_docked_pool,-0.408,-1.0616,
dual_docked_pool,-0.3693,1.4664,
dual_docked_pool,-0.6094,-0.5543,
dual_docked_pool,-0.32,-0.6051,
dual_docked_pool,0.2169,-0.1073,
dual_docked_pool,0.2064,0.0266,
dual_docked_pool,-0.4897,0.17,
dual_docked_pool,0.127,0.7224,
dual_docked_pool,0.273,-0.5617,
dual_docked_pool,-0.8568,0.2465,
dual_docked_pool,-0.1411,-0.6426,
dual_docked_pool,-0.8969,0.1405,
dual_docked_pool,-1.1486,-0.4434,
dual_docked_pool,-0.9289,0.4757,
dual_docked_pool,-0.7477,-0.1777,
dual_docked_pool,0.1324,-0.162,
dual_docked_pool,-1.0074,0.2443,
dual_docked_pool,-0.7107,-0.1511,
dual_docked_pool,0.6799,0.3514,
dual_docked_pool,-0.4032,-0.7047,
dual_docked_pool,0.6198,-0.1484,
dual_docked_pool,0.6799,0.3514,
dual_docked_pool,-0.3737,-0.2013,
dual_docked_pool,-0.6323,0.2115,
dual_docked_pool,-0.9359,-0.0047,
dual_docked_pool,-1.0746,0.0418,
dual_docked_pool,-0.7877,-0.8684,
dual_docked_pool,1.5172,0.0556,
dual_docked_pool,-1.0518,-0.0091,
dual_docked_pool,-0.387,0.4927,
dual_docked_pool,-1.025,0.528,
dual_docked_pool,-0.5021,-1.1012,
dual_docked_pool,-0.5469,-0.8698,
dual_docked_pool,-0.464,0.5708,
dual_docked_pool,-0.2386,-0.3377,
dual_docked_pool,-0.4834,-0.234,
dual_docked_pool,0.1023,-0.4588,
dual_docked_pool,-0.9325,-0.1963,
dual_docked_pool,-0.5574,-0.6521,
dual_docked_pool,-0.55,-0.6711,
dual_docked_pool,-0.4245,-0.6689,
dual_docked_pool,-0.2358,0.5548,
dual_docked_pool,-0.6826,-0.6739,
dual_docked_pool,-1.0607,0.0786,
dual_docked_pool,-0.5066,-0.3148,
dual_docked_pool,0.0215,0.1425,
dual_docked_pool,0.5252,0.3302,
dual_docked_pool,0.0635,0.4287,
dual_docked_pool,-0.2606,-0.4092,
dual_docked_pool,-0.6928,-0.7585,
dual_docked_pool,-0.673,-0.905,
dual_docked_pool,-1.1237,-0.2072,
dual_docked_pool,0.0047,-0.0462,
dual_docked_pool,-0.7535,-0.5777,
dual_docked_pool,-0.2862,-1.0012,
dual_docked_pool,-0.1216,0.0394,
dual_docked_pool,-0.1286,-0.0228,
dual_docked_pool,-0.6596,-0.3369,
dual_docked_pool,0.5706,-0.6744,
dual_docked_pool,-0.9,-0.4437,
dual_docked_pool,0.0992,-0.8293,
dual_docked_pool,-1.3779,0.408,
dual_docked_pool,-0.3435,-0.3298,
dual_docked_pool,-0.8987,0.4737,
dual_docked_pool,-0.004,0.6902,
dual_docked_pool,0.1099,-0.4353,
dual_docked_pool,-1.0062,0.723,
dual_docked_pool,-1.2318,0.5166,
dual_docked_pool,-0.9036,-0.536,
dual_docked_pool,-1.2253,-0.0323,
dual_docked_pool,-1.1846,0.2839,
dual_docked_pool,-0.4048,0.3985,
dual_docked_pool,-1.1265,0.0713,
dual_docked_pool,-0.4015,-0.0918,
dual_docked_pool,-0.0426,-0.0533,
dual_docked_pool,-0.0515,0.0689,
dual_docked_pool,-1.1861,-0.242,
dual_docked_pool,-0.966,0.3816,
dual_docked_pool,-0.5304,-0.0657,
dual_docked_pool,-0.344,-0.2183,
dual_docked_pool,0.171,-1.3937,
dual_docked_pool,-0.955,0.3192,
dual_docked_pool,-0.4984,-0.5094,
dual_docked_pool,-1.1149,0.5935,
dual_docked_pool,-0.9714,0.5986,
dual_docked_pool,-0.4998,-0.2023,
dual_docked_pool,0.4044,-0.1022,
dual_docked_pool,0.3784,-0.2179,
dual_docked_pool,0.4662,-0.3308,
dual_docked_pool,1.5009,0.2789,
dual_docked_pool,-1.0617,-0.421,
dual_docked_pool,-0.6919,-0.0111,
dual_docked_pool,-0.4911,-0.5759,
dual_docked_pool,-0.9261,-0.3725,
dual_docked_pool,-0.5877,0.5621,
dual_docked_pool,0.3556,0.1135,
dual_docked_pool,0.3447,-0.3905,
dual_docked_pool,-0.0787,-0.809,
dual_docked_pool,0.3258,-0.2512,
dual_docked_pool,0.5369,0.0323,
dual_docked_pool,0.5923,-0.101,
dual_docked_pool,-0.7634,0.1291,
dual_docked_pool,0.5699,0.3289,
dual_docked_pool,-0.8271,0.0179,
dual_docked_pool,-0.4118,-0.9432,
dual_docked_pool,-0.0765,-0.5512,
dual_docked_pool,-1.0177,-0.2535,
dual_docked_pool,-1.22,-0.0583,
dual_docked_pool,-0.9851,-0.0356,
dual_docked_pool,-0.5385,0.4503,
dual_docked_pool,-0.8093,0.2387,
dual_docked_pool,0.8253,0.1146,
dual_docked_pool,-0.4381,0.2355,
dual_docked_pool,-0.8329,0.321,
dual_docked_pool,-0.5713,0.6582,
dual_docked_pool,-0.6349,0.3344,
dual_docked_pool,-1.3598,0.0971,
dual_docked_pool,-1.1064,-0.1794,
dual_docked_pool,-0.7346,0.3576,
dual_docked_pool,-0.9502,0.3897,
dual_docked_pool,-0.3652,-0.9164,
dual_docked_pool,-0.5805,-0.3011,
dual_docked_pool,-0.4866,-0.4499,
dual_docked_pool,-0.7566,-0.3091,
dual_docked_pool,-0.4427,0.2275,
dual_docked_pool,-0.3426,0.3231,
dual_docked_pool,-0.2506,0.542,
dual_docked_pool,-0.5908,0.2308,
dual_docked_pool,-0.3409,0.3833,
dual_docked_pool,0.0867,0.4194,
dual_docked_pool,-0.7414,-0.3496,
dual_docked_pool,0.6128,0.0959,
dual_docked_pool,-0.4177,-0.1779,
dual_docked_pool,-1.0782,-0.1837,
dual_docked_pool,0.177,-0.4012,
dual_docked_pool,-0.1016,-1.0672,
dual_docked_pool,-0.5682,0.1281,
dual_docked_pool,-0.1388,-0.5956,
dual_docked_pool,-0.4896,0.3953,
dual_docked_pool,-0.7253,0.8156,
dual_docked_pool,0.1103,-0.249,
dual_docked_pool,-0.4147,-0.9273,
dual_docked_pool,-0.3965,-0.5738,
dual_docked_pool,-1.2393,-0.2123,
dual_docked_pool,-0.8567,0.6994,
dual_docked_pool,-1.027,0.0769,
dual_docked_pool,-0.6649,-0.1718,
dual_docked_pool,-0.6544,0.231,
dual_docked_pool,0.807,0.4192,
dual_docked_pool,-1.1989,0.2193,
dual_docked_pool,-0.4613,0.2089,
dual_docked_pool,-0.5473,-0.0339,
dual_docked_pool,-0.7308,-0.9226,
dual_docked_pool,-0.2585,-0.1389,
dual_docked_pool,-1.2466,0.2373,
dual_docked_pool,-0.9031,0.6692,
dual_docked_pool,0.0232,-0.8503,
dual_docked_pool,-0.9578,0.7538,
dual_docked_pool,-0.4197,-0.0822,
dual_docked_pool,-1.2535,-0.0977,
dual_docked_pool,-1.0042,0.2455,
dual_docked_pool,-1.4242,-0.1078,
dual_docked_pool,0.2088,-0.1627,
dual_docked_pool,0.095,-0.4238,
dual_docked_pool,0.0251,0.3123,
dual_docked_pool,-0.1609,-0.2938,
dual_docked_pool,-0.0559,-0.4254,
dual_docked_pool,0.1722,-0.8092,
dual_docked_pool,-0.9141,0.206,
dual_docked_pool,-1.0416,-0.1448,
dual_docked_pool,-0.5774,0.127,
dual_docked_pool,0.6992,-0.7998,
dual_docked_pool,-0.7629,-0.2447,
dual_docked_pool,1.555,0.3313,
dual_docked_pool,-0.4471,0.3457,
dual_docked_pool,-1.0754,-0.008,
dual_docked_pool,-1.5468,-0.0535,
dual_docked_pool,0.7835,-0.0331,
dual_docked_pool,-0.8601,-0.8742,
dual_docked_pool,-0.6634,0.4496,
dual_docked_pool,0.464,-0.859,
dual_docked_pool,0.8655,-0.4128,
dual_docked_pool,0.1308,0.7214,
dual_docked_pool,-0.8124,-0.1226,
dual_docked_pool,-0.4958,-0.6389,
dual_docked_pool,-0.2806,-0.3376,
dual_docked_pool,1.0599,-0.7658,
dual_docked_pool,-0.1651,0.0323,
dual_docked_pool,-0.8284,-0.1711,
dual_docked_pool,1.7094,0.3496,
dual_docked_pool,0.5399,0.3264,
dual_docked_pool,0.1909,0.7239,
dual_docked_pool,-0.8219,-0.1782,
dual_docked_pool,0.2732,0.0816,
dual_docked_pool,-0.2477,-0.4152,
dual_docked_pool,-1.0925,-0.2809,
dual_docked_pool,0.735,-0.1927,
dual_docked_pool,-0.6805,-1.3089,
dual_docked_pool,0.0437,-0.2494,
dual_docked_pool,-1.229,0.348,
dual_docked_pool,-0.6294,-0.5228,
dual_docked_pool,-1.2468,-0.0897,
dual_docked_pool,-1.2642,0.7975,
dual_docked_pool,-0.077,0.7101,
dual_docked_pool,-1.0771,-0.409,
dual_docked_pool,0.194,-0.5937,
dual_docked_pool,-0.8667,-0.4156,
dual_docked_pool,-0.3906,0.2093,
dual_docked_pool,-0.8184,0.6147,
dual_docked_pool,-1.0602,0.5062,
dual_docked_pool,-0.752,-0.0946,
dual_docked_pool,-0.4791,0.8186,
dual_docked_pool,-0.1318,0.0184,
dual_docked_pool,-0.7223,1.2754,
dual_docked_pool,0.7846,-0.314,
dual_docked_pool,1.6702,0.4334,
dual_docked_pool,-0.0507,-0.4295,
dual_docked_pool,-1.4319,0.1739,
dual_docked_pool,-0.6845,-0.5871,
dual_docked_pool,0.4223,-0.8348,
dual_docked_pool,-0.9827,0.4222,
dual_docked_pool,-0.5931,0.6819,
dual_docked_pool,-0.3368,0.2889,
dual_docked_pool,0.2088,0.2866,
dual_docked_pool,-0.2927,-0.1201,
dual_docked_pool,0.559,-0.7688,
dual_docked_pool,0.2151,-0.3163,
dual_docked_pool,-0.0513,0.3248,
dual_docked_pool,-0.6595,0.0528,
dual_docked_pool,-0.7961,0.7336,
dual_docked_pool,-0.193,-0.295,
dual_docked_pool,-0.581,-0.7462,
dual_docked_pool,0.0455,0.4962,
dual_docked_pool,-0.161,-0.1211,
dual_docked_pool,-0.4784,0.3397,
dual_docked_pool,-0.913,-0.0542,
dual_docked_pool,0.0035,-0.8895,
dual_docked_pool,-0.2166,0.6542,
dual_docked_pool,0.0563,0.8606,
dual_docked_pool,-0.2719,-0.4488,
dual_docked_pool,0.7151,-0.0408,
dual_docked_pool,-0.0641,0.1149,
dual_docked_pool,-1.0356,0.2279,
dual_docked_pool,0.2525,-0.1766,
dual_docked_pool,-0.4801,0.1858,
dual_docked_pool,-0.4166,0.1193,
dual_docked_pool,-0.4324,-0.1284,
dual_docked_pool,-1.1108,-0.0671,
dual_docked_pool,-0.2843,0.2404,
dual_docked_pool,-0.7338,0.2457,
dual_docked_pool,-0.3992,0.8566,
dual_docked_pool,-0.2603,-0.7973,
dual_docked_pool,0.2087,0.1135,
dual_docked_pool,0.1699,1.1117,
dual_docked_pool,-0.6807,0.2405,
dual_docked_pool,-1.0603,0.2324,
dual_docked_pool,-0.4426,0.3676,
dual_docked_pool,-0.4601,0.569,
dual_docked_pool,-0.1743,0.1344,
dual_docked_pool,0.2016,0.2886,
dual_docked_pool,-0.4629,0.0393,
dual_docked_pool,-0.1467,-0.7622,
dual_docked_pool,0.255,-0.9271,
dual_docked_pool,-0.6439,-0.7218,
dual_docked_pool,-1.09,-1.1753,
dual_docked_pool,-1.0264,0.5364,
dual_docked_pool,-0.5034,-0.1283,
dual_docked_pool,-0.3704,-0.8562,
dual_docked_pool,-0.4052,-0.4712,
dual_docked_pool,-0.5049,1.1384,
dual_docked_pool,-0.9512,0.158,
dual_docked_pool,-1.1929,-0.14,
dual_docked_pool,-1.2239,0.2041,
dual_docked_pool,-0.679,-0.4343,
dual_docked_pool,-0.2787,-0.4758,
dual_docked_pool,-1.4394,0.5248,
dual_docked_pool,-0.2531,-0.605,
dual_docked_pool,-0.5199,-0.2827,
dual_docked_pool,-0.7798,0.3981,
dual_docked_pool,-0.403,-0.3661,
dual_docked_pool,-0.3148,0.1236,
dual_docked_pool,0.3157,-0.8726,
dual_docked_pool,-0.8249,-0.5121,
dual_docked_pool,-0.5148,-0.1024,
dual_docked_pool,0.7431,0.4376,
dual_docked_pool,0.3584,0.265,
dual_docked_pool,-0.1517,-0.7293,
dual_docked_pool,-0.3011,-0.1533,
dual_docked_pool,0.464,-0.789,
dual_docked_pool,-0.9014,-0.2965,
dual_docked_pool,-1.2985,0.4799,
dual_docked_pool,-0.0763,0.1757,
dual_docked_pool,-0.7017,-0.7279,
dual_docked_pool,-0.3418,0.1957,
dual_docked_pool,-1.0243,-0.2161,
dual_docked_pool,-0.3381,-0.2099,
dual_docked_pool,-0.427,-0.7155,
dual_docked_pool,-0.3409,0.5614,
dual_docked_pool,0.4168,0.295,
dual_docked_pool,-0.8807,0.1693,
dual_docked_pool,0.3107,-0.6635,
dual_docked_pool,-0.5977,0.7801,
dual_docked_pool,-0.8262,-0.3228,
dual_docked_pool,-1.1199,-0.6122,
dual_docked_pool,-1.3143,-0.4936,
dual_docked_pool,-0.58,-0.5429,
dual_docked_pool,-0.9437,-0.5804,
dual_docked_pool,-0.1338,-0.0059,
dual_docked_pool,0.495,-0.1948,
dual_docked_pool,-0.3705,-0.0087,
dual_docked_pool,1.0162,-0.2433,
dual_docked_pool,-1.1967,0.7705,
dual_docked_pool,-0.6971,-0.7748,
dual_docked_pool,-0.9996,0.2836,
dual_docked_pool,-1.3295,-0.446,
dual_docked_pool,-0.2321,-0.1961,
dual_docked_pool,0.4432,-0.2333,
dual_docked_pool,0.0169,0.3662,
dual_docked_pool,-0.8703,0.3947,
dual_docked_pool,-0.3156,0.1698,
dual_docked_pool,-0.4128,0.8589,
dual_docked_pool,0.3482,0.2671,
dual_docked_pool,-0.9515,-0.3839,
dual_docked_pool,0.0108,-0.0096,
dual_docked_pool,-0.8886,0.3674,
dual_docked_pool,-0.5005,0.2099,
dual_docked_pool,-0.3317,-0.5854,
dual_docked_pool,-0.7374,0.9105,
dual_docked_pool,-0.3116,0.1628,
dual_docked_pool,-0.4738,0.4978,
dual_docked_pool,-0.7248,-0.6329,
dual_docked_pool,-1.0631,0.311,
dual_docked_pool,-0.3788,-0.0059,
dual_docked_pool,0.1158,-0.3515,
dual_docked_pool,-0.4429,-0.2859,
dual_docked_pool,0.807,-0.4604,
dual_docked_pool,-0.4901,-0.0621,
dual_docked_pool,-0.853,-0.5379,
dual_docked_pool,0.473,0.2585,
dual_docked_pool,-0.3675,0.2801,
dual_docked_pool,-1.2308,0.0055,
dual_docked_pool,-0.5046,-0.029,
dual_docked_pool,-0.4331,0.4114,
dual_docked_pool,-0.5169,1.2033,
dual_docked_pool,-0.8827,-0.9478,
dual_docked_pool,-0.7561,0.2575,
dual_docked_pool,-1.0636,0.3381,
dual_docked_pool,-0.1074,0.5139,
dual_docked_pool,-0.7134,0.2249,
dual_docked_pool,-0.3859,0.1134,
dual_docked_pool,-0.1431,-0.2861,
dual_docked_pool,-0.1015,-0.1546,
dual_docked_pool,-0.5132,0.2645,
dual_docked_pool,-0.1903,0.6126,
dual_docked_pool,-0.9443,0.3507,
dual_docked_pool,0.3317,0.0991,
dual_docked_pool,-0.8022,1.2096,
dual_docked_pool,-1.3407,-0.0626,
dual_docked_pool,-0.8881,-0.4133,
dual_docked_pool,0.2612,0.3521,
dual_docked_pool,-0.7241,-0.123,
dual_docked_pool,-0.7914,-0.6959,
dual_docked_pool,-0.3407,-0.0029,
dual_docked_pool,-0.7378,0.9382,
dual_docked_pool,-0.4422,0.1028,
dual_docked_pool,-0.0749,0.0732,
dual_docked_pool,1.0406,-0.0282,
dual_docked_pool,0.1552,-0.3991,
dual_docked_pool,-0.7284,0.0486,
dual_docked_pool,0.6865,-0.3555,
dual_docked_pool,-0.6936,0.6717,
dual_docked_pool,-0.239,-0.1814,
dual_docked_pool,-0.1167,0.5322,
dual_docked_pool,-0.161,1.1009,
dual_docked_pool,-0.4609,-0.1329,
dual_docked_pool,0.5255,-0.298,
dual_docked_pool,-0.5297,0.5932,
dual_docked_pool,-1.3965,-0.64,
dual_docked_pool,-0.6,0.2356,
dual_docked_pool,-0.8377,1.0176,
dual_docked_pool,-0.2764,-0.4212,
dual_docked_pool,0.4235,0.3473,
dual_docked_pool,-1.1542,-0.8192,
dual_docked_pool,-0.7339,0.5248,
dual_docked_pool,-0.5305,-0.1885,
dual_docked_pool,-0.3281,-0.1268,
dual_docked_pool,-0.4038,-0.8833,
dual_docked_pool,0.554,-0.0912,
dual_docked_pool,-0.3737,-0.2013,
dual_docked_pool,-1.0683,0.5173,
dual_docked_pool,-0.8218,0.054,
dual_docked_pool,-0.2102,0.3518,
dual_docked_pool,-0.4298,0.5638,
dual_docked_pool,-0.727,-0.4027,
dual_docked_pool,-0.2587,-0.1026,
dual_docked_pool,-0.494,-0.164,
dual_docked_pool,-0.2501,1.1266,
dual_docked_pool,-0.5799,-0.2987,
dual_docked_pool,0.6895,-0.4695,
dual_docked_pool,0.5286,-0.6596,
dual_docked_pool,0.079,0.5939,
dual_docked_pool,-0.606,-0.4588,
dual_docked_pool,-1.2824,0.7677,
dual_docked_pool,-0.9336,-0.0114,
dual_docked_pool,-0.4889,0.6983,
dual_docked_pool,-1.3555,-0.0771,
dual_docked_pool,-0.2632,-0.3139,
dual_docked_pool,-0.6436,-0.1261,
dual_docked_pool,-0.7186,-1.522,
dual_docked_pool,-1.0091,0.144,
dual_docked_pool,-0.3005,0.2917,
dual_docked_pool,-0.8408,0.3666,
dual_docked_pool,-1.1224,0.0594,
dual_docked_pool,0.0626,-0.1844,
dual_docked_pool,-0.7842,-0.813,
dual_docked_pool,0.6069,-0.3607,
dual_docked_pool,-0.8784,0.8378,
dual_docked_pool,0.1266,0.4897,
dual_docked_pool,-0.2806,-1.3845,
dual_docked_pool,0.0183,-0.2771,
dual_docked_pool,-0.4326,0.4873,
dual_docked_pool,-0.7456,0.0758,
dual_docked_pool,0.9019,0.8375,
dual_docked_pool,-0.4265,0.2574,
dual_docked_pool,-0.3774,0.7367,
dual_docked_pool,-0.8601,0.5069,
dual_docked_pool,-0.8882,-0.6719,
dual_docked_pool,-1.1912,0.8304,
dual_docked_pool,-0.9424,0.1554,
dual_docked_pool,-0.5463,-0.3599,
dual_docked_pool,-0.7979,0.7555,
dual_docked_pool,-0.8974,0.4321,
dual_docked_pool,0.4176,0.3106,
dual_docked_pool,-0.8186,0.3445,
dual_docked_pool,-0.8605,-0.8219,
dual_docked_pool,-0.7477,-0.0149,
dual_docked_pool,-1.4405,0.4022,
dual_docked_pool,0.8588,-0.0457,
dual_docked_pool,-0.4863,-0.6494,
dual_docked_pool,-1.2153,0.3286,
dual_docked_pool,0.1581,0.2488,
dual_docked_pool,-0.8094,-0.7054,
dual_docked_pool,-0.5782,-0.6686,
dual_docked_pool,0.2656,-0.5256,
dual_docked_pool,-0.3189,0.3994,
dual_docked_pool,-0.6512,0.5383,
dual_docked_pool,-0.7724,-0.4367,
dual_docked_pool,0.1446,-0.4667,
dual_docked_pool,-0.0003,0.4587,
dual_docked_pool,-0.6491,2.2479,
dual_docked_pool,-0.8465,-0.3443,
dual_docked_pool,-0.6617,0.217,
dual_docked_pool,0.226,-0.0158,
dual_docked_pool,0.0923,-0.7178,
dual_docked_pool,-0.6906,-0.0045,
dual_docked_pool,-0.5098,0.0938,
dual_docked_pool,-0.1896,1.2936,
dual_docked_pool,-0.0764,-0.2379,
dual_docked_pool,-0.7134,-0.5771,
dual_docked_pool,-0.7942,0.772,
dual_docked_pool,-0.7641,0.3201,
dual_docked_pool,0.0241,-0.7938,
dual_docked_pool,-0.1277,0.0444,
dual_docked_pool,-0.1156,0.6494,
dual_docked_pool,0.3574,-0.444,
dual_docked_pool,-0.8505,0.7537,
dual_docked_pool,-1.2218,0.6761,
dual_docked_pool,-0.9654,-0.6439,
dual_docked_pool,0.8035,-0.2564,
dual_docked_pool,-0.3482,-0.2392,
dual_docked_pool,0.3173,-0.326,
dual_docked_pool,-0.0979,-0.0161,
dual_docked_pool,-1.0123,-0.2078,
dual_docked_pool,0.3775,-0.1537,
dual_docked_pool,-1.1591,-0.0725,
dual_docked_pool,-1.2166,0.195,
dual_docked_pool,-1.2109,-0.5321,
dual_docked_pool,-1.0247,0.1631,
dual_docked_pool,-0.2462,0.1712,
dual_docked_pool,0.2695,0.0807,
dual_docked_pool,-0.1239,-0.0344,
dual_docked_pool,0.0684,0.0789,
dual_docked_pool,0.2301,0.462,
dual_docked_pool,0.1437,0.064,
dual_docked_pool,-0.001,-0.044,
dual_docked_pool,-0.154,-0.4199,
dual_docked_pool,0.2712,0.0015,
dual_docked_pool,-0.5754,0.5512,
dual_docked_pool,-0.5609,-0.8852,
dual_docked_pool,-0.399,0.1999,
dual_docked_pool,0.6488,0.4707,
dual_docked_pool,-1.3094,0.2599,
dual_docked_pool,0.3994,-0.5708,
dual_docked_pool,-0.5503,-0.2241,
dual_docked_pool,-0.3853,0.5888,
dual_docked_pool,-1.2855,0.7869,
dual_docked_pool,-0.3999,1.0102,
dual_docked_pool,-0.0594,0.0944,
dual_docked_pool,-0.654,-0.2476,
dual_docked_pool,-0.2532,0.071,
dual_docked_pool,0.2691,-0.1514,
dual_docked_pool,0.1652,-0.9622,
dual_docked_pool,-0.8927,0.0156,
dual_docked_pool,-1.3144,0.2506,
dual_docked_pool,-0.063,-0.3161,
dual_docked_pool,-0.3552,-0.6496,
dual_docked_pool,0.0893,0.6286,
dual_docked_pool,0.494,0.0173,
dual_docked_pool,0.3692,-0.371,
dual_docked_pool,-0.3526,0.4662,
dual_docked_pool,-0.7604,0.3905,
dual_docked_pool,-0.7971,0.0843,
dual_docked_pool,-1.2609,-1.3642,
dual_docked_pool,-0.2403,0.7165,
dual_docked_pool,0.3835,-0.0304,
dual_docked_pool,-0.6146,-0.9903,
dual_docked_pool,-0.1989,0.1548,
dual_docked_pool,-0.756,-0.0596,
dual_docked_pool,-0.0836,-0.4357,
dual_docked_pool,0.1239,-0.541,
dual_docked_pool,-0.8546,-0.2585,
dual_docked_pool,-0.2945,0.3029,
dual_docked_pool,-0.1264,-0.1447,
dual_docked_pool,-0.1875,-0.1993,
dual_docked_pool,0.0627,-0.4706,
dual_docked_pool,0.1992,-0.0551,
dual_docked_pool,-0.3163,0.2293,
dual_docked_pool,-0.3554,-0.0841,
dual_docked_pool,-1.4583,-0.0857,
dual_docked_pool,-0.4347,0.3889,
dual_docked_pool,-1.0955,-0.846,
dual_docked_pool,-0.9743,-0.3661,
dual_docked_pool,0.1272,0.5508,
dual_docked_pool,-0.278,0.0735,
dual_docked_pool,-1.0306,-0.1965,
dual_docked_pool,-0.1308,-0.2762,
dual_docked_pool,-0.9636,-0.6203,
dual_docked_pool,-0.7706,-0.2555,
dual_docked_pool,-1.0116,-0.744,
dual_docked_pool,-0.8017,-1.009,
dual_docked_pool,0.4094,0.8159,
dual_docked_pool,-0.2323,-0.4408,
dual_docked_pool,-1.5205,0.0028,
dual_docked_pool,-0.66,0.3731,
dual_docked_pool,-0.948,-0.0558,
dual_docked_pool,-0.3123,0.3527,
dual_docked_pool,-1.042,-0.5547,
dual_docked_pool,-0.5276,-0.6919,
dual_docked_pool,-0.5394,-0.35,
dual_docked_pool,-0.8211,0.1084,
dual_docked_pool,-0.2719,-0.3932,
dual_docked_pool,-0.4746,-0.5107,
dual_docked_pool,0.8469,0.1327,
dual_docked_pool,-0.4704,0.0178,
dual_docked_pool,0.089,-0.6247,
dual_docked_pool,-0.9048,0.298,
dual_docked_pool,-0.1547,0.0725,
dual_docked_pool,-0.7925,-0.8344,
dual_docked_pool,-0.8822,-0.1838,
dual_docked_pool,-0.4139,0.0473,
dual_docked_pool,-0.4378,-0.2298,
dual_docked_pool,0.18,0.5278,
dual_docked_pool,-1.3632,0.2407,
dual_docked_pool,-0.8846,-0.727,
dual_docked_pool,-0.3365,0.3887,
dual_docked_pool,-0.8845,-0.3018,
dual_docked_pool,-0.8677,0.6204,
dual_docked_pool,-0.5273,0.3451,
dual_docked_pool,-0.8716,-1e-04,
dual_docked_pool,-0.6157,0.8173,
dual_docked_pool,-0.3521,-0.1631,
dual_docked_pool,-0.421,-0.3845,
dual_docked_pool,-0.8864,0.5505,
dual_docked_pool,-0.9459,-0.2651,
dual_docked_pool,0.0077,-0.592,
dual_docked_pool,-1.4499,-0.3871,
dual_docked_pool,-0.5319,1.0816,
dual_docked_pool,-0.1156,-0.3018,
dual_docked_pool,-0.1979,-0.587,
dual_docked_pool,-0.6793,0.5032,
dual_docked_pool,-0.5796,-0.3163,
dual_docked_pool,0.0692,-0.4865,
dual_docked_pool,-0.6228,-0.2937,
dual_docked_pool,-1.1202,-0.4732,
dual_docked_pool,-0.5963,-0.2902,
dual_docked_pool,-1.1755,0.1679,
dual_docked_pool,0.1168,-0.3978,
dual_docked_pool,0.9627,0.0977,
dual_docked_pool,-0.7982,0.0508,
dual_docked_pool,-1.0139,0.5827,
dual_docked_pool,-0.5927,0.5801,
dual_docked_pool,0.1058,0.007,
dual_docked_pool,-0.6854,-0.5596,
dual_docked_pool,-0.623,0.3278,
dual_docked_pool,-0.015,0.739,
dual_docked_pool,0.7416,-0.264,
dual_docked_pool,-1.1689,-0.5552,
dual_docked_pool,0.292,-0.8701,
dual_docked_pool,-0.4649,-0.8495,
dual_docked_pool,-0.6187,-0.0136,
dual_docked_pool,-0.2093,0.1021,
dual_docked_pool,0.5875,0.1144,
dual_docked_pool,-0.2124,-0.3022,
dual_docked_pool,-0.5922,-1.073,
dual_docked_pool,-0.5988,-0.4653,
dual_docked_pool,-0.1693,0.8338,
dual_docked_pool,-0.5522,0.5114,
dual_docked_pool,-0.5197,-0.6018,
dual_docked_pool,-0.1311,-0.3051,
dual_docked_pool,-0.6011,-0.9642,
dual_docked_pool,-0.7991,0.0383,
dual_docked_pool,-0.4301,-0.3157,
dual_docked_pool,-0.9001,0.2161,
dual_docked_pool,-0.9594,-0.912,
dual_docked_pool,-1.073,0.3935,
dual_docked_pool,0.2002,-0.0321,
dual_docked_pool,-0.1952,-0.3694,
dual_docked_pool,-0.6404,0.1104,
dual_docked_pool,-0.4375,0.1845,
dual_docked_pool,-0.5521,-0.3649,
dual_docked_pool,-0.9559,0.3006,
dual_docked_pool,-0.1562,0.5871,
dual_docked_pool,0.1793,0.423,
dual_docked_pool,-0.5415,0.5038,
dual_docked_pool,1.2096,0.0433,
dual_docked_pool,-1.4583,-0.0857,
dual_docked_pool,-0.5462,-0.3417,
dual_docked_pool,-1.3166,0.4046,
dual_docked_pool,-0.2305,-0.9357,
dual_docked_pool,-0.3474,-0.8548,
dual_docked_pool,-0.031,-0.3891,
dual_docked_pool,-0.9928,-0.3233,
dual_docked_pool,-0.5318,-0.5883,
dual_docked_pool,-0.133,0.058,
dual_docked_pool,0.1212,-0.5833,
dual_docked_pool,0.5719,-0.0888,
dual_docked_pool,1.3299,0.3286,
dual_docked_pool,-0.2584,0.4681,
dual_docked_pool,-0.9808,0.4998,
dual_docked_pool,0.8088,-0.2886,
dual_docked_pool,-0.907,-0.5669,
dual_docked_pool,-0.6473,-0.0801,
dual_docked_pool,-0.9547,0.1621,
dual_docked_pool,-0.6951,-0.5353,
dual_docked_pool,-0.8273,-0.6541,
dual_docked_pool,-0.5781,-0.5614,
dual_docked_pool,-1.1648,0.4455,
dual_docked_pool,-0.5633,-1.0228,
dual_docked_pool,0.1343,-0.2131,
dual_docked_pool,-0.7496,-0.3716,
dual_docked_pool,-0.1402,-0.209,
dual_docked_pool,-0.1696,-0.4019,
dual_docked_pool,-1.0257,0.6325,
dual_docked_pool,-0.6568,0.0354,
dual_docked_pool,-0.5181,-0.7883,
dual_docked_pool,0.143,-0.1249,
dual_docked_pool,-0.3175,0.3707,
dual_docked_pool,-0.5231,-0.8237,
dual_docked_pool,-1.1603,0.2644,
dual_docked_pool,-0.4064,0.2634,
dual_docked_pool,-0.3811,-0.3365,
dual_docked_pool,-1.0185,0.4126,
dual_docked_pool,-1.1869,-0.186,
dual_docked_pool,-1.0437,0.3952,
dual_docked_pool,-0.6133,0.6668,
dual_docked_pool,0.0279,-0.0383,
dual_docked_pool,-0.8473,-0.1925,
dual_docked_pool,0.0055,-0.9601,
dual_docked_pool,-0.8954,-0.1647,
dual_docked_pool,-0.5135,-0.2316,
dual_docked_pool,0.8463,0.0089,
dual_docked_pool,-0.7763,0.1313,
dual_docked_pool,-0.2418,-0.4081,
dual_docked_pool,0.1168,-0.3978,
dual_docked_pool,-0.442,0.5272,
dual_docked_pool,-0.6698,0.3387,
dual_docked_pool,-0.519,0.1718,
dual_docked_pool,-0.4326,0.0357,
dual_docked_pool,0.0088,0.7999,
dual_docked_pool,-1.4056,-0.0401,
dual_docked_pool,-0.5272,0.799,
dual_docked_pool,-0.8037,0.1425,
dual_docked_pool,-0.4982,-0.2567,
dual_docked_pool,-0.7498,0.2313,
dual_docked_pool,0.3513,-0.3275,
dual_docked_pool,-0.8397,0.3803,
dual_docked_pool,0.4864,-0.2595,
dual_docked_pool,-0.7488,-1.0503,
dual_docked_pool,-0.5553,-0.6373,
dual_docked_pool,-0.4665,0.0971,
dual_docked_pool,-0.1347,0.0652,
dual_docked_pool,-0.4428,0.5372,
dual_docked_pool,-0.0273,0.4732,
dual_docked_pool,-0.5797,-0.6391,
dual_docked_pool,-0.9921,-0.3223,
dual_docked_pool,1.6797,0.0142,
dual_docked_pool,-0.1866,-0.3544,
dual_docked_pool,-0.3965,0.1081,
dual_docked_pool,-0.0754,-0.1691,
dual_docked_pool,-0.3891,-0.2173,
dual_docked_pool,-0.3814,0.5686,
dual_docked_pool,-1.0713,0.3312,
dual_docked_pool,-0.9847,0.3073,
dual_docked_pool,0.157,-0.9936,
dual_docked_pool,-0.5359,-0.5176,
dual_docked_pool,-1.0972,-0.1316,
dual_docked_pool,-0.7959,-0.0377,
dual_docked_pool,0.0529,-0.6986,
dual_docked_pool,-0.9801,0.4438,
dual_docked_pool,-0.3537,-0.4444,
dual_docked_pool,-1.1364,0.3191,
dual_docked_pool,-1.3372,-0.4606,
dual_docked_pool,0.5896,-0.1305,
dual_docked_pool,-0.4673,-0.3098,
dual_docked_pool,-0.4271,0.4654,
dual_docked_pool,-1.3459,0.0779,
dual_docked_pool,-0.4,-0.7578,
dual_docked_pool,-1.162,1.4431,
dual_docked_pool,-1.1781,-0.1043,
dual_docked_pool,0.6604,0.2217,
dual_docked_pool,-0.2193,0.1589,
dual_docked_pool,-1.1946,0.7166,
dual_docked_pool,-0.2124,0.7795,
dual_docked_pool,-0.0299,0.1124,
dual_docked_pool,1.2143,0.5758,
dual_docked_pool,-0.6782,0.5997,
dual_docked_pool,0.5138,1.0884,
dual_docked_pool,0.7839,-0.1185,
dual_docked_pool,0.0,-0.6926,
dual_docked_pool,-1.1714,-0.3162,
dual_docked_pool,-0.3021,0.6621,
dual_docked_pool,-1.236,-0.2075,
dual_docked_pool,-0.8063,-0.7168,
dual_docked_pool,-0.7451,0.2657,
dual_docked_pool,-0.5514,-0.4006,
dual_docked_pool,-0.4478,-0.0734,
dual_docked_pool,0.1288,0.0719,
dual_docked_pool,0.0298,-0.6114,
dual_docked_pool,0.1499,0.1939,
dual_docked_pool,-0.8141,0.0811,
dual_docked_pool,0.1259,0.3371,
dual_docked_pool,0.4431,0.4564,
dual_docked_pool,0.3544,-0.0732,
dual_docked_pool,0.1295,-0.4528,
dual_docked_pool,-1.2409,0.4637,
dual_docked_pool,-0.9512,-0.5837,
dual_docked_pool,-0.109,-0.2292,
dual_docked_pool,-0.7178,-0.7622,
dual_docked_pool,-1.5755,-0.2006,
dual_docked_pool,-0.944,-0.2406,
dual_docked_pool,1.2353,0.1266,
dual_docked_pool,-0.5487,-0.4474,
dual_docked_pool,1.27,0.9975,
dual_docked_pool,0.0575,-0.1755,
dual_docked_pool,-1.1014,0.646,
dual_docked_pool,0.7331,-1.007,
dual_docked_pool,0.5479,0.1663,
dual_docked_pool,-0.0944,-0.2883,
dual_docked_pool,-0.5534,-0.2692,
dual_docked_pool,-0.74,0.4794,
dual_docked_pool,-0.7705,-0.0589,
dual_docked_pool,-0.8756,0.2079,
dual_docked_pool,-0.3515,-0.4055,
dual_docked_pool,-0.6919,-0.7788,
dual_docked_pool,-0.7526,0.1972,
dual_docked_pool,-0.7718,-0.4707,
dual_docked_pool,0.9127,-0.3028,
dual_docked_pool,-0.2497,0.5118,
dual_docked_pool,-0.4863,-0.4989,
dual_docked_pool,-0.7737,-0.4978,
dual_docked_pool,-0.7799,0.7628,
dual_docked_pool,-0.5716,-0.1288,
dual_docked_pool,-1.3023,0.1501,
dual_docked_pool,-1.1486,0.7616,
dual_docked_pool,-0.7381,-0.0387,
dual_docked_pool,-0.7231,-0.0183,
dual_docked_pool,-0.5579,0.4704,
dual_docked_pool,-1.0674,-0.3284,
dual_docked_pool,-0.2352,-0.9495,
dual_docked_pool,-0.3723,0.0857,
dual_docked_pool,-0.5542,0.6084,
dual_docked_pool,0.3223,0.5327,
dual_docked_pool,-0.9185,0.2871,
dual_docked_pool,-0.868,0.4033,
dual_docked_pool,0.7641,-0.4487,
dual_docked_pool,-0.9742,0.2749,
dual_docked_pool,-0.2817,-1.0109,
dual_docked_pool,0.7534,-0.2895,
dual_docked_pool,-0.1923,-0.0003,
dual_docked_pool,-1.0362,-0.2117,
dual_docked_pool,-1.0917,-0.6872,
dual_docked_pool,-0.1171,1.1338,
dual_docked_pool,-0.7127,0.2727,
dual_docked_pool,-0.4522,0.1877,
dual_docked_pool,-0.9347,0.4207,
dual_docked_pool,-0.658,-0.1837,
dual_docked_pool,-0.7092,-0.6264,
dual_docked_pool,-0.2726,-0.3799,
dual_docked_pool,-0.4809,-0.0673,
dual_docked_pool,0.1168,-0.3978,
dual_docked_pool,-0.483,-1.1266,
dual_docked_pool,-0.7528,0.267,
dual_docked_pool,-0.9366,-0.4248,
dual_docked_pool,-1.3623,-0.369,
dual_docked_pool,-0.1435,0.1168,
dual_docked_pool,-0.7448,-0.4162,
dual_docked_pool,-0.1287,-0.2167,
dual_docked_pool,-0.4391,-0.3362,
dual_docked_pool,0.9688,0.559,
dual_docked_pool,-0.059,0.0372,
dual_docked_pool,1.3893,0.495,
dual_docked_pool,-0.0828,-1.0617,
dual_docked_pool,2.0541,0.3522,
dual_docked_pool,-1.0414,-0.4039,
dual_docked_pool,-1.0591,0.4337,
dual_docked_pool,0.4299,0.256,
dual_docked_pool,-0.6104,0.1049,
dual_docked_pool,1.1613,0.6754,
dual_docked_pool,0.1874,0.8847,
dual_docked_pool,-1.1942,0.5305,
dual_docked_pool,-0.4685,-0.3472,
dual_docked_pool,-0.6963,-0.0123,
dual_docked_pool,-0.3262,-0.8694,
dual_docked_pool,-0.7143,0.2236,
dual_docked_pool,-0.578,-0.1059,
dual_docked_pool,-0.7666,0.2788,
dual_docked_pool,0.9731,0.0165,
dual_docked_pool,-0.7781,-0.7941,
dual_docked_pool,-0.3914,-0.3448,
dual_docked_pool,-0.9634,0.3669,
dual_docked_pool,-0.8786,-0.3226,
dual_docked_pool,-0.437,0.5151,
dual_docked_pool,-0.7334,-0.0201,
dual_docked_pool,-0.4617,0.482,
dual_docked_pool,-0.7686,0.2803,
dual_docked_pool,0.0344,-0.0321,
dual_docked_pool,-0.7421,0.0861,
dual_docked_pool,0.2086,-0.1922,
dual_docked_pool,-0.416,-0.2499,
dual_docked_pool,-1.3797,0.583,
dual_docked_pool,-0.1711,-0.034,
dual_docked_pool,-0.7953,-0.7608,
dual_docked_pool,-0.5959,0.4494,
dual_docked_pool,-0.2205,-0.0198,
dual_docked_pool,-0.9175,-0.0087,
dual_docked_pool,0.311,-1.1648,
dual_docked_pool,1.0847,-0.1656,
dual_docked_pool,-0.3578,0.1838,
dual_docked_pool,-0.0685,-0.087,
dual_docked_pool,0.1875,-0.7213,
dual_docked_pool,0.3305,0.5587,
dual_docked_pool,0.0861,-0.612,
dual_docked_pool,-0.0213,0.1322,
dual_docked_pool,0.3218,0.0638,
dual_docked_pool,-0.8497,0.0241,
dual_docked_pool,-0.495,0.5599,
dual_docked_pool,-1.5354,-0.2366,
dual_docked_pool,0.8468,-0.2238,
dual_docked_pool,-0.6689,-0.0057,
dual_docked_pool,-0.4498,0.1739,
dual_docked_pool,-1.1638,-0.1575,
dual_docked_pool,-0.9354,0.2158,
dual_docked_pool,-1.3239,0.0071,
dual_docked_pool,2.2665,0.3306,
dual_docked_pool,-0.0681,-0.5168,
dual_docked_pool,-0.3317,-0.794,
dual_docked_pool,-0.1792,-0.3326,
dual_docked_pool,-0.9285,-0.0388,
dual_docked_pool,-0.2208,-0.2429,
dual_docked_pool,-0.613,0.3518,
dual_docked_pool,-0.7779,-0.1852,
dual_docked_pool,-1.4128,0.4066,
dual_docked_pool,0.0937,-0.0663,
dual_docked_pool,-0.6697,-0.4579,
dual_docked_pool,-0.6635,0.4801,
dual_docked_pool,-0.3131,0.1702,
dual_docked_pool,-0.9983,0.8874,
dual_docked_pool,-0.1703,-0.208,
dual_docked_pool,0.4377,-0.7961,
dual_docked_pool,-0.3187,0.611,
dual_docked_pool,-0.5248,0.3416,
dual_docked_pool,-0.0556,-0.0966,
dual_docked_pool,0.5537,-0.0299,
dual_docked_pool,-0.4294,-0.48,
dual_docked_pool,-0.5424,-0.4917,
dual_docked_pool,-1.1478,0.1496,
dual_docked_pool,-1.1537,-0.4762,
dual_docked_pool,-0.8394,0.3979,
dual_docked_pool,-0.1304,-0.0301,
dual_docked_pool,-0.0729,-0.1575,
dual_docked_pool,-0.0627,-0.3777,
dual_docked_pool,-1.1883,0.6139,
dual_docked_pool,0.604,-0.2861,
dual_docked_pool,0.165,-0.3836,
dual_docked_pool,-0.2586,-0.2628,
dual_docked_pool,-0.6414,0.2229,
dual_docked_pool,-0.4843,0.1661,
dual_docked_pool,-0.3477,-0.1442,
dual_docked_pool,-0.3557,0.6448,
dual_docked_pool,-1.2486,0.5063,
dual_docked_pool,0.3111,-0.3056,
dual_docked_pool,-1.1211,-0.1819,
dual_docked_pool,-0.1576,0.0033,
dual_docked_pool,-0.8232,-0.3798,
dual_docked_pool,0.1538,0.7785,
dual_docked_pool,-0.4879,0.2022,
dual_docked_pool,-0.6865,0.1985,
dual_docked_pool,-0.282,0.2349,
dual_docked_pool,0.1168,0.2081,
dual_docked_pool,-0.8337,0.4934,
dual_docked_pool,-0.3919,-0.5404,
dual_docked_pool,-0.6197,0.5641,
dual_docked_pool,-0.3842,0.0126,
dual_docked_pool,-0.7179,0.1689,
dual_docked_pool,-0.9595,0.4937,
dual_docked_pool,-0.8741,-0.174,
dual_docked_pool,-0.861,0.2194,
dual_docked_pool,-0.7996,-0.3321,
dual_docked_pool,-0.9401,-0.5203,
dual_docked_pool,-0.4655,-0.2979,
dual_docked_pool,0.5542,-0.81,
dual_docked_pool,0.1152,0.0879,
dual_docked_pool,-0.3534,-0.2076,
dual_docked_pool,-1.3051,-0.2104,
dual_docked_pool,-0.6767,-0.997,
dual_docked_pool,-1.0018,0.7975,
dual_docked_pool,-0.7616,0.3606,
dual_docked_pool,-1.0637,-0.1147,
dual_docked_pool,-0.3019,0.0265,
dual_docked_pool,-0.7608,0.3059,
dual_docked_pool,1.4091,0.1232,
dual_docked_pool,-0.3657,-0.3115,
dual_docked_pool,-0.5694,0.0158,
dual_docked_pool,-0.1819,0.963,
dual_docked_pool,-1.2203,0.2879,
dual_docked_pool,0.3041,0.7394,
dual_docked_pool,-0.8554,-0.2572,
dual_docked_pool,-0.9969,0.8152,
dual_docked_pool,-0.9424,0.3348,
dual_docked_pool,-0.5816,0.0901,
dual_docked_pool,-0.8977,-0.2859,
dual_docked_pool,-1.3377,-0.0234,
dual_docked_pool,-0.808,0.6667,
dual_docked_pool,-1.2445,0.3365,
dual_docked_pool,-0.6907,-0.3656,
dual_docked_pool,-0.8414,0.11,
dual_docked_pool,0.0481,-0.0295,
dual_docked_pool,-1.3674,-0.5155,
dual_docked_pool,-0.2802,3.3841,
dual_docked_pool,-1.2818,-0.4478,
dual_docked_pool,-0.688,0.0469,
dual_docked_pool,0.789,-0.2462,
dual_docked_pool,-1.1792,0.2231,
dual_docked_pool,-0.7417,0.5373,
dual_docked_pool,-0.5274,0.5454,
dual_docked_pool,-0.548,-0.3304,
dual_docked_pool,0.9199,0.1948,
dual_docked_pool,-0.8088,-0.8288,
dual_docked_pool,-0.737,0.125,
dual_docked_pool,-0.7204,0.3053,
dual_docked_pool,-0.4721,-0.3578,
dual_docked_pool,0.9733,-0.2858,
dual_docked_pool,-1.1052,0.1374,
dual_docked_pool,-0.4271,0.1356,
dual_docked_pool,0.3747,-0.5906,
dual_docked_pool,-0.7555,-0.6053,
dual_docked_pool,0.1893,-0.3548,
dual_docked_pool,-0.3799,-0.0134,
dual_docked_pool,-0.4288,0.1647,
dual_docked_pool,-0.8089,0.82,
dual_docked_pool,-0.6427,-0.0839,
dual_docked_pool,-0.6032,0.8314,
dual_docked_pool,-1.0117,0.764,
dual_docked_pool,-0.5249,-1.0019,
dual_docked_pool,-0.5228,-0.05,
dual_docked_pool,-0.3205,-0.0735,
dual_docked_pool,-0.9302,0.2258,
dual_docked_pool,-1.0717,-0.4005,
dual_docked_pool,-0.593,0.0303,
dual_docked_pool,-1.2054,-0.2587,
dual_docked_pool,0.4092,-0.3589,
dual_docked_pool,-0.7947,0.049,
dual_docked_pool,-0.6118,0.2758,
dual_docked_pool,0.5272,-0.4677,
dual_docked_pool,-1.0076,0.3588,
dual_docked_pool,0.6255,0.1706,
dual_docked_pool,-0.5149,-0.0489,
dual_docked_pool,0.1269,0.025,
dual_docked_pool,1.1536,0.6799,
dual_docked_pool,-0.0872,0.0847,
dual_docked_pool,-0.3659,-0.5434,
dual_docked_pool,-1.0876,0.3961,
dual_docked_pool,-0.5247,0.2373,
dual_docked_pool,0.9502,0.4088,
dual_docked_pool,0.146,0.5032,
dual_docked_pool,-0.9039,-0.5548,
dual_docked_pool,1.4584,0.3595,
dual_docked_pool,-0.9595,0.325,
dual_docked_pool,-0.6437,-0.2166,
dual_docked_pool,-0.1462,3.667,
dual_docked_pool,-0.6902,-1.169,
dual_docked_pool,-0.6237,-0.0291,
dual_docked_pool,-0.4228,-0.4567,
dual_docked_pool,-1.2198,-0.2527,
dual_docked_pool,0.3495,-0.5516,
dual_docked_pool,-0.8069,0.8103,
dual_docked_pool,-0.808,0.6667,
dual_docked_pool,-0.9442,0.3779,
dual_docked_pool,-0.8203,-0.29,
dual_docked_pool,0.1242,0.0279,
dual_docked_pool,-0.768,-1.1205,
dual_docked_pool,-1.0281,-0.486,
dual_docked_pool,0.0734,-0.204,
dual_docked_pool,-0.5045,0.6355,
dual_docked_pool,0.3513,-0.3275,
dual_docked_pool,-1.3487,-0.1033,
dual_docked_pool,-1.1677,0.4718,
dual_docked_pool,-0.4044,-0.2861,
dual_docked_pool,0.7487,0.4043,
dual_docked_pool,-0.7316,-0.7675,
dual_docked_pool,0.946,-0.2738,
dual_docked_pool,-0.9626,-0.5121,
dual_docked_pool,-0.6906,-0.1735,
dual_docked_pool,-0.5501,-0.7579,
dual_docked_pool,-1.2422,0.547,
dual_docked_pool,-0.2146,-0.1582,
dual_docked_pool,-0.7636,-0.14,
dual_docked_pool,0.4784,-0.2681,
dual_docked_pool,-1.341,-0.0402,
dual_docked_pool,-0.7973,0.4881,
dual_docked_pool,-0.9717,0.4461,
dual_docked_pool,-0.3741,0.0471,
dual_docked_pool,0.2985,-0.8184,
dual_docked_pool,-0.8615,-0.1623,
dual_docked_pool,-0.5992,-0.4827,
dual_docked_pool,0.1225,0.1489,
dual_docked_pool,-0.5955,0.1447,
dual_docked_pool,-0.1573,0.0098,
dual_docked_pool,-0.7333,-0.0945,
dual_docked_pool,-0.3524,-0.0951,
dual_docked_pool,0.5801,0.3191,
dual_docked_pool,-0.2175,-0.0578,
dual_docked_pool,-0.7169,-0.4217,
dual_docked_pool,-0.7659,0.1799,
dual_docked_pool,1.2843,-0.3248,
dual_docked_pool,-0.31,-0.6675,
dual_docked_pool,-1.0053,0.0338,
dual_docked_pool,-0.4773,-0.424,
dual_docked_pool,-0.9451,0.2401,
dual_docked_pool,-0.305,-0.5497,
dual_docked_pool,0.1702,0.8789,
dual_docked_pool,0.7982,-0.3463,
dual_docked_pool,0.579,-0.0918,
dual_docked_pool,0.5063,0.3523,
dual_docked_pool,-0.7502,-0.1172,
dual_docked_pool,-1.3547,-0.7527,
dual_docked_pool,0.032,0.1688,
dual_docked_pool,-0.43,0.7269,
dual_docked_pool,-0.6795,-0.7591,
dual_docked_pool,-0.3543,-0.5834,
dual_docked_pool,-0.4222,-0.3346,
dual_docked_pool,-0.9121,-0.1642,
dual_docked_pool,0.1193,0.0853,
dual_docked_pool,0.1223,0.5013,
dual_docked_pool,0.5133,1.7986,
dual_docked_pool,-0.6811,-0.1472,
dual_docked_pool,0.0595,-1.0131,
dual_docked_pool,-0.3658,0.2855,
dual_docked_pool,-0.3862,-0.3417,
dual_docked_pool,0.2268,-0.2715,
dual_docked_pool,0.0223,0.1634,
dual_docked_pool,-0.9774,-0.932,
dual_docked_pool,-1.1454,-0.154,
dual_docked_pool,-0.7632,0.2477,
dual_docked_pool,-0.0877,0.3343,
dual_docked_pool,-1.1287,-0.2561,
dual_docked_pool,-1.2708,-0.0108,
dual_docked_pool,-0.1831,0.6974,
dual_docked_pool,-0.3472,0.1905,
dual_docked_pool,-0.5202,0.1698,
dual_docked_pool,-1.2486,0.1282,
dual_docked_pool,-0.8037,0.5078,
dual_docked_pool,-0.8506,-0.4554,
dual_docked_pool,-0.2505,0.7185,
dual_docked_pool,0.077,-0.1323,
dual_docked_pool,-0.9363,-0.8311,
dual_docked_pool,0.2902,-0.9046,
dual_docked_pool,-0.3325,0.2936,
dual_docked_pool,-0.963,-0.1511,
dual_docked_pool,-0.6503,0.0072,
dual_docked_pool,-1.0951,-0.2898,
dual_docked_pool,-1.3893,0.118,
dual_docked_pool,-0.4398,-0.2871,
dual_docked_pool,-0.7419,-0.5177,
dual_docked_pool,-0.1979,0.2043,
dual_docked_pool,-0.8515,-0.0552,
dual_docked_pool,-0.1283,0.0104,
dual_docked_pool,-0.0088,-0.155,
dual_docked_pool,-0.8374,-0.2439,
dual_docked_pool,-0.3542,-0.3475,
dual_docked_pool,-1.0669,-0.1651,
dual_docked_pool,-0.646,-0.8659,
dual_docked_pool,-0.4465,-0.9157,
dual_docked_pool,-0.8201,-0.7099,
dual_docked_pool,-0.3194,0.3686,
dual_docked_pool,-0.4341,0.1821,
dual_docked_pool,-0.955,-0.5732,
dual_docked_pool,-0.2317,0.7089,
dual_docked_pool,-0.6531,-0.1867,
dual_docked_pool,-0.3064,0.3621,
dual_docked_pool,-0.611,-0.2313,
dual_docked_pool,-0.2826,-0.7686,
dual_docked_pool,-0.3525,-0.3441,
dual_docked_pool,-0.303,-0.2284,
dual_docked_pool,-0.1713,-0.3826,
dual_docked_pool,-0.6719,-0.5707,
dual_docked_pool,-0.4326,-0.6966,
dual_docked_pool,-0.3573,-0.7178,
dual_docked_pool,-0.8376,-0.0503,
dual_docked_pool,-1.1744,0.6611,
dual_docked_pool,-0.3925,0.2281,
dual_docked_pool,0.4004,0.4185,
dual_docked_pool,-0.0264,-0.3538,
dual_docked_pool,-1.0322,-0.3655,
dual_docked_pool,0.6828,0.0289,
dual_docked_pool,-0.1539,-0.0885,
dual_docked_pool,-0.5608,0.9206,
dual_docked_pool,-0.1662,-0.7532,
dual_docked_pool,-1.3869,-0.6345,
dual_docked_pool,1.5038,0.5843,
dual_docked_pool,-0.4804,-0.0431,
dual_docked_pool,-0.5096,-0.5176,
dual_docked_pool,-0.6629,0.0245,
dual_docked_pool,-0.6974,0.0195,
dual_docked_pool,-0.1851,0.0642,
dual_docked_pool,-0.9862,-0.2428,
dual_docked_pool,-0.5234,0.0977,
dual_docked_pool,-1.1417,0.3609,
dual_docked_pool,0.1621,-0.2558,
dual_docked_pool,-0.9265,0.1901,
dual_docked_pool,-0.3501,-0.1546,
dual_docked_pool,1.3731,-0.069,
dual_docked_pool,0.065,-0.0762,
dual_docked_pool,-0.6548,-1.0062,
dual_docked_pool,-0.1101,0.3502,
dual_docked_pool,-0.8419,-0.149,
dual_docked_pool,0.0223,0.1634,
dual_docked_pool,-0.7076,-0.4326,
dual_docked_pool,0.0994,-0.0871,
dual_docked_pool,-0.9137,-0.1504,
dual_docked_pool,-0.786,0.2014,
dual_docked_pool,-1.0605,0.282,
dual_docked_pool,-0.4955,-0.5514,
dual_docked_pool,-0.6671,0.992,
dual_docked_pool,-0.3312,0.3153,
dual_docked_pool,-0.4846,-0.3199,
dual_docked_pool,-0.5805,-0.3021,
dual_docked_pool,-0.744,0.0846,
dual_docked_pool,0.0035,-0.6281,
dual_docked_pool,-0.5153,0.0092,
dual_docked_pool,-0.7266,0.475,
dual_docked_pool,-0.6797,0.4807,
dual_docked_pool,1.6296,-0.0749,
dual_docked_pool,-1.0105,0.1463,
dual_docked_pool,-0.7755,0.0299,
dual_docked_pool,-0.7384,-0.8831,
dual_docked_pool,-0.4015,-0.0748,
dual_docked_pool,-0.3293,-0.0671,
dual_docked_pool,1.3862,-0.2165,
dual_docked_pool,0.0744,-0.85,
dual_docked_pool,-1.104,0.1259,
dual_docked_pool,0.8533,0.9198,
dual_docked_pool,-0.0494,0.4304,
dual_docked_pool,-0.53,0.1767,
dual_docked_pool,-0.0949,0.6843,
dual_docked_pool,-0.2774,0.3042,
dual_docked_pool,-0.6656,-0.7557,
dual_docked_pool,-0.4675,-0.7198,
dual_docked_pool,-0.2189,-0.0277,
dual_docked_pool,-0.838,-0.3119,
dual_docked_pool,-0.7251,-0.2433,
dual_docked_pool,-0.7182,0.0442,
dual_docked_pool,0.7997,-1.8993,
dual_docked_pool,-0.7512,0.3384,
dual_docked_pool,0.5006,-0.5376,
dual_docked_pool,-0.6552,0.1727,
dual_docked_pool,-0.6207,0.5258,
dual_docked_pool,-0.4675,-0.7198,
dual_docked_pool,-1.2608,-0.7408,
dual_docked_pool,0.1108,-0.5249,
dual_docked_pool,-0.5957,-0.2572,
dual_docked_pool,-0.2841,-0.1685,
dual_docked_pool,-1.3094,-0.1067,
dual_docked_pool,-1.0459,-0.2774,
dual_docked_pool,-0.2888,0.0205,
dual_docked_pool,-0.9987,0.5263,
dual_docked_pool,-0.6606,-0.5481,
dual_docked_pool,-0.0458,-1.0138,
dual_docked_pool,-0.4287,-0.3086,
dual_docked_pool,-0.4675,-0.7198,
dual_docked_pool,-0.8215,0.3893,
dual_docked_pool,-0.5728,-0.0217,
dual_docked_pool,-1.1099,-0.2177,
dual_docked_pool,-0.6441,-0.2211,
dual_docked_pool,-0.5737,-0.5569,
dual_docked_pool,-0.1497,-0.3697,
dual_docked_pool,-0.5221,-0.5157,
dual_docked_pool,-0.2315,-0.1396,
dual_docked_pool,-0.5476,0.1986,
dual_docked_pool,-0.5924,0.3183,
dual_docked_pool,-0.2906,1.2018,
dual_docked_pool,-0.7597,-0.6195,
dual_docked_pool,-0.7375,-0.5147,
dual_docked_pool,-0.3924,-0.4105,
dual_docked_pool,-0.5843,-0.8473,
dual_docked_pool,0.4254,0.1116,
dual_docked_pool,0.6244,0.178,
dual_docked_pool,0.4746,-0.318,
dual_docked_pool,-0.5887,-0.1478,
dual_docked_pool,-0.0513,-0.7382,
dual_docked_pool,-0.3288,-0.4417,
dual_docked_pool,-0.733,-0.0068,
dual_docked_pool,-0.639,0.7361,
dual_docked_pool,-0.7382,0.2069,
dual_docked_pool,-0.7027,0.5512,
dual_docked_pool,0.0205,1.2015,
dual_docked_pool,-0.9947,-0.5542,
dual_docked_pool,-0.5355,0.0128,
dual_docked_pool,-0.32,-0.4177,
dual_docked_pool,-0.2869,0.016,
dual_docked_pool,-0.5466,-0.7289,
dual_docked_pool,-0.1576,0.1452,
dual_docked_pool,-0.5025,-0.1946,
dual_docked_pool,1.5794,0.3855,
dual_docked_pool,-0.4174,0.5206,
dual_docked_pool,-0.4139,-0.1204,
dual_docked_pool,-0.9707,0.7788,
pareto_shortlist,-1.0645,0.4599,IDREMCINAL
pareto_shortlist,-1.0656,0.9739,ZAMZETOCLAX
pareto_shortlist,-0.9517,0.1684,ALEMCINAL
pareto_shortlist,-0.7856,-0.4714,CETHROMYCIN
