molecule_chembl_id,molecule_name,canonical_smiles,pActivity,n_measurements,scaffold,source_target,source_chembl_id
CHEMBL6147593,,C#CC1(N(COP(=O)([O-])[O-])C(=O)C(=O)c2c(C)c(C(=O)Nc3ccc(F)c(C#N)c3)n(C)c2C)COC1.[Na+].[Na+],4.97,1,O=C(NC1COC1)C(=O)c1c[nH]c(C(=O)Nc2ccccc2)c1,OAT1,CHEMBL1641347
CHEMBL4519013,,C=Cc1c(C(=O)O)ccc2c1CCc1c-2ccc(O)c1C,4.74,1,c1ccc2c(c1)CCc1ccccc1-2,OAT1,CHEMBL1641347
CHEMBL4562825,,C=Cc1cc(C(=O)O)cc2c1-c1ccc(O)c(C)c1CC2,5.36,1,c1ccc2c(c1)CCc1ccccc1-2,OAT1,CHEMBL1641347
CHEMBL205119,EFFUSOL,C=Cc1cc(O)cc2c1-c1ccc(O)c(C)c1CC2,4.63,1,c1ccc2c(c1)CCc1ccccc1-2,OAT1,CHEMBL1641347
CHEMBL4584575,,C=Cc1cc2c(cc1C(=O)O)CCc1c-2ccc(O)c1C,5.08,1,c1ccc2c(c1)CCc1ccccc1-2,OAT1,CHEMBL1641347
CHEMBL2074590,INDOLE ACETATE,CC(=O)Oc1c[nH]c2ccccc12,4.08,1,c1ccc2[nH]ccc2c1,OAT1,CHEMBL1641347
CHEMBL563,FLURBIPROFEN,CC(C(=O)O)c1ccc(-c2ccccc2)c(F)c1,5.82,1,c1ccc(-c2ccccc2)cc1,OAT1,CHEMBL1641347
CHEMBL571,KETOPROFEN,CC(C(=O)O)c1cccc(C(=O)c2ccccc2)c1,5.869999999999999,2,O=C(c1ccccc1)c1ccccc1,OAT1,CHEMBL1641347
CHEMBL922,ADEFOVIR DIPIVOXIL,CC(C)(C)C(=O)OCOP(=O)(COCCn1cnc2c(N)ncnc21)OCOC(=O)C(C)(C)C,4.87,1,c1ncc2nc[nH]c2n1,OAT1,CHEMBL1641347
CHEMBL3707347,VERINURAD,CC(C)(Sc1ccncc1-c1ccc(C#N)c2ccccc12)C(=O)O,5.34,1,c1cncc(-c2cccc3ccccc23)c1,OAT1,CHEMBL1641347
CHEMBL5170470,,CC(C)(Sc1ccncc1-c1ccc(C#N)c2ccccc12)C(=O)[O-].[Na+],4.89,1,c1cncc(-c2cccc3ccccc23)c1,OAT1,CHEMBL1641347
CHEMBL521,IBUPROFEN,CC(C)Cc1ccc(C(C)C(=O)O)cc1,5.1,1,c1ccccc1,OAT1,CHEMBL1641347
CHEMBL897,PROBENECID,CCCN(CCC)S(=O)(=O)c1ccc(C(=O)O)cc1,4.92,5,c1ccccc1,OAT1,CHEMBL1641347
CHEMBL622,ETODOLAC,CCc1cccc2c3c([nH]c12)C(CC)(CC(=O)O)OCC3,4.3,1,c1ccc2c3c([nH]c2c1)COCC3,OAT1,CHEMBL1641347
CHEMBL388590,BENZBROMARONE,CCc1oc2ccccc2c1C(=O)c1cc(Br)c(O)c(Br)c1,5.505,2,O=C(c1ccccc1)c1coc2ccccc12,OAT1,CHEMBL1641347
CHEMBL527,PIROXICAM,CN1C(C(=O)Nc2ccccn2)=C(O)c2ccccc2S1(=O)=O,4.69,1,O=C(Nc1ccccn1)C1=Cc2ccccc2S(=O)(=O)N1,OAT1,CHEMBL1641347
CHEMBL4525573,,COC(C)c1cc(O)cc2c1-c1ccc(O)c(C)c1CC2,4.37,1,c1ccc2c(c1)CCc1ccccc1-2,OAT1,CHEMBL1641347
CHEMBL6143249,,COc1c(F)c(F)cc(-c2c(C(=O)O)sc3cc(F)ccc23)c1F,5.48,1,c1ccc(-c2csc3ccccc23)cc1,OAT1,CHEMBL1641347
CHEMBL5190525,,COc1cc(C(=O)[O-])ccc1CSc1ccncc1N(C)c1ccc(C#N)c2ccccc12.[Na+],4.59,1,c1ccc(CSc2ccncc2Nc2cccc3ccccc23)cc1,OAT1,CHEMBL1641347
CHEMBL4527448,,COc1cc(C(=O)c2ccc(O)c(OC)c2)ccc1O,5.46,1,O=C(c1ccccc1)c1ccccc1,OAT1,CHEMBL1641347
CHEMBL67,COMBRETASTATIN A4,COc1ccc(/C=C\c2cc(OC)c(OC)c(OC)c2)cc1O,4.38,1,C(=Cc1ccccc1)c1ccccc1,OAT1,CHEMBL1641347
CHEMBL6,INDOMETHACIN,COc1ccc2c(c1)c(CC(=O)O)c(C)n2C(=O)c1ccc(Cl)cc1,5.52,1,O=C(c1ccccc1)n1ccc2ccccc21,OAT1,CHEMBL1641347
CHEMBL154,NAPROXEN,COc1ccc2cc([C@H](C)C(=O)O)ccc2c1,5.24,1,c1ccc2ccccc2c1,OAT1,CHEMBL1641347
CHEMBL4112930,PAMIPARIB,C[C@]12CCCN1CC1=NNC(=O)c3cc(F)cc4[nH]c2c1c34,4.32,1,O=C1NN=C2CN3CCCC3c3[nH]c4cccc1c4c32,OAT1,CHEMBL1641347
CHEMBL3688197,,N#Cc1cc(S(=O)(=O)Nc2ccc(F)cn2)ccc1Oc1ccc(CO)c(Cl)c1,4.84,1,O=S(=O)(Nc1ccccn1)c1ccc(Oc2ccccc2)cc1,OAT1,CHEMBL1641347
CHEMBL5202967,,N#Cc1ccc(Nc2cnccc2SCc2ccccc2C(=O)[O-])c2ccccc12.[Na+],4.49,1,c1ccc(CSc2ccncc2Nc2cccc3ccccc23)cc1,OAT1,CHEMBL1641347
CHEMBL3683287,,N#Cc1ccc(Oc2ccc(S(=O)(=O)Nc3ccc(F)cn3)cc2C#N)cc1Cl,4.85,1,O=S(=O)(Nc1ccccn1)c1ccc(Oc2ccccc2)cc1,OAT1,CHEMBL1641347
CHEMBL5178161,,N#Cc1ccc(Oc2cnccc2SCCCC(=O)[O-])c2ccccc12.[Na+],4.38,1,c1cncc(Oc2cccc3ccccc23)c1,OAT1,CHEMBL1641347
CHEMBL2074983,,N[C@@H](CSc1nc2ccccc2s1)C(=O)O,5.0,1,c1ccc2scnc2c1,OAT1,CHEMBL1641347
CHEMBL2074987,BENZOTHIAZOLYLCYSTEINE,N[C@H](CSc1nc2ccccc2s1)C(=O)O,5.0,1,c1ccc2scnc2c1,OAT1,CHEMBL1641347
CHEMBL463,AMINOHIPPURIC ACID,Nc1ccc(C(=O)NCC(=O)O)cc1,5.06,1,c1ccccc1,OAT1,CHEMBL1641347
CHEMBL5314375,CIDOFOVIR,Nc1ccn(C[C@@H](CO)OCP(=O)(O)O)c(=O)n1.O.O,4.22,1,O=c1nccc[nH]1,OAT1,CHEMBL1641347
CHEMBL484,ADEFOVIR,Nc1ncnc2c1ncn2CCOCP(=O)(O)O,4.55,1,c1ncc2nc[nH]c2n1,OAT1,CHEMBL1641347
CHEMBL1162495,GLUTARATE,O=C(O)CCCC(=O)O,5.31,1,,OAT1,CHEMBL1641347
CHEMBL1231530,BETAMIPRON,O=C(O)CCNC(=O)c1ccccc1,4.8149999999999995,2,c1ccccc1,OAT1,CHEMBL1641347
CHEMBL500596,,O=C(O)CNC(=O)c1ccc(O)cc1,4.6,1,c1ccccc1,OAT1,CHEMBL1641347
CHEMBL461,HIPPURIC ACID,O=C(O)CNC(=O)c1ccccc1,4.7,1,c1ccccc1,OAT1,CHEMBL1641347
CHEMBL586,SALICYLURIC ACID,O=C(O)CNC(=O)c1ccccc1O,4.57,1,c1ccccc1,OAT1,CHEMBL1641347
CHEMBL139,DICLOFENAC,O=C(O)Cc1ccccc1Nc1c(Cl)cccc1Cl,5.4,1,c1ccc(Nc2ccccc2)cc1,OAT1,CHEMBL1641347
CHEMBL119625,ZONAMPANEL,O=C(O)Cn1c(=O)c(=O)[nH]c2cc([N+](=O)[O-])c(-n3ccnc3)cc21,5.52,1,O=c1[nH]c2ccc(-n3ccnc3)cc2[nH]c1=O,OAT1,CHEMBL1641347
CHEMBL898,DIFLUNISAL,O=C(O)c1cc(-c2ccc(F)cc2F)ccc1O,6.07,1,c1ccc(-c2ccccc2)cc1,OAT1,CHEMBL1641347
CHEMBL5439993,,O=C(c1cc(Cl)c(O)c(Cl)c1)n1ccc2cccnc21,4.99,1,O=C(c1ccccc1)n1ccc2cccnc21,OAT1,CHEMBL1641347
CHEMBL5542977,,O=C(c1ccnc2ccc(Br)cc12)N1CCC[C@H]1CNS(=O)(=O)C(F)(F)F,5.21,1,O=C(c1ccnc2ccccc12)N1CCCC1,OAT1,CHEMBL1641347
CHEMBL5568246,,O=C(c1ccnc2ccc(C3CC3)cc12)N1CCC[C@H]1CNS(=O)(=O)C(F)(F)F,5.04,1,O=C(c1ccnc2ccc(C3CC3)cc12)N1CCCC1,OAT1,CHEMBL1641347
CHEMBL3924161,,O=S(=O)(Nc1ccc(C(F)(F)F)nc1)c1ccccc1C(F)(F)F,4.91,1,O=S(=O)(Nc1cccnc1)c1ccccc1,OAT1,CHEMBL1641347
CHEMBL3929544,,O=S(=O)(Nc1cncc(C(F)(F)F)c1)c1ccccc1C(F)(F)F,5.03,1,O=S(=O)(Nc1cccnc1)c1ccccc1,OAT1,CHEMBL1641347
CHEMBL1233636,INDOXYL SULFATE,O=S(=O)(O)Oc1c[nH]c2ccccc12,4.08,1,c1ccc2[nH]ccc2c1,OAT1,CHEMBL1641347
CHEMBL6246,ELLAGIC ACID,O=c1oc2c(O)c(O)cc3c(=O)oc4c(O)c(O)cc1c4c23,6.57,1,O=c1oc2cccc3c(=O)oc4cccc1c4c23,OAT1,CHEMBL1641347
CHEMBL38650,,C=Cc1c(C)c(O)cc2c1-c1ccc(O)c(C)c1CC2,5.19,1,c1ccc2c(c1)CCc1ccccc1-2,OAT3,CHEMBL1641348
CHEMBL4582456,,C=Cc1cc(C(=O)O)cc2c1CCc1c-2ccc(O)c1C,5.55,1,c1ccc2c(c1)CCc1ccccc1-2,OAT3,CHEMBL1641348
CHEMBL1144,PRAVASTATIN,CC[C@H](C)C(=O)O[C@H]1C[C@H](O)C=C2C=C[C@H](C)[C@H](CC[C@@H](O)C[C@@H](O)CC(=O)O)[C@H]21,4.86,1,C1=CC2=CCCCC2CC1,OAT3,CHEMBL1641348
CHEMBL30,CIMETIDINE,CN/C(=N\CCSCc1nc[nH]c1C)NC#N,4.03,1,c1c[nH]cn1,OAT3,CHEMBL1641348
CHEMBL270050,,COc1ccc(CNC(=O)c2cc3c(=O)n(Cc4ccc(C(=O)O)cc4)cnc3cn2)cc1,4.23,1,O=C(NCc1ccccc1)c1cc2c(=O)n(Cc3ccccc3)cnc2cn1,OAT3,CHEMBL1641348
CHEMBL603656,,Cc1cc(-c2nnn(C[C@H]3CC[C@H](C(=O)O)CC3)n2)cc(C(=O)NCc2ccc(F)cc2)n1,5.22,1,O=C(NCc1ccccc1)c1cc(-c2nnn(CC3CCCCC3)n2)ccn1,OAT3,CHEMBL1641348
CHEMBL496942,,Cn1c(=O)n(Cc2ccc(C(=O)O)cc2)c(=O)c2cc(C#CCc3ccccc3)ccc21,4.75,1,O=c1[nH]c2ccc(C#CCc3ccccc3)cc2c(=O)n1Cc1ccccc1,OAT3,CHEMBL1641348
