resid,rmsf,System,PDB
1,4.1501,JNK1,3ELJ
11,3.0805,JNK1,3ELJ
31,3.0751,JNK1,3ELJ
167,12.7066,JNK1,3ELJ
168,11.3092,JNK1,3ELJ
169,9.5253,JNK1,3ELJ
170,6.8861,JNK1,3ELJ
171,5.9073,JNK1,3ELJ
172,4.419,JNK1,3ELJ
327,7.5815,JNK1,3ELJ
328,5.2112,JNK1,3ELJ
329,3.8864,JNK1,3ELJ
330,3.184,JNK1,3ELJ
27,3.0603,JNK2,3E7O
274,4.1971,JNK2,3E7O
275,3.5467,JNK2,3E7O
328,3.0003,JNK2,3E7O
1,3.5085,JNK3,3TTI
167,9.276,JNK3,3TTI
168,7.8389,JNK3,3TTI
169,6.372,JNK3,3TTI
170,4.2232,JNK3,3TTI
315,4.0293,JNK3,3TTI
316,6.1901,JNK3,3TTI
317,6.7924,JNK3,3TTI
318,7.4945,JNK3,3TTI
319,9.5459,JNK3,3TTI
320,10.7155,JNK3,3TTI
321,12.1746,JNK3,3TTI
322,13.6608,JNK3,3TTI
323,15.2693,JNK3,3TTI
324,4.2478,JNK3,3TTI
325,3.1369,JNK3,3TTI
