smiles,pAct_JNK1
C#C/C=C/c1c(N)cc(C(=O)NCc2ccc(S(C)(=O)=O)cc2)nc1OCC,7.1
C#Cc1c(N)cc(C(=O)NCc2ccc(S(C)(=O)=O)cc2)nc1OCC,6.46
C/C=C/c1nc(C(=O)NCc2ccc(S(C)(=O)=O)cc2)cc(N)c1C#N,7.32
C/C=C\c1nc(C(=O)NCc2ccc(S(C)(=O)=O)cc2)cc(N)c1C#N,6.82
C=Cc1c(N)cc(C(=O)NCc2ccc(S(C)(=O)=O)cc2)nc1OCC,5.93
CC(=O)N1CCC(NC(=O)NCc2cn(-c3ccccc3)c3cc(Cl)ccc3c2=O)CC1,5.66
CC(=O)N1CCN(c2cccc3c2c(C(N)=O)cn3-c2ccnc(N[C@H]3CC[C@H](CS(C)(=O)=O)CC3)n2)CC1,7.86
CC(=O)N1CCN(c2cccc3c2c(C(N)=O)cn3-c2ccnc(N[C@H]3CC[C@H](O)CC3)n2)CC1,7.75
CC(=O)N1CCN(c2cccc3c2ccn3-c2ccnc(N[C@H]3CC[C@H](C(C)(C)O)CC3)n2)CC1,6.37
CC(=O)N1CCN(c2cccc3c2ccn3-c2ccnc(N[C@H]3CC[C@H](CS(C)(=O)=O)CC3)n2)CC1,7.195
CC(=O)NCCNc1nc(C(=O)NCc2ccc(S(C)(=O)=O)cc2)cc(N)c1C#N,7.23
CC(=O)N[C@H]1CC[C@H](Nc2nccc(-n3ccc4c(N5CCC(S(C)(=O)=O)CC5)cccc43)n2)CC1,7.744999999999999
CC(=O)OCC(=O)N1CCN(c2cccc3c2ccn3-c2ccnc(N[C@H]3CC[C@H](NS(C)(=O)=O)CC3)n2)CC1,7.555
CC(C)(C)N1CCN(C(=O)[C@H]2CC[C@H](Nc3nccc(-n4ccc5c(N6CCC(S(C)(=O)=O)CC6)cccc54)n3)CC2)CC1,7.26
CC(C)(C)OC(=O)N1CCC(C(=O)NCc2cn(-c3ccccc3)c3cc(Cl)ccc3c2=O)C1,6.48
CC(C)(C)OC(=O)N1CCC(NC(=O)NCc2cn(-c3ccccc3)c3cc(Cl)ccc3c2=O)C1,6.04
CC(C)(C)OC(=O)N1CCC(NC(=O)NCc2cn(-c3ccccc3)c3cc(Cl)ccc3c2=O)CC1,7.22
CC(C)(C)OC(=O)NC1CCN(c2ccc(C(=O)NCc3cn(-c4ccccc4)c4cc(Cl)ccc4c3=O)cn2)CC1,7.19
CC(C)(C)OC(=O)NCC(=O)N1CCN(c2cccc3c2ccn3-c2ccnc(N[C@H]3CC[C@H](NS(C)(=O)=O)CC3)n2)CC1,8.01
CC(C)(O)CNC(=O)c1ccc(C(=O)NCc2cn(-c3ccccc3)c3cc(Cl)ccc3c2=O)cc1,6.66
CC(C)(O)[C@H]1CC[C@H](Nc2nccc(-n3ccc4c(N5CCC(S(C)(=O)=O)CC5)cccc43)n2)CC1,8.12
CC(C)(O)[C@H]1CC[C@H](Nc2nccc(-n3ccc4c(N5CCN(C(=O)CC#N)CC5)cccc43)n2)CC1,7.48
CC(C)COc1nc(C(=O)NCc2ccc(S(C)(=O)=O)cc2)cc(N)c1C#N,7.06
CC(C)NC(=O)c1nc(C(=O)NCc2ccc(S(C)(=O)=O)cc2)cc(N)c1C#N,6.37
CC(C)Nc1nc(C(=O)NCc2ccc(S(C)(=O)=O)cc2)cc(N)c1C#N,7.17
CC(C)Oc1nc(C(=O)NCc2ccc(S(C)(=O)=O)cc2)cc(N)c1C#N,7.82
CC(C)[C@H](CO)Nc1nc(C(=O)NCc2ccc(S(C)(=O)=O)cc2)cc(N)c1C#N,5.82
CCCNC(=O)c1c(N)cc(C(=O)NCc2ccc(S(C)(=O)=O)cc2)nc1OCC,5.28
CCN1CCN(C(=O)[C@H]2CC[C@H](Nc3nccc(-n4ccc5c(N6CCC(S(C)(=O)=O)CC6)cccc54)n3)CC2)CC1,7.44
CCNC(=O)[C@H]1CC[C@H](Nc2nccc(-n3ccc4c(N5CCC(S(C)(=O)=O)CC5)cccc43)n2)CC1,7.845000000000001
CCOC(=O)[C@H]1CC[C@H](Nc2nccc(-n3ccc4c(N5CCC(S(C)(=O)=O)CC5)cccc43)n2)CC1,7.785
CCOC(=O)[C@H]1CC[C@H](Nc2nccc(-n3ncc4c(N5CCC(S(C)(=O)=O)CC5)cccc43)n2)CC1,7.57
CCOC1CCN(C(=O)[C@H]2CC[C@H](Nc3nccc(-n4ccc5c(N6CCC(S(C)(=O)=O)CC6)cccc54)n3)CC2)CC1,7.08
CCO[C@@H]1CCN(C(=O)[C@H]2CC[C@H](Nc3nccc(-n4ccc5c(N6CCC(S(C)(=O)=O)CC6)cccc54)n3)CC2)C1,7.64
CCO[C@H]1CCN(C(=O)[C@H]2CC[C@H](Nc3nccc(-n4ccc5c(N6CCC(S(C)(=O)=O)CC6)cccc54)n3)CC2)C1,7.49
CCOc1ccc(CC(=O)Nc2sccc2C(N)=O)cc1,5.72
CCOc1nc(C(=O)NCc2ccc(S(C)(=O)=O)cc2)cc(N)c1/C=C/C#N,6.39
CCOc1nc(C(=O)NCc2ccc(S(C)(=O)=O)cc2)cc(N)c1/C=C/C(C)(C)C,5.53
CCOc1nc(C(=O)NCc2ccc(S(C)(=O)=O)cc2)cc(N)c1/C=C/c1ccccc1,5.61
CCOc1nc(C(=O)NCc2ccc(S(C)(=O)=O)cc2)cc(N)c1C#C/C=C/CO,5.81
CCOc1nc(C(=O)NCc2ccc(S(C)(=O)=O)cc2)cc(N)c1C#CCCO,5.65
CCOc1nc(C(=O)NCc2ccc(S(C)(=O)=O)cc2)cc(N)c1C#CCO,5.96
CCOc1nc(C(=O)NCc2ccc(S(C)(=O)=O)cc2)cc(N)c1C#Cc1ccsc1,5.46
CCOc1nc(C(=O)NCc2ccc(S(C)(=O)=O)cc2)cc(N)c1C(N)=O,6.5
CN(C)C(=O)c1c(CNC(=O)c2ccc(-c3cnco3)cc2)c(=O)c2ccc(Cl)cc2n1-c1ccccc1,6.82
CN(C)C(=O)c1c(CNC(=O)c2ccc(F)cc2)c(=O)c2ccc(Cl)cc2n1-c1ccccc1,6.62
CN(C)C(=O)c1c(CNC(=O)c2ccc(N3CCC(CCO)CC3)nc2)c(=O)c2ccc(Cl)cc2n1-c1ccccc1,7.29
CN(C)C(=O)c1c(CNC(=O)c2ccc(N3CCC(CO)CC3)nc2)c(=O)c2ccc(Cl)cc2n1-c1ccccc1,6.85
CN(C)C(=O)c1c(CNC(=O)c2ccc(N3CCCCC3)nc2)c(=O)c2ccc(Cl)cc2n1-c1ccccc1,7.04
CN(C)C(=O)c1c(CNC(=O)c2ccc(N3CCOCC3)cc2)c(=O)c2ccc(Cl)cc2n1-c1ccccc1,6.85
CN(C)C(=O)c1c(CNC(=O)c2ccc(N3CCOCC3)nc2)c(=O)c2ccc(Cl)cc2n1-c1ccccc1,7.46
CN(C)C(=O)c1c(CNC(=O)c2ccc(S(C)(=O)=O)cc2)c(=O)c2ccc(Cl)cc2n1-c1ccccc1,6.75
CN(C)C(=O)c1c(CNC(=O)c2ccc3c(c2)OCCO3)c(=O)c2ccc(Cl)cc2n1-c1ccccc1,6.34
CN(C)C(=O)c1c(CNC(=O)c2ccn(Cc3ccccc3)c(=O)c2)c(=O)c2ccc(Cl)cc2n1-c1ccccc1,6.48
CN(C)C(=O)c1c(CNC(=O)c2cnc(N3CCC(CCO)CC3)s2)c(=O)c2ccc(Cl)cc2n1-c1ccccc1,7.09
CN(C)C(=O)c1c(CNC(=O)c2cnc(N3CCC(CO)CC3)s2)c(=O)c2ccc(Cl)cc2n1-c1ccccc1,7.01
CN(C)C(=O)c1c(CNC(=O)c2cnc(N3CCOCC3)s2)c(=O)c2ccc(Cl)cc2n1-c1ccccc1,7.44
CN(C)C1CCN(c2ccc(C(=O)NCc3cn(-c4ccccc4)c4cc(Cl)ccc4c3=O)cn2)CC1,7.51
CN(C)CC(=O)N1CCN(c2cccc3c2ccn3-c2ccnc(N[C@H]3CC[C@H](NS(C)(=O)=O)CC3)n2)CC1,6.105
CN(C)CCN(C(=O)Cn1c(=O)ccc2cc(C(F)(F)F)ccc21)c1scc(Cl)c1-c1nc[nH]n1,5.3
CN(C)CCN([C@H]1CC[C@H](Nc2nccc(-n3ccc4c(N5CCN(C(=O)CC#N)CC5)cccc43)n2)CC1)S(C)(=O)=O,8.02
CN(C)CCNc1nc(C(=O)NCc2ccc(S(C)(=O)=O)cc2)cc(N)c1C#N,5.14
CN(C)S(=O)(=O)N[C@H]1CC[C@H](Nc2nccc(-n3ccc4c(N5CCC(S(C)(=O)=O)CC5)cccc43)n2)CC1,8.059999999999999
CN(C)c1cc(C(=O)NCc2cn(-c3ccccc3)c3cc(Cl)ccc3c2=O)ccn1,7.06
CN(C)c1ccc(C(=O)NCc2cn(-c3ccccc3)c3cc(Cl)ccc3c2=O)cn1,7.26
CN(C)c1ccc(NC(=O)NCc2cn(-c3ccccc3)c3cc(Cl)ccc3c2=O)cc1,6.2
CN(CCO)c1ccc(C(=O)NCc2cn(-c3ccccc3)c3cc(Cl)ccc3c2=O)cn1,7.72
CN1CCCN(c2ccc(C(=O)NCc3cn(-c4ccccc4)c4cc(Cl)ccc4c3=O)cn2)CC1,7.15
CN1CCN(c2ccc(C(=O)NCc3cn(-c4ccccc4)c4cc(Cl)ccc4c3=O)cn2)CC1,6.6
CN1CCN(c2ncc(C(=O)NCc3cn(-c4ccccc4)c4cc(Cl)ccc4c3=O)s2)CC1,7.4
CNC(=O)C1CCN(c2ccc(C(=O)NCc3cn(-c4ccccc4)c4cc(Cl)ccc4c3=O)cn2)CC1,7.57
CNC(=O)c1ccc(C(=O)NCc2c(C(=O)OC)n(-c3ccccc3)c3cc(Cl)ccc3c2=O)cc1,7.96
COC(=O)c1c(CN(C)C(=O)c2ccc(S(C)(=O)=O)cc2)c(=O)c2ccc(Cl)cc2n1-c1ccccc1,6.04
COC(=O)c1c(CNC(=O)C(C)C)c(=O)c2ccc(Cl)cc2n1-c1ccccc1,6.7
COC(=O)c1c(CNC(=O)C2CCN(C(=O)OC(C)(C)C)CC2)c(=O)c2ccc(Cl)cc2n1-c1ccccc1,7.46
COC(=O)c1c(CNC(=O)C2CCN(C(C)=O)CC2)c(=O)c2ccc(Cl)cc2n1-c1ccccc1,6.66
COC(=O)c1c(CNC(=O)C2CCN(S(C)(=O)=O)CC2)c(=O)c2ccc(Cl)cc2n1-c1ccccc1,6.19
COC(=O)c1c(CNC(=O)N2CCOCC2)c(=O)c2ccc(Cl)cc2n1-c1ccccc1,6.82
COC(=O)c1c(CNC(=O)c2ccc(-c3cc[nH]n3)cc2)c(=O)c2ccc(C(F)(F)F)nc2n1-c1ccccc1,7.52
COC(=O)c1c(CNC(=O)c2ccc(-c3cc[nH]n3)cc2)c(=O)c2ccc(Cl)cc2n1-c1ccccc1,7.82
COC(=O)c1c(CNC(=O)c2ccc(-c3cnco3)cc2)c(=O)c2ccc(Cl)cc2n1-c1ccccc1,8.4
COC(=O)c1c(CNC(=O)c2ccc(-c3cnns3)cc2)c(=O)c2ccc(Cl)cc2n1-c1ccccc1,7.77
COC(=O)c1c(CNC(=O)c2ccc(-c3csc(C)n3)cc2)c(=O)c2ccc(Cl)cc2n1-c1ccccc1,7.51
COC(=O)c1c(CNC(=O)c2ccc(-c3nc(C)no3)cc2)c(=O)c2ccc(Cl)cc2n1-c1ccccc1,7.54
COC(=O)c1c(CNC(=O)c2ccc(-c3ncc[nH]3)cc2)c(=O)c2ccc(C(F)(F)F)nc2n1-c1ccccc1,7.64
COC(=O)c1c(CNC(=O)c2ccc(-c3ncc[nH]3)cc2)c(=O)c2ccc(Cl)cc2n1-c1ccccc1,8.15
COC(=O)c1c(CNC(=O)c2ccc(-c3nnn(C)n3)cc2)c(=O)c2ccc(C(F)(F)F)nc2n1-c1ccccc1,7.42
COC(=O)c1c(CNC(=O)c2ccc(-c3nnn(C)n3)cc2)c(=O)c2ccc(Cl)cc2n1-c1ccccc1,7.3
COC(=O)c1c(CNC(=O)c2ccc(-c3noc(C)n3)cc2)c(=O)c2ccc(Cl)cc2n1-c1ccccc1,7.66
COC(=O)c1c(CNC(=O)c2ccc(C(C)(C)C)cc2)c(=O)c2ccc(OC)cc2n1-c1ccccc1,7.33
COC(=O)c1c(CNC(=O)c2ccc(C(N)=O)cc2)c(=O)c2ccc(C(F)(F)F)nc2n1-c1ccccc1,7.57
COC(=O)c1c(CNC(=O)c2ccc(C(N)=O)cc2)c(=O)c2ccc(Cl)cc2n1-c1ccccc1,8.0
COC(=O)c1c(CNC(=O)c2ccc(Cl)c(Cl)c2)c(=O)c2ccc(C(F)(F)F)nc2n1-c1ccccc1,6.77
COC(=O)c1c(CNC(=O)c2ccc(Cl)c(Cl)c2)c(=O)c2ccc(Cl)cc2n1-c1ccccc1,7.32
COC(=O)c1c(CNC(=O)c2ccc(Cl)cc2)c(=O)c2ccc(Cl)cc2n1-c1ccccc1,7.82
COC(=O)c1c(CNC(=O)c2ccc(Cl)cc2)c(=O)c2ccc(OC)cc2n1-c1ccccc1,7.0
COC(=O)c1c(CNC(=O)c2ccc(Cl)nc2)c(=O)c2ccc(F)cc2n1-c1ccccc1,8.0
COC(=O)c1c(CNC(=O)c2ccc(F)c(Cl)c2)c(=O)c2ccc(Cl)cc2n1-c1ccccc1,7.82
COC(=O)c1c(CNC(=O)c2ccc(F)c(F)c2)c(=O)c2ccc(Cl)cc2n1-c1ccccc1,7.92
COC(=O)c1c(CNC(=O)c2ccc(F)c(F)c2)c(=O)c2ccc(OC)cc2n1-c1ccccc1,7.41
COC(=O)c1c(CNC(=O)c2ccc(F)cc2)c(=O)c2ccc(Cl)cc2n1-c1ccccc1,7.85
COC(=O)c1c(CNC(=O)c2ccc(F)cc2)c(=O)c2ccc(OC)cc2n1-c1ccccc1,7.14
COC(=O)c1c(CNC(=O)c2ccc(N(C)C)cc2)c(=O)c2ccc(OC)cc2n1-c1ccccc1,6.75
COC(=O)c1c(CNC(=O)c2ccc(N3CCOCC3)cc2)c(=O)c2ccc(Cl)cc2n1-c1ccccc1,7.8
COC(=O)c1c(CNC(=O)c2ccc(N3CCOCC3)nc2)c(=O)c2ccc(C(F)(F)F)nc2n1-c1ccccc1,7.75
COC(=O)c1c(CNC(=O)c2ccc(N3CCOCC3)nc2)c(=O)c2ccc(Cl)cc2n1-c1ccccc1,8.22
COC(=O)c1c(CNC(=O)c2ccc(N3CCOCC3)nc2)c(=O)c2ccc(F)cc2n1-c1ccccc1,8.4
COC(=O)c1c(CNC(=O)c2ccc(OC)c(OC)c2)c(=O)c2ccc(Cl)cc2n1-c1ccccc1,7.41
COC(=O)c1c(CNC(=O)c2ccc(OC)cc2)c(=O)c2ccc(Cl)cc2n1-c1ccccc1,8.15
COC(=O)c1c(CNC(=O)c2ccc(OC)cc2)c(=O)c2ccc(OC)cc2n1-c1ccccc1,7.27
COC(=O)c1c(CNC(=O)c2ccc(S(C)(=O)=O)cc2)c(=O)c2ccc(Cl)cc2n1-c1ccccc1,8.4
COC(=O)c1c(CNC(=O)c2ccc(S(N)(=O)=O)cc2)c(=O)c2ccc(C(F)(F)F)nc2n1-c1ccccc1,7.58
COC(=O)c1c(CNC(=O)c2ccc(S(N)(=O)=O)cc2)c(=O)c2ccc(Cl)cc2n1-c1ccccc1,8.1
COC(=O)c1c(CNC(=O)c2ccc3cc[nH]c3c2)c(=O)c2ccc(C(F)(F)F)nc2n1-c1ccccc1,7.1
COC(=O)c1c(CNC(=O)c2ccc3cc[nH]c3c2)c(=O)c2ccc(Cl)cc2n1-c1ccccc1,7.82
COC(=O)c1c(CNC(=O)c2cccc(Cl)c2)c(=O)c2ccc(Cl)cc2n1-c1ccccc1,7.77
COC(=O)c1c(CNC(=O)c2cccc(Cl)c2)c(=O)c2ccc(OC)cc2n1-c1ccccc1,7.58
COC(=O)c1c(CNC(=O)c2cccc(F)c2)c(=O)c2ccc(Cl)cc2n1-c1ccccc1,7.89
COC(=O)c1c(CNC(=O)c2cccc(OC)c2)c(=O)c2ccc(Cl)cc2n1-c1ccccc1,8.1
COC(=O)c1c(CNC(=O)c2cccc(OC)c2)c(=O)c2ccc(OC)cc2n1-c1ccccc1,7.5
COC(=O)c1c(CNC(=O)c2ccccc2)c(=O)c2ccc(Cl)cc2n1-c1ccccc1,7.92
COC(=O)c1c(CNC(=O)c2ccccc2)c(=O)c2ccccc2n1-c1ccccc1,7.41
COC(=O)c1c(CNC(=O)c2ccccc2Cl)c(=O)c2ccc(Cl)cc2n1-c1ccccc1,6.37
COC(=O)c1c(CNC(=O)c2ccccc2F)c(=O)c2ccc(Cl)cc2n1-c1ccccc1,7.19
COC(=O)c1c(CNC(=O)c2ccccc2OC)c(=O)c2ccc(Cl)cc2n1-c1ccccc1,6.17
COC(=O)c1c(CNC(=O)c2cccnc2)c(=O)c2ccc(Cl)cc2n1-c1ccccc1,7.89
COC(=O)c1c(CNC(=O)c2cccnc2)c(=O)c2ccc(OC)cc2n1-c1ccccc1,7.19
COC(=O)c1c(CNC(=O)c2ccncc2)c(=O)c2ccc(Cl)cc2n1-c1ccccc1,7.92
COC(=O)c1c(CNC(=O)c2cnc(N3CCOCC3)s2)c(=O)c2ccc(Cl)cc2n1-c1ccccc1,8.1
COC(=O)c1c(CNc2nccc3ccccc23)c(=O)c2ccc(Cl)cc2n1-c1ccccc1,6.96
COC(=O)c1c(CNc2ncnc3ccccc23)c(=O)c2ccc(Cl)cc2n1-c1ccccc1,7.22
COC(=O)c1ccc(C(=O)NCc2c(-c3ncco3)n(-c3ccccc3)c3cc(Cl)ccc3c2=O)cn1,7.6
COC(=O)c1ccc(C(=O)NCc2c(C(=O)OC)n(-c3ccccc3)c3cc(Cl)ccc3c2=O)cc1,8.22
COC(=O)c1ccc(NC(=O)NCc2cn(-c3ccccc3)c3cc(Cl)ccc3c2=O)cc1,5.57
COC1CCN(c2ccc(C(=O)NCc3cn(-c4ccccc4)c4cc(Cl)ccc4c3=O)cn2)CC1,7.58
COCCNc1ccc(C(=O)NCc2cn(-c3ccccc3)c3cc(Cl)ccc3c2=O)cn1,7.52
COCCNc1nc(C(=O)NCc2ccc(S(C)(=O)=O)cc2)cc(N)c1C#N,6.92
COCCO[C@H]1CC[C@H](Nc2nccc(-n3ccc4c(N5CCN(C(=O)CC#N)CC5)cccc43)n2)CC1,7.46
COCCO[C@H]1CC[C@H](Nc2nccc(-n3ccc4c(N5CCN(C(C)=O)CC5)cccc43)n2)CC1,6.39
COCn1nnnc1-c1ccsc1NC(=O)Cc1ccc(OC)cc1,5.3
COc1cc(CC(=O)Nc2sccc2C(N)=O)cc(OC)c1,5.51
COc1cc2ncnc(NCc3cn(-c4ccccc4)c4cc(Cl)ccc4c3=O)c2cc1OC,7.64
COc1ccc(C(=O)NCc2c(C(=O)N(C)C)n(-c3ccccc3)c3cc(Cl)ccc3c2=O)cc1,7.19
COc1ccc(C(=O)NCc2cn(-c3ccccc3)c3cc(Cl)ccc3c2=O)cc1OC,7.1
COc1ccc(C(=O)NCc2cn(-c3ccccc3)c3cc(Cl)ccc3c2=O)cn1,7.27
COc1ccc(C)cc1CC(=O)Nc1sccc1C(N)=O,5.64
COc1ccc(CC(=O)Nc2ccsc2-c2cnccn2)cc1,5.3
COc1ccc(CC(=O)Nc2ccsc2-c2n[nH]c(C(F)(F)F)n2)cc1,5.3
COc1ccc(CC(=O)Nc2ccsc2-c2n[nH]c(N)n2)cc1,5.3
COc1ccc(CC(=O)Nc2ccsc2-c2nc(C3CCCO3)n[nH]2)cc1,5.3
COc1ccc(CC(=O)Nc2ccsc2-c2ncco2)cc1,5.3
COc1ccc(CC(=O)Nc2ccsc2-c2nnc(C)o2)cc1,5.3
COc1ccc(CC(=O)Nc2ccsc2-n2nccn2)cc1,5.3
COc1ccc(CC(=O)Nc2scc(C)c2-c2nc(C)n[nH]2)cc1,5.3
COc1ccc(CC(=O)Nc2sccc2-c2noc(C)n2)cc1,5.3
COc1ccc(CC(=O)Nc2sccc2C(N)=O)cc1,5.24
COc1ccc(NC(=O)NCc2cn(-c3ccccc3)c3cc(Cl)ccc3c2=O)cc1,6.19
COc1ccc(Oc2nc(C(=O)NCc3ccc(S(C)(=O)=O)cc3)cc(N)c2C#N)cc1,6.38
COc1cccc(-c2nc(C(=O)NCc3ccc(S(C)(=O)=O)cc3)cc(N)c2C#N)c1,6.37
COc1cccc(CC(=O)Nc2sccc2C(N)=O)c1,5.58
COc1cccc(Cn2ccc(C(=O)NCc3cn(-c4ccccc4)c4cc(Cl)ccc4c3=O)cc2=O)c1,7.14
COc1ccccc1CC(=O)Nc1sccc1C(N)=O,4.92
COc1ccccc1Cn1ccc(C(=O)NCc2cn(-c3ccccc3)c3cc(Cl)ccc3c2=O)cc1=O,6.75
COc1nc(-c2sccc2NC(=O)Cc2cccc3cnccc23)cs1,5.3
CS(=O)(=O)C1CCN(C(=O)N2CCC(NC(=O)NCc3cn(-c4ccccc4)c4cc(Cl)ccc4c3=O)CC2)CC1,5.8
CS(=O)(=O)C1CCN(c2ccc(C(=O)NCc3cn(-c4ccccc4)c4cc(Cl)ccc4c3=O)cn2)CC1,7.62
CS(=O)(=O)C1CCN(c2cccc3c2ccn3-c2ccnc(N[C@H]3CC[C@@H](O)CC3)n2)CC1,7.165
CS(=O)(=O)C1CCN(c2cccc3c2ccn3-c2ccnc(N[C@H]3CC[C@@](C)(O)CC3)n2)CC1,7.695
CS(=O)(=O)C1CCN(c2cccc3c2ccn3-c2ccnc(N[C@H]3CC[C@H](C(=O)N4CCC(O)CC4)CC3)n2)CC1,7.78
CS(=O)(=O)C1CCN(c2cccc3c2ccn3-c2ccnc(N[C@H]3CC[C@H](C(=O)N4CCN(C5CC5)CC4)CC3)n2)CC1,7.53
CS(=O)(=O)C1CCN(c2cccc3c2ccn3-c2ccnc(N[C@H]3CC[C@H](C(=O)N4CCN(C5CCC5)CC4)CC3)n2)CC1,7.22
CS(=O)(=O)C1CCN(c2cccc3c2ccn3-c2ccnc(N[C@H]3CC[C@H](C(=O)N4CCN5CCCC5C4)CC3)n2)CC1,7.66
CS(=O)(=O)C1CCN(c2cccc3c2ccn3-c2ccnc(N[C@H]3CC[C@H](C(=O)N4CCN5CCCCC5C4)CC3)n2)CC1,7.81
CS(=O)(=O)C1CCN(c2cccc3c2ccn3-c2ccnc(N[C@H]3CC[C@H](C(=O)N4CCn5c(nnc5C(F)(F)F)C4)CC3)n2)CC1,8.325
CS(=O)(=O)C1CCN(c2cccc3c2ccn3-c2ccnc(N[C@H]3CC[C@H](C(=O)N4CCn5ccnc5C4)CC3)n2)CC1,7.82
CS(=O)(=O)C1CCN(c2cccc3c2ccn3-c2ccnc(N[C@H]3CC[C@H](C(=O)N4CCn5cnnc5C4)CC3)n2)CC1,7.93
CS(=O)(=O)C1CCN(c2cccc3c2ccn3-c2ccnc(N[C@H]3CC[C@H](O)CC3)n2)CC1,8.129999999999999
CS(=O)(=O)C1CCN(c2cccc3c2ccn3-c2ccnc(N[C@H]3CC[C@](C)(O)CC3)n2)CC1,7.555
CS(=O)(=O)C1CCN(c2cccc3c2cnn3-c2ccnc(N[C@H]3CC[C@H](O)CC3)n2)CC1,8.01
CS(=O)(=O)C1CCN(c2ncc(C(=O)NCc3cn(-c4ccccc4)c4cc(Cl)ccc4c3=O)s2)CC1,7.68
CS(=O)(=O)C[C@H]1CC[C@H](Nc2nccc(-n3ccc4c(N5CCN(C(=O)CC#N)CC5)cccc43)n2)CC1,8.245
CS(=O)(=O)N(CCO)[C@H]1CC[C@H](Nc2nccc(-n3ccc4c(N5CCN(C(=O)CC#N)CC5)cccc43)n2)CC1,7.72
CS(=O)(=O)N1CCC(NC(=O)NCc2cn(-c3ccccc3)c3cc(Cl)ccc3c2=O)CC1,5.68
CS(=O)(=O)N[C@H]1CC[C@H](Nc2nccc(-n3ccc4c(N5CCC(O)CC5)cccc43)n2)CC1,6.955
CS(=O)(=O)N[C@H]1CC[C@H](Nc2nccc(-n3ccc4c(N5CCC(S(C)(=O)=O)CC5)cccc43)n2)CC1,8.075
CS(=O)(=O)N[C@H]1CC[C@H](Nc2nccc(-n3ccc4c(N5CCN(C(=O)CC#N)CC5)cccc43)n2)CC1,7.855
CS(=O)(=O)N[C@H]1CC[C@H](Nc2nccc(-n3ccc4c(N5CCN(C(=O)CN)CC5)cccc43)n2)CC1,6.715
CS(=O)(=O)N[C@H]1CC[C@H](Nc2nccc(-n3ccc4c(N5CCN(C(=O)CO)CC5)cccc43)n2)CC1,7.585
CS(=O)(=O)N[C@H]1CC[C@H](Nc2nccc(-n3ccc4c(N5CCN(C(N)=O)CC5)cccc43)n2)CC1,7.395
CS(=O)(=O)N[C@H]1CC[C@H](Nc2nccc(-n3ccc4c(N5CCN(S(C)(=O)=O)CC5)cccc43)n2)CC1,7.135
CS(=O)(=O)N[C@H]1CC[C@H](Nc2nccc(-n3ccc4c(N5CCN(S(N)(=O)=O)CC5)cccc43)n2)CC1,7.465
CS(=O)(=O)N[C@H]1CC[C@H](Nc2nccc(-n3ccc4c(N5CCNCC5)cccc43)n2)CC1,6.26
CS(=O)(=O)c1ccc(CNC(=O)c2cc(N)c(C#N)c(-c3ccc(C(=O)O)s3)n2)cc1,6.6
CS(=O)(=O)c1ccc(CNC(=O)c2cc(N)c(C#N)c(-c3cccc(Cl)c3)n2)cc1,5.93
CS(=O)(=O)c1ccc(CNC(=O)c2cc(N)c(C#N)c(-c3cccc(O)c3)n2)cc1,6.7
CS(=O)(=O)c1ccc(CNC(=O)c2cc(N)c(C#N)c(-c3cccc(S(C)(=O)=O)c3)n2)cc1,7.37
CS(=O)(=O)c1ccc(CNC(=O)c2cc(N)c(C#N)c(-c3cccnc3)n2)cc1,6.5
CS(=O)(=O)c1ccc(CNC(=O)c2cc(N)c(C#N)c(-c3ccncc3)n2)cc1,6.28
CS(=O)(=O)c1ccc(CNC(=O)c2cc(N)c(C#N)c(-c3ccoc3)n2)cc1,6.57
CS(=O)(=O)c1ccc(CNC(=O)c2cc(N)c(C#N)c(-c3ccsc3)n2)cc1,7.09
CS(=O)(=O)c1ccc(CNC(=O)c2cc(N)c(C#N)c(-c3ccsc3CO)n2)cc1,6.24
CS(=O)(=O)c1ccc(CNC(=O)c2cc(N)c(C#N)c(-c3cncnc3)n2)cc1,6.21
CS(=O)(=O)c1ccc(CNC(=O)c2cc(N)c(C#N)c(/C=C/C(=O)O)n2)cc1,6.52
CS(=O)(=O)c1ccc(CNC(=O)c2cc(N)c(C#N)c(/C=C/CCO)n2)cc1,6.77
CS(=O)(=O)c1ccc(CNC(=O)c2cc(N)c(C#N)c(/C=C/c3ccccc3)n2)cc1,5.84
CS(=O)(=O)c1ccc(CNC(=O)c2cc(N)c(C#N)c(NC(CO)CO)n2)cc1,7.12
CS(=O)(=O)c1ccc(CNC(=O)c2cc(N)c(C#N)c(NC3CC3)n2)cc1,7.5
CS(=O)(=O)c1ccc(CNC(=O)c2cc(N)c(C#N)c(NC3CCC3)n2)cc1,7.07
CS(=O)(=O)c1ccc(CNC(=O)c2cc(N)c(C#N)c(NC3CCCC3)n2)cc1,7.02
CS(=O)(=O)c1ccc(CNC(=O)c2cc(N)c(C#N)c(NCCC(N)=O)n2)cc1,7.18
CS(=O)(=O)c1ccc(CNC(=O)c2cc(N)c(C#N)c(NCCCO)n2)cc1,7.27
CS(=O)(=O)c1ccc(CNC(=O)c2cc(N)c(C#N)c(NCCN)n2)cc1,5.8
CS(=O)(=O)c1ccc(CNC(=O)c2cc(N)c(C#N)c(NCCNC(N)=O)n2)cc1,7.03
CS(=O)(=O)c1ccc(CNC(=O)c2cc(N)c(C#N)c(NCCO)n2)cc1,7.03
CS(=O)(=O)c1ccc(CNC(=O)c2cc(N)c(C#N)c(NCCc3ccccc3)n2)cc1,6.58
CS(=O)(=O)c1ccc(CNC(=O)c2cc(N)c(C#N)c(NCc3ccccc3)n2)cc1,6.09
CS(=O)(=O)c1ccc(CNC(=O)c2cc(N)c(C#N)c(OCC3CC3)n2)cc1,7.64
CS(=O)(=O)c1ccc(CNC(=O)c2cc(N)c(C#N)c(OCC3CCCC3)n2)cc1,6.41
CS(=O)(=O)c1ccc(CNC(=O)c2cc(N)c(C#N)c(OCCC(=O)O)n2)cc1,5.79
C[C@@H](CO)Nc1nc(C(=O)NCc2ccc(S(C)(=O)=O)cc2)cc(N)c1C#N,6.75
C[C@@H](CO)Oc1nc(C(=O)NCc2ccc(S(C)(=O)=O)cc2)cc(N)c1C#N,7.66
Cc1cc(-c2sccc2NC(=O)Cc2cccc3ccccc23)n[nH]1,5.3
Cc1cc(C)cc(CC(=O)Nc2sccc2C(N)=O)c1,5.57
Cc1ccc(CC(=O)Nc2sccc2C(N)=O)cc1,5.37
Cc1cccc(CC(=O)Nc2sccc2C(N)=O)c1,5.27
Cc1ccccc1CC(=O)Nc1sccc1C(N)=O,5.22
Cc1cnc(-c2sccc2NC(=O)Cc2cccc3cnccc23)s1,5.3
Cc1csc(-c2sccc2NC(=O)Cc2cccc3cnccc23)n1,5.3
Cc1csc(NC(=O)Cc2ccc(OCCCN3CCCCC3)cc2)c1-c1ncn[nH]1,5.3
Cc1csc(NC(=O)Cc2ccc(OCCn3ccnc3)cc2)c1-c1ncn[nH]1,5.3
Cc1csc(NC(=O)Cc2cccc3ncccc23)c1-c1ncn[nH]1,5.3
Cc1csc(NC(=O)Cc2cccc3nccnc23)c1-c1ncn[nH]1,5.3
Cc1n[nH]c(-c2c(C)csc2NC(=O)Cc2ccc(-c3ccncc3)cc2)n1,5.3
Cc1n[nH]c(-c2c(C)csc2NC(=O)Cc2ccc(OCCCN3CCCCC3)cc2)n1,5.3
Cc1n[nH]c(-c2c(C)csc2NC(=O)Cc2cccc3nccnc23)n1,5.3
Cc1n[nH]c(-c2sccc2NC(=O)Cc2ccc(N3CCCC3=O)cc2)n1,5.3
Cc1n[nH]c(-c2sccc2NC(=O)Cc2ccc3c(c2)OCCO3)n1,5.3
Cc1nc(-c2sccc2NC(=O)Cc2cccc3ccccc23)n[nH]1,5.3
Cc1nnc(-c2sccc2NC(=O)Cc2cccc3ccccc23)o1,5.3
Cc1noc(-c2c(C)csc2NC(=O)Cc2ccc(-c3ccncc3)cc2)n1,5.3
Cc1noc(-c2c(C)csc2NC(=O)Cc2cccc3ccccc23)n1,5.3
Cc1noc(-c2sccc2NC(=O)Cc2cccc3ccccc23)n1,5.3
Cc1sc(NC(=O)Cc2cccc3ccccc23)c(C(N)=O)c1C,4.58
Cn1cc(C(=O)NCc2c(-c3ncco3)n(-c3ccccc3)c3ncccc3c2=O)cn1,7.33
Cn1ccc(C(=O)NCc2cn(-c3ccccc3)c3cc(Cl)ccc3c2=O)cc1=O,6.17
Cn1cnc2cc(C(=O)NCc3cn(-c4ccccc4)c4cc(Cl)ccc4c3=O)cnc21,6.96
N#CCC(=O)N1CCN(c2cccc3c2ccn3-c2ccnc(NC3CCCCC3)n2)CC1,7.84
N#CCC(=O)N1CCN(c2cccc3c2ccn3-c2ccnc(N[C@@H]3CC[C@@H](O)C3)n2)CC1,6.98
N#CCC(=O)N1CCN(c2cccc3c2ccn3-c2ccnc(N[C@@H]3CC[C@H](O)C3)n2)CC1,6.24
N#CCC(=O)N1CCN(c2cccc3c2ccn3-c2ccnc(N[C@H]3CCC[C@@H](O)C3)n2)CC1,6.75
N#CCC(=O)N1CCN(c2cccc3c2ccn3-c2ccnc(N[C@H]3CCC[C@H](O)C3)n2)CC1,7.05
N#CCC(=O)N1CCN(c2cccc3c2ccn3-c2ccnc(N[C@H]3CC[C@@H](O)C3)n2)CC1,6.09
N#CCC(=O)N1CCN(c2cccc3c2ccn3-c2ccnc(N[C@H]3CC[C@@H](O)CC3)n2)CC1,7.425
N#CCC(=O)N1CCN(c2cccc3c2ccn3-c2ccnc(N[C@H]3CC[C@H](CO)CC3)n2)CC1,8.295
N#CCC(=O)N1CCN(c2cccc3c2ccn3-c2ccnc(N[C@H]3CC[C@H](O)C3)n2)CC1,6.83
N#CCC(=O)N1CCN(c2cccc3c2ccn3-c2ccnc(N[C@H]3CC[C@H](O)CC3)n2)CC1,8.0
N#CCC(=O)O[C@@H]1CCC[C@H](Nc2nccc(-n3ccc4c(N5CCN(C(=O)CC#N)CC5)cccc43)n2)C1,6.7
N#CCC(=O)O[C@H]1CCC[C@H](Nc2nccc(-n3ccc4c(N5CCN(C(=O)CC#N)CC5)cccc43)n2)C1,6.78
N#CN/C(=N\Cc1cn(-c2ccccc2)c2cc(Cl)ccc2c1=O)N1CCOCC1,5.92
N#CN/C(=N\Cc1cn(-c2ccccc2)c2cc(Cl)ccc2c1=O)Nc1ccccc1,5.57
N#Cc1ccc(CC(=O)Nc2sccc2C(N)=O)cc1,5.47
N#Cc1cccc(CC(=O)Nc2sccc2C(N)=O)c1,4.68
N#Cc1csc(NC(=O)Cn2c(=O)ccc3cc(C(F)(F)F)ccc32)c1-c1cncs1,5.3
N#Cc1csc(NC(=O)Cn2c(=O)ccc3cc(C(F)(F)F)ccc32)c1-n1ccnn1,5.3
N#Cc1csc(NC(=O)Cn2c(=O)ccc3cc(C(F)(F)F)ccc32)c1-n1nnc2ccccc21,5.3
NC(=O)C1CCN(c2ccc(C(=O)NCc3cn(-c4ccccc4)c4cc(Cl)ccc4c3=O)cn2)CC1,6.96
NC(=O)N1CCN(c2ccc(C(=O)NCc3cn(-c4ccccc4)c4cc(Cl)ccc4c3=O)cn2)CC1,7.54
NC(=O)c1ccc(C(=O)NCc2c(-c3ncco3)n(-c3ccccc3)c3cc(Cl)ccc3c2=O)cc1,7.85
NC(=O)c1ccc(C(=O)NCc2cn(-c3ccccc3)c3cc(Cl)ccc3c2=O)cc1,6.52
NC(=O)c1ccsc1NC(=O)CN1CCN(Cc2ccco2)CC1,5.12
NC(=O)c1ccsc1NC(=O)Cc1c(F)cccc1Cl,4.9
NC(=O)c1ccsc1NC(=O)Cc1c(F)cccc1F,5.13
NC(=O)c1ccsc1NC(=O)Cc1c[nH]c2ccccc12,5.03
NC(=O)c1ccsc1NC(=O)Cc1cc(Cl)c2c(c1)OCCCO2,5.72
NC(=O)c1ccsc1NC(=O)Cc1cc(F)cc(F)c1,5.09
NC(=O)c1ccsc1NC(=O)Cc1cc(F)ccc1F,5.24
NC(=O)c1ccsc1NC(=O)Cc1ccc(C(F)(F)F)cc1,5.19
NC(=O)c1ccsc1NC(=O)Cc1ccc(Cl)cc1,4.73
NC(=O)c1ccsc1NC(=O)Cc1ccc(F)c(F)c1,4.99
NC(=O)c1ccsc1NC(=O)Cc1ccc(F)cc1,5.29
NC(=O)c1ccsc1NC(=O)Cc1ccc(F)cc1F,5.01
NC(=O)c1ccsc1NC(=O)Cc1ccc(OC(F)(F)F)cc1,5.24
NC(=O)c1ccsc1NC(=O)Cc1ccc([N+](=O)[O-])cc1,5.54
NC(=O)c1ccsc1NC(=O)Cc1ccc2c(c1)CCC2,5.6
NC(=O)c1ccsc1NC(=O)Cc1ccc2c(c1)OCCO2,5.57
NC(=O)c1ccsc1NC(=O)Cc1ccc2c(c1)OCO2,5.75
NC(=O)c1ccsc1NC(=O)Cc1cccc(Br)c1,5.75
NC(=O)c1ccsc1NC(=O)Cc1cccc(C(F)(F)F)c1,5.12
NC(=O)c1ccsc1NC(=O)Cc1cccc(Cl)c1,5.58
NC(=O)c1ccsc1NC(=O)Cc1cccc(F)c1,5.03
NC(=O)c1ccsc1NC(=O)Cc1cccc(I)c1,5.75
NC(=O)c1ccsc1NC(=O)Cc1cccc2ccccc12,5.27
NC(=O)c1ccsc1NC(=O)Cc1ccccc1,5.44
NC(=O)c1ccsc1NC(=O)Cc1ccccc1Br,5.54
NC(=O)c1ccsc1NC(=O)Cc1ccccc1Cl,5.85
NC(=O)c1ccsc1NC(=O)Cc1ccccc1F,5.08
NC(=O)c1ccsc1NC(=O)Cc1ccccc1I,5.47
NC(=O)c1ccsc1NC(=O)Cc1cccnc1,5.09
NC(=O)c1ccsc1NC(=O)Cc1csc2ccccc12,5.89
NC(=O)c1ccsc1NC(=O)Cc1csc2nc(-c3cccs3)cn12,5.6
NC(=O)c1ccsc1NC(=O)c1ccccc1,5.23
NC1CCN(c2ccc(C(=O)NCc3cn(-c4ccccc4)c4cc(Cl)ccc4c3=O)cn2)CC1,6.89
NS(=O)(=O)c1ccc(C(=O)NCc2cn(-c3ccccc3)c3cc(Cl)ccc3c2=O)cn1,7.26
O=C(CN1C(=O)CCc2ccc(Br)cc21)Nc1scc(Br)c1-c1ncn[nH]1,5.3
O=C(CN1C(=O)CCc2ccccc21)Nc1ccsc1-c1c[nH]cn1,5.3
O=C(CN1C(=O)CCc2ccccc21)Nc1ccsc1-c1cscn1,5.3
O=C(CN1C(=O)CCc2cnccc21)Nc1ccsc1-c1cscn1,5.3
O=C(Cc1cc(C(F)(F)F)c2cccnc2c1)Nc1scc(Br)c1-c1nnc[nH]1,5.3
O=C(Cc1cc(C(F)(F)F)cc2ncccc12)Nc1scc(Br)c1-c1ncn[nH]1,5.3
O=C(Cc1ccc(OCCCN2CCCCC2)cc1)Nc1ccsc1-c1cscn1,5.3
O=C(Cc1ccc2c(c1)OCCO2)Nc1ccsc1-c1ncn[nH]1,5.3
O=C(Cc1ccc2ccc(C(F)(F)F)nc2c1)Nc1scc(Br)c1-c1nc[nH]n1,5.3
O=C(Cc1cccc2cc(C(F)(F)F)cnc12)Nc1scc(Br)c1-c1nc[nH]n1,5.3
O=C(Cc1cccc2ccccc12)Nc1ccsc1-c1cc[nH]n1,5.3
O=C(Cc1cccc2ccccc12)Nc1ccsc1-c1nc[nH]n1,5.3
O=C(Cc1cccc2ccccc12)Nc1ccsc1-c1nnco1,5.3
O=C(Cc1cccc2cnccc12)Nc1ccsc1-c1csc(Cl)n1,5.3
O=C(Cc1cccc2cnccc12)Nc1ccsc1-c1cscn1,5.3
O=C(Cc1cccc2cnccc12)Nc1ccsc1-c1ncco1,5.3
O=C(Cc1cccc2cnccc12)Nc1ccsc1-c1nccs1,5.3
O=C(Cc1cccc2cnccc12)Nc1scnc1-c1cnccn1,5.3
O=C(Cc1cccc2cnccc12)Nc1scnc1-c1nc[nH]n1,5.3
O=C(Cc1cccc2ncccc12)Nc1ccsc1-c1nnc[nH]1,5.3
O=C(NCc1c(-c2ncco2)n(-c2ccccc2)c2cc(Cl)ccc2c1=O)c1ccc(Cl)nc1,7.54
O=C(NCc1c(-c2ncco2)n(-c2ccccc2)c2cc(Cl)ccc2c1=O)c1ccc(N2CCCCC2)nc1,7.85
O=C(NCc1c(-c2ncco2)n(-c2ccccc2)c2cc(Cl)ccc2c1=O)c1ccc(N2CCOCC2)nc1,8.05
O=C(NCc1c(-c2ncco2)n(-c2ccccc2)c2cc(Cl)ccc2c1=O)c1ccc2c(c1)OCO2,7.6
O=C(NCc1c(-c2ncco2)n(-c2ccccc2)c2cc(Cl)ccc2c1=O)c1ccnc(N2CCOCC2)c1,8.15
O=C(NCc1c(-c2ncco2)n(-c2ccccc2)c2ncccc2c1=O)c1ccc(N2CCC(CO)CC2)nc1,8.15
O=C(NCc1c(-c2ncco2)n(-c2ccccc2)c2ncccc2c1=O)c1ccc(N2CCOCC2)nc1,7.54
O=C(NCc1c(-c2ncco2)n(-c2ccccc2)c2ncccc2c1=O)c1ccn(Cc2ccccc2)c(=O)c1,8.4
O=C(NCc1cn(-c2ccccc2)c2cc(Cl)ccc2c1=O)N1CCOCC1,6.07
O=C(NCc1cn(-c2ccccc2)c2cc(Cl)ccc2c1=O)NC1C2CC3CC1CC(O)(C3)C2,6.62
O=C(NCc1cn(-c2ccccc2)c2cc(Cl)ccc2c1=O)NC1CCCC1,6.04
O=C(NCc1cn(-c2ccccc2)c2cc(Cl)ccc2c1=O)NC1CCN(C(=O)Oc2ccccc2)CC1,6.75
O=C(NCc1cn(-c2ccccc2)c2cc(Cl)ccc2c1=O)NC1CCN(C(=O)c2ccccc2)CC1,6.72
O=C(NCc1cn(-c2ccccc2)c2cc(Cl)ccc2c1=O)NC1CCN(S(=O)(=O)c2ccccc2)CC1,5.96
O=C(NCc1cn(-c2ccccc2)c2cc(Cl)ccc2c1=O)Nc1ccc(Cl)c(F)c1,5.96
O=C(NCc1cn(-c2ccccc2)c2cc(Cl)ccc2c1=O)Nc1ccc(OC(F)(F)F)cc1,5.75
O=C(NCc1cn(-c2ccccc2)c2cc(Cl)ccc2c1=O)Nc1ccccc1,6.26
O=C(NCc1cn(-c2ccccc2)c2cc(Cl)ccc2c1=O)c1cc(F)cc(F)c1,6.2
O=C(NCc1cn(-c2ccccc2)c2cc(Cl)ccc2c1=O)c1cc(F)ccc1F,5.72
O=C(NCc1cn(-c2ccccc2)c2cc(Cl)ccc2c1=O)c1ccc(-c2cnco2)cc1,6.77
O=C(NCc1cn(-c2ccccc2)c2cc(Cl)ccc2c1=O)c1ccc(=O)n(Cc2ccccc2)c1,6.42
O=C(NCc1cn(-c2ccccc2)c2cc(Cl)ccc2c1=O)c1ccc(C(=O)NC2C3CC4CC2CC(O)(C4)C3)cc1,7.28
O=C(NCc1cn(-c2ccccc2)c2cc(Cl)ccc2c1=O)c1ccc(Cl)nc1,6.37
O=C(NCc1cn(-c2ccccc2)c2cc(Cl)ccc2c1=O)c1ccc(N(CCO)CCO)nc1,7.75
O=C(NCc1cn(-c2ccccc2)c2cc(Cl)ccc2c1=O)c1ccc(N2CCC(CCO)CC2)nc1,7.77
O=C(NCc1cn(-c2ccccc2)c2cc(Cl)ccc2c1=O)c1ccc(N2CCC(CO)CC2)nc1,7.7
O=C(NCc1cn(-c2ccccc2)c2cc(Cl)ccc2c1=O)c1ccc(N2CCC(O)CC2)nc1,7.47
O=C(NCc1cn(-c2ccccc2)c2cc(Cl)ccc2c1=O)c1ccc(N2CCCCC2)nc1,7.72
O=C(NCc1cn(-c2ccccc2)c2cc(Cl)ccc2c1=O)c1ccc(N2CCCCCC2)nc1,7.68
O=C(NCc1cn(-c2ccccc2)c2cc(Cl)ccc2c1=O)c1ccc(N2CCN(CCO)CC2)nc1,7.09
O=C(NCc1cn(-c2ccccc2)c2cc(Cl)ccc2c1=O)c1ccc(N2CCNCC2)nc1,6.96
O=C(NCc1cn(-c2ccccc2)c2cc(Cl)ccc2c1=O)c1ccc(N2CCOCC2)nc1,7.08
O=C(NCc1cn(-c2ccccc2)c2cc(Cl)ccc2c1=O)c1ccc(N2CCS(=O)(=O)CC2)nc1,7.25
O=C(NCc1cn(-c2ccccc2)c2cc(Cl)ccc2c1=O)c1ccc(NC2CCOCC2)nc1,7.31
O=C(NCc1cn(-c2ccccc2)c2cc(Cl)ccc2c1=O)c1ccc(NCCO)nc1,7.33
O=C(NCc1cn(-c2ccccc2)c2cc(Cl)ccc2c1=O)c1ccc2cc[nH]c2c1,6.85
O=C(NCc1cn(-c2ccccc2)c2cc(Cl)ccc2c1=O)c1cccc(F)c1F,5.77
O=C(NCc1cn(-c2ccccc2)c2cc(Cl)ccc2c1=O)c1ccn(Cc2ccc(Cl)cc2)c(=O)c1,7.36
O=C(NCc1cn(-c2ccccc2)c2cc(Cl)ccc2c1=O)c1ccn(Cc2cccc(Cl)c2)c(=O)c1,6.96
O=C(NCc1cn(-c2ccccc2)c2cc(Cl)ccc2c1=O)c1ccn(Cc2ccccc2)c(=O)c1,7.89
O=C(NCc1cn(-c2ccccc2)c2cc(Cl)ccc2c1=O)c1ccn(Cc2ccccc2Cl)c(=O)c1,7.12
O=C(NCc1cn(-c2ccccc2)c2cc(Cl)ccc2c1=O)c1ccnc(N2CCCC2)c1,7.42
O=C(NCc1cn(-c2ccccc2)c2cc(Cl)ccc2c1=O)c1cn(Cc2ccccc2)nn1,6.16
O=C(NCc1cn(-c2ccccc2)c2cc(Cl)ccc2c1=O)c1cnc(N2CCC(CO)CC2)s1,7.48
O=C(NCc1cn(-c2ccccc2)c2cc(Cl)ccc2c1=O)c1cnc(N2CCC(O)CC2)s1,7.44
O=C(NCc1cn(-c2ccccc2)c2cc(Cl)ccc2c1=O)c1cnc(N2CCCCC2)s1,7.8
O=C(NCc1cn(-c2ccccc2)c2cc(Cl)ccc2c1=O)c1cnc(N2CCOCC2)nc1,6.72
O=C(NCc1cn(-c2ccccc2)c2cc(Cl)ccc2c1=O)c1cnc(N2CCOCC2)s1,7.26
O=C(NCc1cn(-c2ccccc2)c2cc(Cl)ccc2c1=O)c1cnc(N2CCS(=O)(=O)CC2)s1,7.16
O=C(NCc1cn(-c2ccccc2)c2cc(Cl)ccc2c1=O)c1cnc2nc[nH]c2c1,6.64
O=C(NCc1cn(-c2ccccc2Cl)c2cc(Cl)ccc2c1=O)c1ccc(-c2cn[nH]c2)nc1,6.13
O=C(NCc1cn(-c2ccccc2Cl)c2cc(Cl)ccc2c1=O)c1ccc(Br)nc1,6.22
O=C(NCc1cn(-c2ccccc2Cl)c2cc(Cl)ccc2c1=O)c1ccc(N2CCOCC2)cc1,7.05
O=C(NCc1cn(-c2ccccc2F)c2cc(F)ccc2c1=O)c1ccc(Cl)nc1,6.82
O=C(NCc1cn(-c2ccccc2F)c2cc(F)ccc2c1=O)c1ccc(N2CCC(CO)CC2)nc1,7.28
O=C(NCc1cn(-c2ccccc2F)c2cc(F)ccc2c1=O)c1ccc(N2CCOCC2)nc1,6.92
O=C(NCc1cn(-c2ccccc2F)c2cc(F)ccc2c1=O)c1ccc(N2CCS(=O)(=O)CC2)nc1,7.0
O=c1c(CNc2cc(N3CCCCC3)ncn2)cn(-c2ccccc2)c2cc(Cl)ccc12,6.654999999999999
O=c1c(CNc2nc3ccccc3s2)cn(-c2ccccc2)c2cc(Cl)ccc12,6.16
O=c1c(CNc2ncnc3cc(F)ccc23)cn(-c2ccccc2)c2cc(Cl)ccc12,7.1
O[C@H]1CC[C@H](Nc2nccc(-n3ccc4c(N5CCCCC5)cccc43)n2)CC1,6.605
