ligand_id,target,seed,n_poses,selected_mode,CNNscore,CNNaffinity,centroid_to_crystal_lig_A,pass_pocket_centroid,pocket_overlap_frac,n_key_contacts,key_recovery_frac,ifp_jaccard_vs_np3146,ifp_bits,n_ifp_bits,keep_nlrp3_pose,keep_nlrp3_structural,sdf,d_ALA227,contact_ALA227,d_ALA228,contact_ALA228,d_ARG351,contact_ARG351,d_MET408,contact_MET408,d_TYR443,contact_TYR443,d_PHE575,contact_PHE575,d_ARG578,contact_ARG578,name,role,note
NP3-146,nlrp3_7alv,42,9,1,0.971881032,7.45910025,0.35827093853443076,True,1.0,6,0.8571428571428571,0.8421052631578947,AROMATIC:PHE575;CONTACT:ALA227;CONTACT:ALA228;CONTACT:ARG351;CONTACT:ARG578;CONTACT:MET408;CONTACT:PHE575;HBOND:ALA228;HBOND:ARG351;HBOND:ARG578;HYDROPHOBIC:MET408;HYDROPHOBIC:PHE575;POLAR:ARG351;POLAR:ARG578;WALKER:ALA227;WALKER:ALA228,16,True,True,/home/gwj/work/c1-campaign/URAT1_NLRP3_DualTarget_AIDD_Project/data/campaigns/c1/05_metrics/nlrp3_structural_panel/poses_seed42/NP3-146_out.sdf,3.2812613428375377,True,2.987227644489115,True,2.796792984831019,True,3.6318539342875558,True,4.517012397592021,False,3.323669207367064,True,2.7998896406822946,True,NP3-146,crystal_positive,7ALV co-crystal RM5
MCC950,nlrp3_7alv,42,9,1,0.902179718,6.97487783,0.5198920832432106,True,1.0,6,0.8571428571428571,0.8947368421052632,AROMATIC:PHE575;AROMATIC:TYR443;CONTACT:ALA227;CONTACT:ALA228;CONTACT:ARG351;CONTACT:ARG578;CONTACT:PHE575;CONTACT:TYR443;HBOND:ALA228;HBOND:ARG351;HBOND:ARG578;HYDROPHOBIC:PHE575;HYDROPHOBIC:TYR443;POLAR:ARG351;POLAR:ARG578;WALKER:ALA227;WALKER:ALA228,17,True,True,/home/gwj/work/c1-campaign/URAT1_NLRP3_DualTarget_AIDD_Project/data/campaigns/c1/05_metrics/nlrp3_structural_panel/poses_seed42/MCC950_out.sdf,3.4153260459288615,True,3.2171437642729006,True,2.9201868090928738,True,5.086826122446097,False,3.694662366170961,True,3.4151089294486616,True,2.8587708897356574,True,MCC950,tool_positive,"sulfonylurea tool; analog pocket, not co-crystal"
CHEMBL4204644,nlrp3_7alv,42,9,1,0.870173812,6.87464333,0.7245641678969345,True,1.0,6,0.8571428571428571,0.8947368421052632,AROMATIC:PHE575;AROMATIC:TYR443;CONTACT:ALA227;CONTACT:ALA228;CONTACT:ARG351;CONTACT:ARG578;CONTACT:PHE575;CONTACT:TYR443;HBOND:ALA228;HBOND:ARG351;HBOND:ARG578;HYDROPHOBIC:PHE575;HYDROPHOBIC:TYR443;POLAR:ARG351;POLAR:ARG578;WALKER:ALA227;WALKER:ALA228,17,True,True,/home/gwj/work/c1-campaign/URAT1_NLRP3_DualTarget_AIDD_Project/data/campaigns/c1/05_metrics/nlrp3_structural_panel/poses_seed42/CHEMBL4204644_out.sdf,3.34854505718529,True,3.196588963254413,True,2.8698170673407097,True,5.296087329340406,False,4.1766121438314086,True,3.2300708970547407,True,2.82929637896067,True,CHEMBL4204644,chembl_sulfonylurea_active,pChEMBL=8.3
CHEMBL3183703,nlrp3_7alv,42,9,1,0.902179718,6.97487783,0.5198920832432106,True,1.0,6,0.8571428571428571,0.8947368421052632,AROMATIC:PHE575;AROMATIC:TYR443;CONTACT:ALA227;CONTACT:ALA228;CONTACT:ARG351;CONTACT:ARG578;CONTACT:PHE575;CONTACT:TYR443;HBOND:ALA228;HBOND:ARG351;HBOND:ARG578;HYDROPHOBIC:PHE575;HYDROPHOBIC:TYR443;POLAR:ARG351;POLAR:ARG578;WALKER:ALA227;WALKER:ALA228,17,True,True,/home/gwj/work/c1-campaign/URAT1_NLRP3_DualTarget_AIDD_Project/data/campaigns/c1/05_metrics/nlrp3_structural_panel/poses_seed42/CHEMBL3183703_out.sdf,3.4153260459288615,True,3.2171437642729006,True,2.9201868090928738,True,5.086826122446097,False,3.694662366170961,True,3.4151089294486616,True,2.8587708897356574,True,CHEMBL3183703,chembl_sulfonylurea_active,pChEMBL=8.3
CHEMBL5219789,nlrp3_7alv,42,9,1,0.915598869,7.21097183,0.37021553878323143,True,0.9666666666666667,6,0.8571428571428571,0.8947368421052632,AROMATIC:PHE575;AROMATIC:TYR443;CONTACT:ALA227;CONTACT:ALA228;CONTACT:ARG351;CONTACT:ARG578;CONTACT:PHE575;CONTACT:TYR443;HBOND:ALA228;HBOND:ARG351;HBOND:ARG578;HYDROPHOBIC:PHE575;HYDROPHOBIC:TYR443;POLAR:ARG351;POLAR:ARG578;WALKER:ALA227;WALKER:ALA228,17,True,True,/home/gwj/work/c1-campaign/URAT1_NLRP3_DualTarget_AIDD_Project/data/campaigns/c1/05_metrics/nlrp3_structural_panel/poses_seed42/CHEMBL5219789_out.sdf,3.2027483510260413,True,3.0808094715512477,True,2.9750201679988706,True,4.813882424820947,False,3.37219957890989,True,3.407874997707517,True,2.7895284547751067,True,CHEMBL5219789,chembl_sulfonylurea_active,pChEMBL=8.27
CHEMBL4212407,nlrp3_7alv,42,9,1,0.894346952,6.91715193,0.6024659308357818,True,1.0,6,0.8571428571428571,0.8947368421052632,AROMATIC:PHE575;AROMATIC:TYR443;CONTACT:ALA227;CONTACT:ALA228;CONTACT:ARG351;CONTACT:ARG578;CONTACT:PHE575;CONTACT:TYR443;HBOND:ALA228;HBOND:ARG351;HBOND:ARG578;HYDROPHOBIC:PHE575;HYDROPHOBIC:TYR443;POLAR:ARG351;POLAR:ARG578;WALKER:ALA227;WALKER:ALA228,17,True,True,/home/gwj/work/c1-campaign/URAT1_NLRP3_DualTarget_AIDD_Project/data/campaigns/c1/05_metrics/nlrp3_structural_panel/poses_seed42/CHEMBL4212407_out.sdf,3.480495079726451,True,3.1947708838037117,True,2.881887228883184,True,5.151734271097452,False,3.860662637423786,True,3.2687003533514685,True,2.8249683184064187,True,CHEMBL4212407,chembl_sulfonylurea_active,pChEMBL=8.22
CHEMBL6143743,nlrp3_7alv,42,9,1,0.912098765,7.02595377,0.9120485726343016,True,0.9117647058823529,6,0.8571428571428571,0.8947368421052632,AROMATIC:PHE575;AROMATIC:TYR443;CONTACT:ALA227;CONTACT:ALA228;CONTACT:ARG351;CONTACT:ARG578;CONTACT:PHE575;CONTACT:TYR443;HBOND:ALA228;HBOND:ARG351;HBOND:ARG578;HYDROPHOBIC:PHE575;HYDROPHOBIC:TYR443;POLAR:ARG351;POLAR:ARG578;WALKER:ALA227;WALKER:ALA228,17,True,True,/home/gwj/work/c1-campaign/URAT1_NLRP3_DualTarget_AIDD_Project/data/campaigns/c1/05_metrics/nlrp3_structural_panel/poses_seed42/CHEMBL6143743_out.sdf,3.3223753550735418,True,3.196929307945365,True,2.884434259954625,True,4.879291444461993,False,3.685434438434627,True,3.460972406708841,True,2.894049757692497,True,CHEMBL6143743,chembl_sulfonylurea_active,pChEMBL=8.22
CHEMBL4209503,nlrp3_7alv,42,9,1,0.869377673,6.89524317,0.6723524968644501,True,1.0,6,0.8571428571428571,0.8947368421052632,AROMATIC:PHE575;AROMATIC:TYR443;CONTACT:ALA227;CONTACT:ALA228;CONTACT:ARG351;CONTACT:ARG578;CONTACT:PHE575;CONTACT:TYR443;HBOND:ALA228;HBOND:ARG351;HBOND:ARG578;HYDROPHOBIC:PHE575;HYDROPHOBIC:TYR443;POLAR:ARG351;POLAR:ARG578;WALKER:ALA227;WALKER:ALA228,17,True,True,/home/gwj/work/c1-campaign/URAT1_NLRP3_DualTarget_AIDD_Project/data/campaigns/c1/05_metrics/nlrp3_structural_panel/poses_seed42/CHEMBL4209503_out.sdf,3.1691118629673007,True,3.327873945930033,True,2.890892249808013,True,5.321150251590344,False,3.928133780817556,True,3.2001015608883447,True,2.9505430008728784,True,CHEMBL4209503,chembl_sulfonylurea_active,pChEMBL=8.22
CHEMBL4216836,nlrp3_7alv,42,9,1,0.893445373,6.94271088,0.597329328980361,True,1.0,6,0.8571428571428571,0.8947368421052632,AROMATIC:PHE575;AROMATIC:TYR443;CONTACT:ALA227;CONTACT:ALA228;CONTACT:ARG351;CONTACT:ARG578;CONTACT:PHE575;CONTACT:TYR443;HBOND:ALA228;HBOND:ARG351;HBOND:ARG578;HYDROPHOBIC:PHE575;HYDROPHOBIC:TYR443;POLAR:ARG351;POLAR:ARG578;WALKER:ALA227;WALKER:ALA228,17,True,True,/home/gwj/work/c1-campaign/URAT1_NLRP3_DualTarget_AIDD_Project/data/campaigns/c1/05_metrics/nlrp3_structural_panel/poses_seed42/CHEMBL4216836_out.sdf,3.358100951430743,True,3.1497942789966413,True,2.8849967071038423,True,5.219174743194559,False,3.7208418402291725,True,3.3465999163329916,True,2.8482341898095314,True,CHEMBL4216836,chembl_sulfonylurea_active,pChEMBL=8.15
CHEMBL6171925,nlrp3_7alv,42,9,1,0.877439797,7.4388504,0.7509166828711124,True,0.9696969696969697,6,0.8571428571428571,0.8947368421052632,AROMATIC:PHE575;AROMATIC:TYR443;CONTACT:ALA227;CONTACT:ALA228;CONTACT:ARG351;CONTACT:ARG578;CONTACT:PHE575;CONTACT:TYR443;HBOND:ALA228;HBOND:ARG351;HBOND:ARG578;HYDROPHOBIC:PHE575;HYDROPHOBIC:TYR443;POLAR:ARG351;POLAR:ARG578;WALKER:ALA227;WALKER:ALA228,17,True,True,/home/gwj/work/c1-campaign/URAT1_NLRP3_DualTarget_AIDD_Project/data/campaigns/c1/05_metrics/nlrp3_structural_panel/poses_seed42/CHEMBL6171925_out.sdf,3.1806178645036924,True,3.3674408680777232,True,3.0439917871111275,True,5.083798874857266,False,3.968480061686083,True,2.960527824561024,True,3.1358065948014042,True,CHEMBL6171925,chembl_sulfonylurea_active,pChEMBL=8.1
REP_01181,nlrp3_7alv,42,9,1,0.895339608,6.98887396,0.39986950251810954,True,1.0,6,0.8571428571428571,0.8947368421052632,AROMATIC:PHE575;AROMATIC:TYR443;CONTACT:ALA227;CONTACT:ALA228;CONTACT:ARG351;CONTACT:ARG578;CONTACT:PHE575;CONTACT:TYR443;HBOND:ALA228;HBOND:ARG351;HBOND:ARG578;HYDROPHOBIC:PHE575;HYDROPHOBIC:TYR443;POLAR:ARG351;POLAR:ARG578;WALKER:ALA227;WALKER:ALA228,17,True,True,/home/gwj/work/c1-campaign/URAT1_NLRP3_DualTarget_AIDD_Project/data/campaigns/c1/05_metrics/nlrp3_structural_panel/poses_seed42/REP_01181_out.sdf,3.3860900755886645,True,3.129615631351558,True,3.331967136692676,True,5.161575050311681,False,3.5915758379853195,True,3.3443840987542095,True,3.0705553243672363,True,JT-001,clinical_acid_background,Acid-track chemistry-pass sample
REP_03306,nlrp3_7alv,42,9,1,0.194938287,6.39017248,1.1580860654237233,True,0.8787878787878788,6,0.8571428571428571,0.8421052631578947,AROMATIC:PHE575;AROMATIC:TYR443;CONTACT:ALA227;CONTACT:ALA228;CONTACT:ARG351;CONTACT:ARG578;CONTACT:PHE575;CONTACT:TYR443;HBOND:ALA228;HBOND:ARG578;HYDROPHOBIC:PHE575;HYDROPHOBIC:TYR443;POLAR:ARG351;POLAR:ARG578;WALKER:ALA227;WALKER:ALA228,16,False,False,/home/gwj/work/c1-campaign/URAT1_NLRP3_DualTarget_AIDD_Project/data/campaigns/c1/05_metrics/nlrp3_structural_panel/poses_seed42/REP_03306_out.sdf,3.546197118040681,True,3.1848229150142537,True,4.203257427281847,True,5.160400565847577,False,3.204269963657869,True,3.411076223129588,True,2.9593276263367616,True,GLISAMURIDE,clinical_acid_background,Acid-track chemistry-pass sample
REP_01346,nlrp3_7alv,42,9,1,0.570458829,7.17175674,6.222209276305549,False,0.3333333333333333,5,0.7142857142857143,0.6190476190476191,AROMATIC:PHE575;AROMATIC:TYR443;CLASH:ANY;CONTACT:ALA228;CONTACT:ARG578;CONTACT:MET408;CONTACT:PHE575;CONTACT:TYR443;HBOND:ARG578;HBOND:MET408;HYDROPHOBIC:MET408;HYDROPHOBIC:PHE575;HYDROPHOBIC:TYR443;POLAR:ARG578;WALKER:ALA228,15,False,False,/home/gwj/work/c1-campaign/URAT1_NLRP3_DualTarget_AIDD_Project/data/campaigns/c1/05_metrics/nlrp3_structural_panel/poses_seed42/REP_01346_out.sdf,5.9377366900191895,False,3.70182468520593,True,5.979230218013019,False,1.8384683842807847,True,2.8535288679107493,True,1.6565171294013303,True,2.0576051613465545,True,BARDOXOLONE,clinical_acid_background,Acid-track chemistry-pass sample
REP_07910,nlrp3_7alv,42,9,1,0.832079053,6.91757965,2.369174971416063,True,0.6551724137931034,6,0.8571428571428571,0.75,AROMATIC:PHE575;AROMATIC:TYR443;CONTACT:ALA227;CONTACT:ALA228;CONTACT:ARG578;CONTACT:MET408;CONTACT:PHE575;CONTACT:TYR443;HBOND:ALA227;HBOND:ARG578;HYDROPHOBIC:MET408;HYDROPHOBIC:PHE575;HYDROPHOBIC:TYR443;POLAR:ARG578;WALKER:ALA227;WALKER:ALA228,16,True,True,/home/gwj/work/c1-campaign/URAT1_NLRP3_DualTarget_AIDD_Project/data/campaigns/c1/05_metrics/nlrp3_structural_panel/poses_seed42/REP_07910_out.sdf,3.0270094152479956,True,3.4671103241748664,True,6.419362039953822,False,3.7204690564497347,True,3.369109377862341,True,3.882735504769801,True,3.1342058005178934,True,PF-05241328,clinical_acid_background,Acid-track chemistry-pass sample
REP_01494,nlrp3_7alv,42,9,1,0.53714931,5.95577812,2.38280140934324,True,0.8571428571428571,6,0.8571428571428571,0.8,AROMATIC:PHE575;AROMATIC:TYR443;CONTACT:ALA227;CONTACT:ALA228;CONTACT:ARG578;CONTACT:MET408;CONTACT:PHE575;CONTACT:TYR443;HBOND:ALA228;HBOND:ARG578;HBOND:TYR443;HYDROPHOBIC:MET408;HYDROPHOBIC:PHE575;HYDROPHOBIC:TYR443;POLAR:ARG578;WALKER:ALA227;WALKER:ALA228,17,True,True,/home/gwj/work/c1-campaign/URAT1_NLRP3_DualTarget_AIDD_Project/data/campaigns/c1/05_metrics/nlrp3_structural_panel/poses_seed42/REP_01494_out.sdf,2.2051417188017695,True,2.774751520406826,True,7.084391293541038,False,4.424370802724382,True,3.1159473679765504,True,3.6496910828178337,True,3.147751419664518,True,BALOFLOXACIN,clinical_acid_background,Acid-track chemistry-pass sample
REP_01131,nlrp3_7alv,42,9,1,0.569149673,5.74652338,6.037386523267682,False,0.6153846153846154,5,0.7142857142857143,0.6842105263157895,AROMATIC:PHE575;CONTACT:ALA227;CONTACT:ALA228;CONTACT:ARG351;CONTACT:ARG578;CONTACT:PHE575;HBOND:ALA228;HBOND:ARG351;HYDROPHOBIC:PHE575;POLAR:ARG351;POLAR:ARG578;WALKER:ALA227;WALKER:ALA228,13,False,False,/home/gwj/work/c1-campaign/URAT1_NLRP3_DualTarget_AIDD_Project/data/campaigns/c1/05_metrics/nlrp3_structural_panel/poses_seed42/REP_01131_out.sdf,3.472477501726982,True,2.8316719442760423,True,3.057395460191568,True,11.282140488400245,False,9.60852402817415,False,3.44818705989103,True,3.7688932062344236,True,EXISULIND,clinical_acid_background,Acid-track chemistry-pass sample
REP_01178,nlrp3_7alv,42,9,1,0.688225806,6.69010925,2.3947396942417734,True,0.7096774193548387,6,0.8571428571428571,0.75,AROMATIC:PHE575;AROMATIC:TYR443;CONTACT:ALA227;CONTACT:ALA228;CONTACT:ARG578;CONTACT:MET408;CONTACT:PHE575;CONTACT:TYR443;HBOND:ALA228;HBOND:TYR443;HYDROPHOBIC:MET408;HYDROPHOBIC:PHE575;HYDROPHOBIC:TYR443;POLAR:ARG578;WALKER:ALA227;WALKER:ALA228,16,True,True,/home/gwj/work/c1-campaign/URAT1_NLRP3_DualTarget_AIDD_Project/data/campaigns/c1/05_metrics/nlrp3_structural_panel/poses_seed42/REP_01178_out.sdf,3.3991070886337247,True,3.0287842445443323,True,6.024371004511593,False,3.9696525036834136,True,2.8226882576721093,True,3.5266591839870203,True,3.4607179890883906,True,ALEGLITAZAR,clinical_acid_background,Acid-track chemistry-pass sample
REP_00476,nlrp3_7alv,42,9,1,0.394173265,5.48952055,4.642471956749276,True,0.7931034482758621,5,0.7142857142857143,0.6842105263157895,AROMATIC:PHE575;CONTACT:ALA227;CONTACT:ALA228;CONTACT:ARG351;CONTACT:ARG578;CONTACT:PHE575;HBOND:ALA228;HBOND:ARG578;HYDROPHOBIC:PHE575;POLAR:ARG351;POLAR:ARG578;WALKER:ALA227;WALKER:ALA228,13,False,False,/home/gwj/work/c1-campaign/URAT1_NLRP3_DualTarget_AIDD_Project/data/campaigns/c1/05_metrics/nlrp3_structural_panel/poses_seed42/REP_00476_out.sdf,3.2328688497988947,True,3.3630468328585654,True,4.385171490375258,True,6.358699238051757,False,8.148736650548967,False,3.983465074529957,True,2.9965123059984236,True,TIANEPTINE,clinical_acid_background,Acid-track chemistry-pass sample
REP_00077,nlrp3_7alv,42,9,1,0.280881882,5.47746086,3.0132542491939582,True,0.6538461538461539,5,0.7142857142857143,0.6842105263157895,AROMATIC:PHE575;AROMATIC:TYR443;CONTACT:ALA227;CONTACT:ALA228;CONTACT:ARG578;CONTACT:PHE575;CONTACT:TYR443;HBOND:ARG578;HYDROPHOBIC:PHE575;HYDROPHOBIC:TYR443;POLAR:ARG578;WALKER:ALA227;WALKER:ALA228,13,False,False,/home/gwj/work/c1-campaign/URAT1_NLRP3_DualTarget_AIDD_Project/data/campaigns/c1/05_metrics/nlrp3_structural_panel/poses_seed42/REP_00077_out.sdf,3.366000742721255,True,4.281646996191992,True,7.610556484252644,False,4.684763601293027,False,4.044108554428277,True,3.6511481755743613,True,2.8424403247913586,True,PARECOXIB,clinical_acid_background,Acid-track chemistry-pass sample
REP_07338,nlrp3_7alv,42,9,1,0.454373062,6.3279624,1.0390148615716768,True,0.9629629629629629,6,0.8571428571428571,0.8421052631578947,AROMATIC:PHE575;AROMATIC:TYR443;CONTACT:ALA227;CONTACT:ALA228;CONTACT:ARG351;CONTACT:ARG578;CONTACT:PHE575;CONTACT:TYR443;HBOND:ARG351;HBOND:ARG578;HYDROPHOBIC:PHE575;HYDROPHOBIC:TYR443;POLAR:ARG351;POLAR:ARG578;WALKER:ALA227;WALKER:ALA228,16,False,False,/home/gwj/work/c1-campaign/URAT1_NLRP3_DualTarget_AIDD_Project/data/campaigns/c1/05_metrics/nlrp3_structural_panel/poses_seed42/REP_07338_out.sdf,3.675174009485821,True,3.494269737727749,True,3.1298444050783125,True,5.750228604151317,False,3.236895117238119,True,4.222066792460769,True,3.319367560243972,True,ACT-774312,clinical_acid_background,Acid-track chemistry-pass sample
REP_07000,nlrp3_7alv,42,9,1,0.322617382,6.3038764,1.4179266365876009,True,0.8,6,0.8571428571428571,0.8421052631578947,AROMATIC:PHE575;AROMATIC:TYR443;CONTACT:ALA227;CONTACT:ALA228;CONTACT:ARG578;CONTACT:MET408;CONTACT:PHE575;CONTACT:TYR443;HBOND:ALA228;HBOND:ARG578;HYDROPHOBIC:MET408;HYDROPHOBIC:PHE575;HYDROPHOBIC:TYR443;POLAR:ARG578;WALKER:ALA227;WALKER:ALA228,16,False,False,/home/gwj/work/c1-campaign/URAT1_NLRP3_DualTarget_AIDD_Project/data/campaigns/c1/05_metrics/nlrp3_structural_panel/poses_seed42/REP_07000_out.sdf,3.4886136214834758,True,2.7396350121868394,True,5.144219474322613,False,4.45857981873152,True,3.6098350377821973,True,3.26425198169504,True,2.889416204010772,True,ARRY-502,clinical_acid_background,Acid-track chemistry-pass sample
REP_06427,nlrp3_7alv,42,9,1,0.558195829,7.18639612,2.3283251925988084,True,0.6578947368421053,6,0.8571428571428571,0.7894736842105263,AROMATIC:PHE575;AROMATIC:TYR443;CONTACT:ALA227;CONTACT:ALA228;CONTACT:ARG578;CONTACT:MET408;CONTACT:PHE575;CONTACT:TYR443;HBOND:ARG578;HYDROPHOBIC:MET408;HYDROPHOBIC:PHE575;HYDROPHOBIC:TYR443;POLAR:ARG578;WALKER:ALA227;WALKER:ALA228,15,True,True,/home/gwj/work/c1-campaign/URAT1_NLRP3_DualTarget_AIDD_Project/data/campaigns/c1/05_metrics/nlrp3_structural_panel/poses_seed42/REP_06427_out.sdf,3.2725337278628674,True,3.404968281790584,True,5.848869463409145,False,3.5434586211779013,True,3.4270180915775743,True,3.325355620080355,True,3.3161845545747366,True,OLACAFTOR,clinical_acid_background,Acid-track chemistry-pass sample
REP_07073,nlrp3_7alv,42,9,1,0.599350631,6.54982615,2.3341195259498466,True,0.6470588235294118,5,0.7142857142857143,0.7368421052631579,AROMATIC:PHE575;CONTACT:ALA227;CONTACT:ALA228;CONTACT:ARG351;CONTACT:ARG578;CONTACT:PHE575;HBOND:ALA228;HBOND:ARG351;HBOND:ARG578;HYDROPHOBIC:PHE575;POLAR:ARG351;POLAR:ARG578;WALKER:ALA227;WALKER:ALA228,14,True,True,/home/gwj/work/c1-campaign/URAT1_NLRP3_DualTarget_AIDD_Project/data/campaigns/c1/05_metrics/nlrp3_structural_panel/poses_seed42/REP_07073_out.sdf,3.197758746372222,True,2.8004081845331044,True,3.215771913553561,True,5.532653432124592,False,4.723594605806048,False,3.176671685900194,True,3.0748447115260866,True,DAVELIZOMIB,clinical_acid_background,Acid-track chemistry-pass sample
REP_08014,nlrp3_7alv,42,9,1,0.502080977,7.0864377,2.2587072595365867,True,0.75,5,0.7142857142857143,0.631578947368421,AROMATIC:PHE575;AROMATIC:TYR443;CONTACT:ALA227;CONTACT:ALA228;CONTACT:ARG578;CONTACT:PHE575;CONTACT:TYR443;HYDROPHOBIC:PHE575;HYDROPHOBIC:TYR443;POLAR:ARG578;WALKER:ALA227;WALKER:ALA228,12,True,True,/home/gwj/work/c1-campaign/URAT1_NLRP3_DualTarget_AIDD_Project/data/campaigns/c1/05_metrics/nlrp3_structural_panel/poses_seed42/REP_08014_out.sdf,3.439665681428942,True,3.1528187388430657,True,6.803019917654221,False,4.642573531997095,False,3.27765480183621,True,3.844594386928224,True,3.1017686889902016,True,KIO-100,clinical_acid_background,Acid-track chemistry-pass sample
REP_07837,nlrp3_7alv,42,9,1,0.273516208,6.49412775,1.9508946570634211,True,0.7714285714285715,6,0.8571428571428571,0.7894736842105263,AROMATIC:PHE575;AROMATIC:TYR443;CONTACT:ALA227;CONTACT:ALA228;CONTACT:ARG578;CONTACT:MET408;CONTACT:PHE575;CONTACT:TYR443;HBOND:ALA228;HYDROPHOBIC:MET408;HYDROPHOBIC:PHE575;HYDROPHOBIC:TYR443;POLAR:ARG578;WALKER:ALA227;WALKER:ALA228,15,False,False,/home/gwj/work/c1-campaign/URAT1_NLRP3_DualTarget_AIDD_Project/data/campaigns/c1/05_metrics/nlrp3_structural_panel/poses_seed42/REP_07837_out.sdf,3.941328836826493,True,3.3949849778754526,True,6.005265106554419,False,3.1018823317463253,True,3.549290633351962,True,3.5870684409417097,True,3.482075961262183,True,MK-8457,clinical_acid_background,Acid-track chemistry-pass sample
REP_06524,nlrp3_7alv,42,9,1,0.680965722,6.5875144,1.146286959977313,True,0.92,6,0.8571428571428571,0.7894736842105263,AROMATIC:PHE575;AROMATIC:TYR443;CONTACT:ALA227;CONTACT:ALA228;CONTACT:ARG351;CONTACT:ARG578;CONTACT:PHE575;CONTACT:TYR443;HBOND:ALA228;HYDROPHOBIC:PHE575;HYDROPHOBIC:TYR443;POLAR:ARG351;POLAR:ARG578;WALKER:ALA227;WALKER:ALA228,15,True,True,/home/gwj/work/c1-campaign/URAT1_NLRP3_DualTarget_AIDD_Project/data/campaigns/c1/05_metrics/nlrp3_structural_panel/poses_seed42/REP_06524_out.sdf,3.3549411321214,True,2.82414057723762,True,3.788657941804725,True,4.914518694643455,False,3.6203516403797034,True,2.982020455999589,True,3.4413202408378094,True,GAVESTINEL,clinical_acid_background,Acid-track chemistry-pass sample
REP_07055,nlrp3_7alv,42,9,1,0.543335736,6.98271418,0.6872983071669897,True,1.0,7,1.0,0.8947368421052632,AROMATIC:PHE575;AROMATIC:TYR443;CONTACT:ALA227;CONTACT:ALA228;CONTACT:ARG351;CONTACT:ARG578;CONTACT:MET408;CONTACT:PHE575;CONTACT:TYR443;HBOND:ARG578;HYDROPHOBIC:MET408;HYDROPHOBIC:PHE575;HYDROPHOBIC:TYR443;POLAR:ARG351;POLAR:ARG578;WALKER:ALA227;WALKER:ALA228,17,True,True,/home/gwj/work/c1-campaign/URAT1_NLRP3_DualTarget_AIDD_Project/data/campaigns/c1/05_metrics/nlrp3_structural_panel/poses_seed42/REP_07055_out.sdf,3.286192173321591,True,3.0495512784670424,True,4.19732462409092,True,3.7896133048109273,True,3.3104507245992942,True,4.364004353801681,True,2.8012036698533653,True,ZATONACAFTOR,clinical_acid_background,Acid-track chemistry-pass sample
REP_07300,nlrp3_7alv,42,9,1,0.786234319,6.84951544,1.1242255021283383,True,0.8648648648648649,6,0.8571428571428571,0.8947368421052632,AROMATIC:PHE575;AROMATIC:TYR443;CONTACT:ALA227;CONTACT:ALA228;CONTACT:ARG351;CONTACT:ARG578;CONTACT:PHE575;CONTACT:TYR443;HBOND:ALA228;HBOND:ARG351;HBOND:ARG578;HYDROPHOBIC:PHE575;HYDROPHOBIC:TYR443;POLAR:ARG351;POLAR:ARG578;WALKER:ALA227;WALKER:ALA228,17,True,True,/home/gwj/work/c1-campaign/URAT1_NLRP3_DualTarget_AIDD_Project/data/campaigns/c1/05_metrics/nlrp3_structural_panel/poses_seed42/REP_07300_out.sdf,3.294390687213651,True,3.0231581169366555,True,3.0833283963924427,True,4.655870380498152,False,3.8777599203663993,True,3.0587280035988775,True,2.9579149751133826,True,RISELCAFTOR,clinical_acid_background,Acid-track chemistry-pass sample
REP_00992,nlrp3_7alv,42,9,1,0.935368776,7.07101774,0.14330301000113674,True,0.9655172413793104,6,0.8571428571428571,0.8421052631578947,AROMATIC:PHE575;AROMATIC:TYR443;CONTACT:ALA227;CONTACT:ALA228;CONTACT:ARG351;CONTACT:ARG578;CONTACT:PHE575;CONTACT:TYR443;HBOND:ALA228;HBOND:ARG351;HYDROPHOBIC:PHE575;HYDROPHOBIC:TYR443;POLAR:ARG351;POLAR:ARG578;WALKER:ALA227;WALKER:ALA228,16,True,True,/home/gwj/work/c1-campaign/URAT1_NLRP3_DualTarget_AIDD_Project/data/campaigns/c1/05_metrics/nlrp3_structural_panel/poses_seed42/REP_00992_out.sdf,3.5030379672507173,True,2.930598061829702,True,3.2259104141311816,True,4.983457233688277,False,3.025207596182449,True,3.65729695266873,True,3.6329818331502763,True,CAFICRESTAT,clinical_acid_background,Acid-track chemistry-pass sample
REP_02001,nlrp3_7alv,42,9,1,0.210367203,5.84917688,1.993486174462249,True,0.7714285714285715,6,0.8571428571428571,0.7894736842105263,AROMATIC:PHE575;AROMATIC:TYR443;CONTACT:ALA227;CONTACT:ALA228;CONTACT:ARG578;CONTACT:MET408;CONTACT:PHE575;CONTACT:TYR443;HBOND:ARG578;HYDROPHOBIC:MET408;HYDROPHOBIC:PHE575;HYDROPHOBIC:TYR443;POLAR:ARG578;WALKER:ALA227;WALKER:ALA228,15,False,False,/home/gwj/work/c1-campaign/URAT1_NLRP3_DualTarget_AIDD_Project/data/campaigns/c1/05_metrics/nlrp3_structural_panel/poses_seed42/REP_02001_out.sdf,3.8483458784262203,True,4.204701891930027,True,6.376855494677609,False,3.858493099643954,True,3.1957740846311404,True,3.227289884717517,True,2.8355800112146374,True,BGC-20-1531 FREE BASE,clinical_acid_background,Acid-track chemistry-pass sample
