name,rep_id,target,n_heavy,com_to_ref,frac_ref_overlap_2p5,n_clashes,n_hbonds,n_key_contacts,in_pocket,hbonds,d_ser35,d_met214,d_phe241,d_phe360,d_phe364,d_phe365,d_lys393,d_phe449,d_arg477,acid_arg477,n_phe_cage,phe_cage,pose_score,d_ala227,d_ala228,d_arg351,d_met408,d_tyr443,d_phe575,d_arg578,d_polar_arg578,d_polar_ala228,d_polar_arg351
VECABRUTINIB,REP_06421,URAT1,36,1.305489651262112,0.7777777777777778,0,3,8,True,N-ASN236.OD1:2.93; O-ASN236.ND2:2.80; N-ARG476.NE:3.16,5.812625740575429,3.1755568015704045,3.625824871667125,3.297931927738956,3.6426030527632287,3.2625451721010696,4.457049584646778,3.475916857463651,3.0570032711791426,,5.0,"PHE241,PHE360,PHE364,PHE365,PHE449",26.933412418485467,,,,,,,,,,
ZELENIRSTAT,REP_05621,URAT1,35,1.0543313662377447,0.5714285714285714,0,5,8,True,O-ALA475.O:3.21; N-ARG476.NE:3.44; N-SER237.OG:2.86; N-LYS392.NZ:3.43; N-ASP388.OD1:2.79,6.119507333111056,2.946994740409289,3.3114681034248346,3.0862459396490154,3.3873167847132253,3.730922272039456,3.4348988340269906,3.465171568623981,2.942597661930685,,5.0,"PHE241,PHE360,PHE364,PHE365,PHE449",28.034802360514707,,,,,,,,,,
DEUCRICTIBANT,REP_06841,URAT1,37,0.6393554640378102,0.6216216216216216,0,8,9,True,O-ARG476.NE:3.26; O-ARG476.NH1:2.93; O-GLN472.OE1:3.33; O-ARG476.NH1:2.97; N-LYS392.NZ:3.32; N-LYS392.NZ:3.41; N-ASP388.OD1:3.15; N-LYS392.NZ:3.30,3.92474534205724,3.330774984894659,2.736559518811894,3.4287073365920357,3.7729412929437416,3.2022570165431827,3.145023211361072,3.21092930473407,2.9305924315742047,,5.0,"PHE241,PHE360,PHE364,PHE365,PHE449",28.53277344315463,,,,,,,,,,
PRALICIGUAT,REP_06295,URAT1,37,0.8988716864227023,0.8108108108108109,0,2,8,True,N-LYS392.NZ:3.30; O-LYS392.NZ:2.80,5.056680333974065,4.0094669221730665,3.2411878995207988,3.407030672007524,3.5752054486420706,3.4532422446159314,2.803171239863875,3.1641406416276787,3.0728027922403305,,5.0,"PHE241,PHE360,PHE364,PHE365,PHE449",26.62135397629276,,,,,,,,,,
GSK-3008348,REP_07907,URAT1,36,0.9072634169816642,0.8333333333333334,0,6,8,True,O-GLN472.OE1:3.22; O-GLN472.NE2:3.09; O-ARG476.NH1:3.19; N-SER237.OG:2.92; N-SER237.OG:3.05; N-LYS392.NZ:3.30,4.969523417793702,3.7871448348327017,3.4921118252427226,3.6587530662781935,3.6542008702314015,3.4878999412253777,3.298945589123884,3.394565362458044,3.188923642861329,3.188923642861329,5.0,"PHE241,PHE360,PHE364,PHE365,PHE449",33.02236025676067,,,,,,,,,,
MLN-0415,REP_08167,URAT1,36,1.1979345191906168,0.8611111111111112,0,2,9,True,N-SER237.OG:3.34; O-ASP388.OD1:3.38,3.0611623609341523,3.040333040967719,3.085087519017901,3.544792377558946,3.5868590716670194,3.591848270737507,3.168447727200174,3.1595255973009544,3.593478676714246,,5.0,"PHE241,PHE360,PHE364,PHE365,PHE449",26.26247857697126,,,,,,,,,,
BI 653048,REP_07792,URAT1,35,1.6229738278712964,0.7428571428571429,0,4,8,True,N-SER237.OG:3.35; O-LYS392.NZ:2.79; O-HIS244.NE2:3.00; N-GLN472.OE1:2.79,6.735836325208633,4.172702960911547,3.423427668288033,3.77747918591222,2.877316458090766,3.313866925511649,2.7939931997053886,3.428719586084575,3.561222964095333,,5.0,"PHE241,PHE360,PHE364,PHE365,PHE449",27.35243140655444,,,,,,,,,,
LESINURAD,REP_00207,URAT1,24,1.5894868526858172,0.875,0,5,8,True,O-ASP388.OD2:3.25; O-ASP388.OD1:2.93; O-LYS392.NZ:3.24; N-SER237.OG:3.20; N-SER237.OG:2.93,4.572665087233056,3.607513270938858,3.6008468448408144,3.738964963729942,3.4605876668566005,3.5109330668641365,3.241039956557139,3.4535914639690564,4.087128698732158,14.200913104445076,5.0,"PHE241,PHE360,PHE364,PHE365,PHE449",27.392615776777017,,,,,,,,,,
VERINURAD,REP_05846,URAT1,25,5.06453284072072,0.44,0,6,3,True,N-SER237.OG:3.37; O-ARG476.NE:2.86; O-ARG476.NH1:3.30; O-GLN472.O:3.33; O-ARG476.NE:3.31; O-ARG476.NH1:3.29,9.066511015820806,4.018823086427176,5.209908828376941,5.358120286070484,8.181953067575002,5.700591548251823,6.088791095118964,3.5172335719994385,2.859423718164201,2.859423718164201,1.0,PHE449,19.16313687297093,,,,,,,,,,
VECABRUTINIB,REP_06421,NLRP3,36,2.13831600202568,0.7222222222222222,0,4,6,True,N-ILE154.O:3.03; N-GLU153.OE1:3.36; N-ILE154.O:2.94; N-ARG24.NH2:3.41,,,,,,,,,,,,,27.345086027545936,3.521380127166061,3.3018155611723614,5.69317468553355,3.5110860143266227,2.9741181886401247,3.961953306135752,3.411620436097781,3.411620436097781,3.3018155611723614,5.69317468553355
ZELENIRSTAT,REP_05621,NLRP3,35,2.3963121008725525,0.7428571428571429,0,5,7,True,O-ARG24.NH2:2.52; O-ARG24.NH1:2.92; O-ALA12.N:2.80; N-ASN67.O:3.20; N-SER69.OG:3.16,,,,,,,,,,,,,32.257961866681,3.1871071522620684,2.804840637184231,3.5330079252670714,4.239551981047054,3.6981608942824544,2.995671710985701,2.523845874850527,2.523845874850527,2.804840637184231,4.348140522108275
DEUCRICTIBANT,REP_06841,NLRP3,37,0.3447378989898917,0.918918918918919,0,7,7,True,N-ARG24.NH1:3.15; N-GLU40.OE2:3.19; O-ARG24.NH2:3.42; O-ARG24.NH1:3.32; N-ARG24.NH2:3.10; N-ALA12.O:3.43; N-TYR227.OH:2.74,,,,,,,,,,,,,33.86086368359922,3.298809179082669,3.1959036280839115,3.4441189003865587,4.498276670014861,2.742208234252097,3.544458632852127,2.9878569242853663,2.9878569242853663,3.1959036280839115,3.472416737662688
PRALICIGUAT,REP_06295,NLRP3,37,1.6009305152189706,0.8378378378378378,0,4,5,True,N-TYR43.OH:3.35; N-ARG24.NH2:3.13; O-ALA12.O:3.05; O-GLU153.OE1:3.22,,,,,,,,,,,,,27.446844798742543,3.481648316530561,3.0504001376868506,5.322753610679345,4.630516817807704,2.9733047270671658,3.039108257367612,3.1324040288570782,3.1324040288570782,3.0504001376868506,5.992101634652066
GSK-3008348,REP_07907,NLRP3,36,3.121300531219653,0.7222222222222222,0,5,5,True,N-GLN35.NE2:3.31; O-ARG135.NH1:3.07; O-ALA12.N:3.14; N-ARG24.NH1:3.10; N-ALA12.O:3.00,,,,,,,,,,,,,27.963710511700047,3.215432319300155,2.9959876501748006,3.069040729609175,5.499790359640993,4.713146931721947,3.5948874808538918,3.104750392543662,3.104750392543662,2.9959876501748006,3.069040729609175
MLN-0415,REP_08167,NLRP3,36,1.418311986270353,0.8055555555555556,0,7,6,True,O-ALA12.O:3.26; O-ALA12.N:3.40; N-ALA12.O:3.14; O-TYR227.OH:2.79; O-ARG24.NH2:3.00; O-ARG24.NH1:3.44; N-GLU153.OE1:3.34,,,,,,,,,,,,,29.393995139015622,3.47543522454383,3.07251004880374,5.227911437658447,3.7886320750371096,2.789368566539738,3.0639156319977223,3.00300749249814,3.00300749249814,3.07251004880374,5.227911437658447
BI 653048,REP_07792,NLRP3,35,2.6467966704803265,0.5714285714285714,0,5,5,True,N-TYR43.OH:3.36; O-ALA12.O:2.93; O-ASP73.OD2:2.71; N-ILE154.O:2.99; O-ALA11.N:3.14,,,,,,,,,,,,,25.16589167750303,2.853653798203277,2.928046106194364,6.220398299144517,5.457810641640106,3.42374079042208,3.611135693933419,3.5249218431051794,4.593383066977982,2.928046106194364,6.523014333879697
