id,track,reason
CHEMBL2272488_ACR0,sim_yl,hard_bad:epoxide
CHEMBL2272487_ACR0,sim_yl,hard_bad:epoxide
CHEMBL1507187_ACR0,pan,over_cap_or_softwatch_excess:soft_watch
CHEMBL517559_ACR0,pan,over_cap_or_softwatch_excess:soft_watch
CHEMBL487066_ACR0,pan,over_cap_or_softwatch_excess:soft_watch
CHEMBL487067_ACR0,pan,over_cap_or_softwatch_excess:soft_watch
XARC000000987794_ACR0,pan,over_cap_or_softwatch_excess:soft_watch
CHEMBL455427_ACR0,pan,over_cap_or_softwatch_excess:soft_watch
CHEMBL3702633_ACR0,pan,over_cap_or_softwatch_excess:soft_watch
CHEMBL4280540_ACR0,pan,over_cap_or_softwatch_excess:soft_watch
CHEMBL222067_ACR0,pan,over_cap_or_softwatch_excess:soft_watch
CHEMBL3694319_ACR0,pan,over_cap_or_softwatch_excess:soft_watch
CHEMBL3134605_ACR0,pan,over_cap_or_softwatch_excess:soft_watch
CHEMBL1084454_ACR0,pan,over_cap_or_softwatch_excess:soft_watch
CHEMBL256026_ACR0,pan,over_cap_or_softwatch_excess:soft_watch
CHEMBL1084454_ACR1,pan,over_cap_or_softwatch_excess:soft_watch
CHEMBL3099029_ACR0,pan,over_cap_or_softwatch_excess:soft_watch
CHEMBL1426065_ACR0,pan,over_cap_or_softwatch_excess:soft_watch
CHEMBL257949_ACR0,pan,over_cap_or_softwatch_excess:soft_watch
CHEMBL569046_ACR0,pan,over_cap_or_softwatch_excess:soft_watch
CHEMBL3189516_ACR0,pan,over_cap_or_softwatch_excess:soft_watch
CHEMBL4291434_ACR0,pan,over_cap_or_softwatch_excess:soft_watch
XARC000001326577_ACR0,pan,over_cap_or_softwatch_excess:soft_watch
CHEMBL4291434_ACR1,pan,over_cap_or_softwatch_excess:soft_watch
CHEMBL93378_ACR0,pan,over_cap_or_softwatch_excess:soft_watch
CHEMBL212491_ACR0,pan,over_cap_or_softwatch_excess:soft_watch
CHEMBL511670_ACR0,pan,over_cap_or_softwatch_excess:soft_watch
CHEMBL186101_ACR0,pan,over_cap_or_softwatch_excess:soft_watch
CHEMBL3099024_ACR0,pan,over_cap_or_softwatch_excess:soft_watch
CHEMBL3133818_ACR0,pan,over_cap_or_softwatch_excess:soft_watch
CHEMBL3800388_ACR0,pan,over_cap_or_softwatch_excess:soft_watch
CHEMBL4279986_ACR0,pan,over_cap_or_softwatch_excess:soft_watch
CHEMBL4062058_ACR0,pan,over_cap_or_softwatch_excess:soft_watch
CHEMBL581917_ACR0,pan,over_cap_or_softwatch_excess:soft_watch
CHEMBL4278951_ACR0,pan,over_cap_or_softwatch_excess:soft_watch
CHEMBL3898491_ACR0,pan,over_cap_or_softwatch_excess:soft_watch
CHEMBL200191_ACR0,pan,over_cap_or_softwatch_excess:soft_watch
CHEMBL545963_ACR1,pan,over_cap_or_softwatch_excess:soft_watch
CHEMBL545963_ACR0,pan,over_cap_or_softwatch_excess:soft_watch
CHEMBL1077431_ACR0,pan,over_cap_or_softwatch_excess:soft_watch
XARC000001346558_ACR0,pan,over_cap_or_softwatch_excess:soft_watch
CHEMBL3133818_ACR1,pan,over_cap_or_softwatch_excess:soft_watch
CHEMBL524059_ACR0,pan,over_cap_or_softwatch_excess:soft_watch
CHEMBL470483_ACR0,pan,over_cap_or_softwatch_excess:soft_watch
CHEMBL215529_ACR0,pan,over_cap_or_softwatch_excess:soft_watch
CHEMBL1393172_ACR0,pan,over_cap_or_softwatch_excess:soft_watch
CHEMBL3945522_ACR0,pan,over_cap_or_softwatch_excess:soft_watch
CHEMBL3823349_ACR0,pan,over_cap_or_softwatch_excess:soft_watch
CHEMBL3641556_ACR0,pan,over_cap_or_softwatch_excess:soft_watch
CHEMBL3641554_ACR0,pan,over_cap_or_softwatch_excess:soft_watch
CHEMBL458348_ACR0,pan,over_cap_or_softwatch_excess:soft_watch
CHEMBL3775278_ACR0,pan,over_cap_or_softwatch_excess:soft_watch
CHEMBL3775620_ACR0,pan,over_cap_or_softwatch_excess:soft_watch
CHEMBL3822805_ACR0,pan,over_cap_or_softwatch_excess:soft_watch
CHEMBL1807776_ACR0,pan,over_cap_or_softwatch_excess:soft_watch
CHEMBL455428_ACR0,pan,over_cap_or_softwatch_excess:soft_watch
CHEMBL3643810_ACR0,pan,over_cap_or_softwatch_excess:soft_watch
CHEMBL3775565_ACR0,pan,over_cap_or_softwatch_excess:soft_watch
XARC000007615687_ACR0,pan,over_cap_or_softwatch_excess:soft_watch
XARC000005317755_ACR0,pan,over_cap_or_softwatch_excess:soft_watch
CHEMBL2069998_ACR0,pan,over_cap_or_softwatch_excess:soft_watch
CHEMBL1766777_ACR0,pan,over_cap_or_softwatch_excess:soft_watch
CHEMBL3197663_ACR0,pan,over_cap_or_softwatch_excess:soft_watch
CHEMBL3900659_ACR0,pan,over_cap_or_softwatch_excess:soft_watch
CHEMBL3545585_ACR0,pan,over_cap_or_softwatch_excess:soft_watch
CHEMBL3326190_ACR0,pan,over_cap_or_softwatch_excess:soft_watch
CHEMBL3326197_ACR0,pan,over_cap_or_softwatch_excess:soft_watch
CHEMBL1385421_ACR0,pan,over_cap_or_softwatch_excess:soft_watch
CHEMBL3943163_ACR0,pan,over_cap_or_softwatch_excess:soft_watch
CHEMBL181769_ACR0,pan,over_cap_or_softwatch_excess:soft_watch
CHEMBL1802629_ACR0,pan,over_cap_or_softwatch_excess:soft_watch
CHEMBL3197663_ACR1,pan,over_cap_or_softwatch_excess:soft_watch
CHEMBL1204304_ACR0,pan,over_cap_or_softwatch_excess:soft_watch
CHEMBL366259_ACR0,pan,over_cap_or_softwatch_excess:soft_watch
CHEMBL142281_ACR0,pan,over_cap_or_softwatch_excess:soft_watch
CHEMBL1951442_ACR0,pan,over_cap_or_softwatch_excess:soft_watch
CHEMBL4176905_ACR0,pan,over_cap_or_softwatch_excess:soft_watch
CHEMBL4203836_ACR0,pan,over_cap_or_softwatch_excess:soft_watch
CHEMBL4063664_ACR0,pan,over_cap_or_softwatch_excess:soft_watch
CHEMBL1077458_ACR0,pan,over_cap_or_softwatch_excess:soft_watch
CHEMBL3823407_ACR0,pan,over_cap_or_softwatch_excess:soft_watch
CHEMBL4290297_ACR0,pan,over_cap_or_softwatch_excess:soft_watch
CHEMBL1080395_ACR0,pan,over_cap_or_softwatch_excess:soft_watch
CHEMBL3799934_ACR0,pan,over_cap_or_softwatch_excess:soft_watch
CHEMBL4176905_ACR1,pan,over_cap_or_softwatch_excess:soft_watch
CHEMBL249316_ACR1,pan,over_cap_or_softwatch_excess:soft_watch
CHEMBL1621875_ACR0,pan,over_cap_or_softwatch_excess:soft_watch
CHEMBL249316_ACR0,pan,over_cap_or_softwatch_excess:soft_watch
CHEMBL3824122_ACR0,pan,over_cap_or_softwatch_excess:soft_watch
CHEMBL399954_ACR0,pan,over_cap_or_softwatch_excess:soft_watch
CHEMBL3823720_ACR0,pan,over_cap_or_softwatch_excess:soft_watch
CHEMBL399954_ACR1,pan,over_cap_or_softwatch_excess:soft_watch
CHEMBL2376498_ACR0,pan,over_cap_or_softwatch_excess:soft_watch
CHEMBL1882290_ACR0,pan,over_cap_or_softwatch_excess:soft_watch
CHEMBL2148114_ACR0,pan,over_cap_or_softwatch_excess:soft_watch
CHEMBL87894_ACR0,pan,over_cap_or_softwatch_excess:soft_watch
CHEMBL3907961_ACR0,pan,over_cap_or_softwatch_excess:soft_watch
CHEMBL3091558_ACR0,pan,over_cap_or_softwatch_excess:soft_watch
CHEMBL3643816_ACR0,pan,over_cap_or_softwatch_excess:soft_watch
CHEMBL488257_ACR0,pan,over_cap_or_softwatch_excess:soft_watch
XARC000001232722_ACR0,pan,over_cap_or_softwatch_excess:soft_watch
CHEMBL4205601_ACR0,pan,over_cap_or_softwatch_excess:soft_watch
CHEMBL3650724_ACR0,pan,over_cap_or_softwatch_excess:soft_watch
CHEMBL3971959_ACR0,pan,over_cap_or_softwatch_excess:soft_watch
CHEMBL585725_ACR0,pan,over_cap_or_softwatch_excess:soft_watch
CHEMBL4238912_ACR0,pan,over_cap_or_softwatch_excess:soft_watch
CHEMBL261235_ACR0,pan,over_cap_or_softwatch_excess:soft_watch
CHEMBL2315065_ACR0,pan,over_cap_or_softwatch_excess:soft_watch
CHEMBL3642823_ACR0,pan,over_cap_or_softwatch_excess:soft_watch
CHEMBL2159854_ACR0,pan,over_cap_or_softwatch_excess:soft_watch
CHEMBL3087663_ACR0,pan,over_cap_or_softwatch_excess:soft_watch
CHEMBL128488_ACR0,pan,over_cap_or_softwatch_excess:soft_watch
CHEMBL1494389_ACR0,pan,over_cap_or_softwatch_excess:soft_watch
CHEMBL272902_ACR0,pan,over_cap_or_softwatch_excess:soft_watch
CHEMBL3085795_ACR0,pan,over_cap_or_softwatch_excess:soft_watch
CHEMBL431336_ACR0,pan,over_cap_or_softwatch_excess:soft_watch
CHEMBL3769713_ACR0,pan,over_cap_or_softwatch_excess:soft_watch
CHEMBL529027_ACR0,pan,over_cap_or_softwatch_excess:soft_watch
CHEMBL3823539_ACR0,pan,over_cap_or_softwatch_excess:soft_watch
CHEMBL386842_ACR0,pan,over_cap_or_softwatch_excess:soft_watch
CHEMBL200946_ACR0,pan,over_cap_or_softwatch_excess:soft_watch
CHEMBL3290116_ACR0,pan,over_cap_or_softwatch_excess:soft_watch
CHEMBL4160840_ACR0,pan,over_cap_or_softwatch_excess:soft_watch
CHEMBL552425_ACR0,pan,over_cap_or_softwatch_excess:soft_watch
CHEMBL4127640_ACR0,pan,over_cap_or_softwatch_excess:soft_watch
XARC000001125496_ACR0,pan,over_cap_or_softwatch_excess:soft_watch
CHEMBL3907523_ACR0,pan,over_cap_or_softwatch_excess:soft_watch
CHEMBL3939542_ACR0,pan,over_cap_or_softwatch_excess:soft_watch
CHEMBL1078363_ACR0,pan,over_cap_or_softwatch_excess:soft_watch
CHEMBL431336_ACR1,pan,over_cap_or_softwatch_excess:soft_watch
CHEMBL3643753_ACR0,pan,over_cap_or_softwatch_excess:soft_watch
CHEMBL3643729_ACR0,pan,over_cap_or_softwatch_excess:soft_watch
CHEMBL364408_ACR0,pan,over_cap_or_softwatch_excess:soft_watch
CHEMBL3354836_ACR0,pan,over_cap_or_softwatch_excess:soft_watch
XARC000000984061_ACR0,pan,over_cap_or_softwatch_excess:soft_watch
CHEMBL3664145_ACR0,pan,over_cap_or_softwatch_excess:soft_watch
XARC000001294093_ACR0,pan,over_cap_or_softwatch_excess:soft_watch
XARC000005415568_ACR0,pan,over_cap_or_softwatch_excess:soft_watch
CHEMBL3702663_ACR0,pan,over_cap_or_softwatch_excess:soft_watch
XARC000006805028_ACR0,pan,over_cap_or_softwatch_excess:soft_watch
CHEMBL3896845_ACR0,pan,over_cap_or_softwatch_excess:soft_watch
CHEMBL3938142_ACR0,pan,over_cap_or_softwatch_excess:soft_watch
CHEMBL3889582_ACR0,pan,over_cap_or_softwatch_excess:soft_watch
CHEMBL3702608_ACR0,pan,over_cap_or_softwatch_excess:soft_watch
CHEMBL3702612_ACR0,pan,over_cap_or_softwatch_excess:soft_watch
CHEMBL3702604_ACR0,pan,over_cap_or_softwatch_excess:soft_watch
CHEMBL475799_ACR0,pan,over_cap_or_softwatch_excess:soft_watch
CHEMBL3643824_ACR0,pan,over_cap_or_softwatch_excess:soft_watch
CHEMBL3694299_ACR0,pan,over_cap_or_softwatch_excess:soft_watch
XARC000005350363_ACR0,pan,over_cap_or_softwatch_excess:soft_watch
CHEMBL3650692_ACR0,pan,over_cap_or_softwatch_excess:soft_watch
CHEMBL3650691_ACR0,pan,over_cap_or_softwatch_excess:soft_watch
CHEMBL3822481_ACR0,pan,over_cap_or_softwatch_excess:soft_watch
CHEMBL3823502_ACR0,pan,over_cap_or_softwatch_excess:soft_watch
CHEMBL572283_ACR0,pan,over_cap_or_softwatch_excess:soft_watch
CHEMBL3641504_ACR0,pan,over_cap_or_softwatch_excess:soft_watch
CHEMBL488256_ACR0,pan,over_cap_or_softwatch_excess:soft_watch
CHEMBL3641500_ACR0,pan,over_cap_or_softwatch_excess:soft_watch
XARC000005328057_ACR0,pan,over_cap_or_softwatch_excess:soft_watch
CHEMBL3664149_ACR0,pan,over_cap_or_softwatch_excess:soft_watch
CHEMBL456008_ACR0,pan,over_cap_or_softwatch_excess:soft_watch
CHEMBL4169043_ACR0,pan,over_cap_or_softwatch_excess:soft_watch
CHEMBL1425998_ACR0,pan,over_cap_or_softwatch_excess:soft_watch
CHEMBL3769471_ACR0,pan,over_cap_or_softwatch_excess:soft_watch
XARC000006950247_ACR0,pan,over_cap_or_softwatch_excess:soft_watch
CHEMBL298445_ACR0,pan,over_cap_or_softwatch_excess:soft_watch
XARC000005327123_ACR0,pan,over_cap_or_softwatch_excess:soft_watch
CHEMBL4169043_ACR1,pan,over_cap_or_softwatch_excess:soft_watch
CHEMBL2380825_ACR0,pan,over_cap_or_softwatch_excess:soft_watch
CHEMBL3674650_ACR0,pan,over_cap_or_softwatch_excess:soft_watch
CHEMBL398886_ACR1,pan,over_cap_or_softwatch_excess:soft_watch
CHEMBL3643813_ACR0,pan,over_cap_or_softwatch_excess:soft_watch
CHEMBL3650700_ACR0,pan,over_cap_or_softwatch_excess:soft_watch
CHEMBL398886_ACR0,pan,over_cap_or_softwatch_excess:soft_watch
CHEMBL298445_ACR1,pan,over_cap_or_softwatch_excess:soft_watch
CHEMBL402117_ACR0,pan,over_cap_or_softwatch_excess:soft_watch
CHEMBL402973_ACR0,pan,over_cap_or_softwatch_excess:soft_watch
CHEMBL3990597_ACR0,pan,over_cap_or_softwatch_excess:soft_watch
CHEMBL3981212_ACR0,pan,over_cap_or_softwatch_excess:soft_watch
CHEMBL248897_ACR0,pan,over_cap_or_softwatch_excess:soft_watch
CHEMBL535652_ACR0,pan,over_cap_or_softwatch_excess:soft_watch
CHEMBL4063986_ACR0,pan,over_cap_or_softwatch_excess:soft_watch
CHEMBL248897_ACR1,pan,over_cap_or_softwatch_excess:soft_watch
CHEMBL3982850_ACR0,pan,over_cap_or_softwatch_excess:soft_watch
CHEMBL1241566_ACR0,pan,over_cap_or_softwatch_excess:soft_watch
CHEMBL3948799_ACR0,pan,over_cap_or_softwatch_excess:soft_watch
CHEMBL535652_ACR1,pan,over_cap_or_softwatch_excess:soft_watch
CHEMBL3472032_ACR0,pan,over_cap_or_softwatch_excess:soft_watch
CHEMBL55662_ACR0,pan,over_cap_or_softwatch_excess:soft_watch
XARC000002138148_ACR0,pan,over_cap_or_softwatch_excess:soft_watch
CHEMBL1301155_ACR0,pan,over_cap_or_softwatch_excess:soft_watch
CHEMBL2012024_ACR0,pan,over_cap_or_softwatch_excess:soft_watch
CHEMBL4285859_ACR0,pan,over_cap_or_softwatch_excess:soft_watch
CHEMBL3134614_ACR0,pan,over_cap_or_softwatch_excess:soft_watch
CHEMBL3134608_ACR0,pan,over_cap_or_softwatch_excess:soft_watch
CHEMBL1202967_ACR0,pan,over_cap_or_softwatch_excess:soft_watch
CHEMBL1649624_ACR0,pan,over_cap_or_softwatch_excess:soft_watch
CHEMBL572282_ACR0,pan,over_cap_or_softwatch_excess:soft_watch
CHEMBL249098_ACR1,pan,over_cap_or_softwatch_excess:soft_watch
CHEMBL2012024_ACR1,pan,over_cap_or_softwatch_excess:soft_watch
CHEMBL585916_ACR0,pan,over_cap_or_softwatch_excess:soft_watch
CHEMBL249098_ACR0,pan,over_cap_or_softwatch_excess:soft_watch
CHEMBL3671237_ACR0,novel,stepA_unsure
CHEMBL3410050_ACR0,novel,stepA_unsure
CHEMBL385215_ACR0,novel,stepA_unsure
CHEMBL3094458_ACR0,novel,stepA_unsure
CHEMBL3139624_ACR0,novel,stepA_unsure
CHEMBL3112630_ACR0,novel,stepA_unsure
CHEMBL3410049_ACR0,novel,stepA_unsure
CHEMBL62370_ACR0,novel,stepA_no
CHEMBL3974194_ACR0,novel,stepA_unsure
CHEMBL3939777_ACR0,novel,stepA_unsure
CHEMBL3983165_ACR0,novel,stepA_unsure
CHEMBL3139622_ACR0,novel,stepA_unsure
CHEMBL3139566_ACR0,novel,stepA_unsure
CHEMBL470398_ACR0,novel,stepA_unsure
CHEMBL395961_ACR0,novel,stepA_unsure
CHEMBL396160_ACR0,novel,stepA_no
CHEMBL3961630_ACR0,novel,stepA_unsure
CHEMBL3656489_ACR0,novel,stepA_unsure
CHEMBL512884_ACR0,novel,stepA_unsure
CHEMBL471670_ACR0,novel,stepA_unsure
CHEMBL270203_ACR0,novel,stepA_no
CHEMBL3422653_ACR1,novel,stepA_unsure
CHEMBL3422652_ACR1,novel,stepA_unsure
CHEMBL330011_ACR0,novel,stepA_no
CHEMBL92530_ACR0,novel,stepA_no
CHEMBL523081_ACR0,novel,stepA_unsure
CHEMBL497916_ACR0,novel,stepA_unsure
CHEMBL1203997_ACR0,novel,stepA_unsure
CHEMBL4250215_ACR0,novel,stepA_unsure
XARC000007044183_ACR0,novel,stepA_unsure
CHEMBL3422679_ACR0,novel,stepA_unsure
CHEMBL3986758_ACR0,novel,stepA_unsure
CHEMBL3961308_ACR0,novel,stepA_unsure
CHEMBL579413_ACR0,novel,stepA_unsure
CHEMBL330572_ACR0,novel,stepA_no
CHEMBL520473_ACR0,novel,stepA_unsure
CHEMBL2011841_ACR0,novel,stepA_unsure
CHEMBL1214487_ACR0,novel,stepA_no
CHEMBL1214544_ACR0,novel,stepA_unsure
CHEMBL1214543_ACR0,novel,stepA_unsure
CHEMBL1214542_ACR0,novel,stepA_unsure
CHEMBL4207954_ACR0,novel,stepA_unsure
CHEMBL1214592_ACR0,novel,stepA_unsure
CHEMBL1721144_ACR0,novel,stepA_unsure
CHEMBL183211_ACR0,novel,stepA_unsure
CHEMBL3680880_ACR0,novel,stepA_unsure
CHEMBL3693236_ACR0,novel,stepA_unsure
CHEMBL3693235_ACR0,novel,stepA_unsure
XARC000005284015_ACR0,novel,stepA_unsure
CHEMBL3653664_ACR0,novel,stepA_unsure
CHEMBL3656532_ACR0,novel,stepA_unsure
CHEMBL3660710_ACR0,novel,stepA_unsure
CHEMBL1085141_ACR0,novel,stepA_unsure
CHEMBL1083115_ACR0,novel,stepA_unsure
CHEMBL3680870_ACR0,novel,stepA_unsure
CHEMBL3680881_ACR0,novel,stepA_unsure
CHEMBL3680878_ACR0,novel,stepA_unsure
CHEMBL426453_ACR0,novel,stepA_no
CHEMBL1864795_ACR0,novel,stepA_unsure
CHEMBL1408267_ACR0,novel,stepA_unsure
CHEMBL323865_ACR0,novel,stepA_unsure
CHEMBL1689017_ACR0,novel,stepA_unsure
CHEMBL1689016_ACR0,novel,stepA_unsure
CHEMBL1689020_ACR0,novel,stepA_unsure
CHEMBL3658611_ACR0,novel,stepA_unsure
CHEMBL3658612_ACR0,novel,stepA_unsure
CHEMBL3680855_ACR0,novel,stepA_unsure
CHEMBL3929456_ACR0,novel,stepA_unsure
CHEMBL3680860_ACR0,novel,stepA_unsure
CHEMBL3680856_ACR0,novel,stepA_unsure
CHEMBL3680863_ACR0,novel,stepA_unsure
CHEMBL3680887_ACR0,novel,stepA_unsure
CHEMBL3680861_ACR0,novel,stepA_unsure
CHEMBL3680864_ACR0,novel,stepA_unsure
CHEMBL3901695_ACR0,novel,stepA_unsure
CHEMBL3931128_ACR0,novel,stepA_unsure
CHEMBL3896202_ACR0,novel,stepA_unsure
CHEMBL3923494_ACR0,novel,stepA_unsure
CHEMBL4226467_ACR0,novel,stepA_unsure
CHEMBL3980634_ACR0,novel,stepA_unsure
CHEMBL4207430_ACR0,novel,stepA_unsure
CHEMBL4212335_ACR0,novel,stepA_unsure
CHEMBL3694359_ACR0,novel,stepA_unsure
CHEMBL1489943_ACR0,novel,stepA_unsure
CHEMBL3792581_ACR0,novel,stepA_unsure
CHEMBL59704_ACR0,novel,stepA_no
CHEMBL479037_ACR0,novel,stepA_unsure
CHEMBL2403764_ACR0,novel,stepA_unsure
CHEMBL3261347_ACR0,novel,stepA_no
CHEMBL75655_ACR0,novel,stepA_no
CHEMBL1704864_ACR0,novel,stepA_no
CHEMBL1393107_ACR0,novel,stepA_unsure
CHEMBL1214541_ACR0,novel,stepA_no
CHEMBL3703224_ACR0,novel,stepA_unsure
CHEMBL3961031_ACR0,novel,stepA_unsure
CHEMBL3985821_ACR0,novel,stepA_unsure
CHEMBL3917025_ACR0,novel,stepA_unsure
CHEMBL1179729_ACR0,novel,stepA_unsure
CHEMBL3545759_ACR0,novel,stepA_unsure
CHEMBL395732_ACR0,novel,stepA_unsure
CHEMBL1179734_ACR0,novel,stepA_unsure
CHEMBL3938934_ACR0,novel,stepA_unsure
CHEMBL3680901_ACR0,novel,stepA_unsure
CHEMBL3680902_ACR0,novel,stepA_unsure
CHEMBL3903133_ACR0,novel,stepA_unsure
CHEMBL488368_ACR0,novel,stepA_no
CHEMBL3402451_ACR0,novel,stepA_unsure
CHEMBL4175534_ACR0,novel,stepA_unsure
CHEMBL3666151_ACR0,novel,stepA_unsure
CHEMBL269988_ACR0,novel,stepA_no
CHEMBL3658608_ACR0,novel,stepA_unsure
CHEMBL2347206_ACR0,novel,stepA_unsure
CHEMBL4213486_ACR0,novel,stepA_unsure
CHEMBL4228841_ACR0,novel,stepA_unsure
CHEMBL4229101_ACR0,novel,stepA_unsure
CHEMBL2347204_ACR0,novel,stepA_unsure
CHEMBL2347205_ACR0,novel,stepA_unsure
CHEMBL2347190_ACR0,novel,stepA_unsure
CHEMBL4207962_ACR0,novel,stepA_unsure
CHEMBL3680859_ACR0,novel,stepA_unsure
CHEMBL3680886_ACR0,novel,stepA_unsure
CHEMBL2347207_ACR0,novel,stepA_unsure
CHEMBL2347208_ACR0,novel,stepA_unsure
CHEMBL2347186_ACR0,novel,stepA_unsure
CHEMBL3972761_ACR0,novel,stepA_unsure
CHEMBL2347187_ACR0,novel,stepA_unsure
CHEMBL4228010_ACR0,novel,stepA_unsure
CHEMBL4226077_ACR0,novel,stepA_unsure
CHEMBL2347189_ACR0,novel,stepA_unsure
CHEMBL2347188_ACR0,novel,stepA_unsure
CHEMBL4227054_ACR0,novel,stepA_unsure
CHEMBL561818_ACR0,novel,stepA_unsure
CHEMBL561693_ACR0,novel,stepA_unsure
CHEMBL1083132_ACR0,novel,stepA_unsure
CHEMBL1083133_ACR0,novel,stepA_unsure
CHEMBL511804_ACR1,novel,stepA_unsure
CHEMBL3680865_ACR0,novel,stepA_unsure
CHEMBL3680858_ACR0,novel,stepA_unsure
CHEMBL3680869_ACR0,novel,stepA_unsure
CHEMBL3680857_ACR0,novel,stepA_unsure
CHEMBL3680873_ACR0,novel,stepA_unsure
CHEMBL3905535_ACR0,novel,stepA_unsure
CHEMBL3913544_ACR0,novel,stepA_unsure
CHEMBL3957970_ACR0,novel,stepA_unsure
CHEMBL1215022_ACR0,novel,stepA_unsure
CHEMBL4106916_ACR0,novel,stepA_no
CHEMBL3984604_ACR0,novel,stepA_unsure
CHEMBL3918368_ACR0,novel,stepA_unsure
CHEMBL3646829_ACR0,novel,stepA_unsure
CHEMBL1761025_ACR0,novel,stepA_unsure
CHEMBL1789247_ACR0,novel,stepA_unsure
CHEMBL1761026_ACR0,novel,stepA_unsure
CHEMBL276659_ACR0,novel,stepA_unsure
CHEMBL62736_ACR0,novel,stepA_unsure
CHEMBL550746_ACR0,novel,stepA_no
CHEMBL539226_ACR0,novel,stepA_unsure
CHEMBL551892_ACR0,novel,stepA_unsure
CHEMBL308404_ACR0,novel,stepA_unsure
CHEMBL3585504_ACR0,novel,stepA_unsure
CHEMBL1770171_ACR0,novel,stepA_unsure
XARC000002094768_ACR0,novel,stepA_no
CHEMBL436997_ACR0,novel,stepA_no
CHEMBL1469578_ACR0,novel,stepA_no
CHEMBL1507936_ACR0,novel,stepA_no
CHEMBL4079443_ACR0,novel,stepA_no
CHEMBL373552_ACR0,novel,stepA_no
CHEMBL2385586_ACR0,novel,stepA_unsure
CHEMBL64838_ACR0,novel,stepA_no
CHEMBL62378_ACR0,novel,stepA_no
CHEMBL62753_ACR0,novel,stepA_no
CHEMBL519965_ACR0,novel,stepA_unsure
CHEMBL377731_ACR0,novel,stepA_unsure
CHEMBL1996539_ACR0,novel,stepA_no
CHEMBL259558_ACR0,novel,stepA_unsure
CHEMBL3983999_ACR0,novel,stepA_unsure
CHEMBL302002_ACR0,novel,stepA_unsure
CHEMBL305163_ACR0,novel,stepA_unsure
XARC000006269267_ACR0,novel,stepA_unsure
XARC000006264480_ACR0,novel,stepA_unsure
CHEMBL3688813_ACR0,novel,stepA_unsure
CHEMBL3688820_ACR0,novel,stepA_unsure
CHEMBL4208878_ACR0,novel,stepA_unsure
XARC000003617859_ACR0,novel,stepA_unsure
CHEMBL174259_ACR0,novel,stepA_unsure
XARC000001513880_ACR0,novel,stepA_no
CHEMBL1760639_ACR0,novel,stepA_unsure
CHEMBL3673303_ACR0,novel,stepA_unsure
CHEMBL3673302_ACR0,novel,stepA_unsure
CHEMBL3964418_ACR0,novel,stepA_unsure
CHEMBL3703230_ACR0,novel,stepA_unsure
CHEMBL407957_ACR0,novel,stepA_unsure
XARC000004766402_ACR0,novel,stepA_unsure
CHEMBL3656512_ACR0,novel,stepA_unsure
CHEMBL3656504_ACR0,novel,stepA_unsure
XARC000005315747_ACR0,novel,stepA_no
CHEMBL92406_ACR0,novel,stepA_unsure
CHEMBL93741_ACR0,novel,stepA_unsure
CHEMBL85757_ACR0,novel,stepA_unsure
CHEMBL328721_ACR0,novel,stepA_unsure
CHEMBL3946310_ACR0,novel,stepA_no
CHEMBL3694365_ACR0,novel,stepA_unsure
CHEMBL3694360_ACR0,novel,stepA_unsure
CHEMBL3964909_ACR0,novel,stepA_unsure
CHEMBL3715293_ACR0,novel,stepA_unsure
CHEMBL3475063_ACR0,novel,stepA_unsure
CHEMBL3901530_ACR0,novel,stepA_no
CHEMBL3668306_ACR0,novel,stepA_no
XARC000005720442_ACR0,novel,stepA_unsure
CHEMBL3823975_ACR0,novel,stepA_no
CHEMBL4225225_ACR0,novel,stepA_unsure
CHEMBL3688610_ACR0,novel,stepA_unsure
CHEMBL1196700_ACR0,novel,stepA_unsure
CHEMBL1972969_ACR0,novel,stepA_unsure
CHEMBL1084900_ACR0,novel,stepA_unsure
CHEMBL3937292_ACR0,novel,stepA_no
CHEMBL3939639_ACR0,novel,stepA_no
CHEMBL1084381_ACR0,novel,stepA_unsure
CHEMBL92869_ACR0,novel,stepA_no
CHEMBL450874_ACR0,novel,stepA_no
CHEMBL3955270_ACR0,novel,stepA_unsure
CHEMBL4114628_ACR0,novel,stepA_unsure
CHEMBL2311926_ACR0,novel,stepA_unsure
CHEMBL2311927_ACR0,novel,stepA_unsure
CHEMBL3915405_ACR0,novel,stepA_unsure
CHEMBL3990163_ACR0,novel,stepA_unsure
CHEMBL3422660_ACR0,novel,stepA_unsure
CHEMBL4300784_ACR0,novel,stepA_no
CHEMBL3977808_ACR0,novel,stepA_unsure
XARC000005453209_ACR0,novel,stepA_no
CHEMBL588109_ACR0,novel,stepA_unsure
CHEMBL183433_ACR0,novel,stepA_unsure
CHEMBL92345_ACR0,novel,stepA_unsure
CHEMBL327636_ACR0,novel,stepA_unsure
CHEMBL1204383_ACR0,novel,stepA_unsure
CHEMBL1545033_ACR0,novel,stepA_unsure
CHEMBL1526545_ACR0,novel,stepA_unsure
CHEMBL4203079_ACR0,novel,stepA_unsure
CHEMBL4129836_ACR0,novel,stepA_unsure
CHEMBL4128355_ACR0,novel,stepA_unsure
CHEMBL3422392_ACR0,novel,stepA_no
CHEMBL3546977_ACR0,novel,stepA_no
CHEMBL1547647_ACR0,novel,stepA_unsure
CHEMBL90910_ACR0,novel,stepA_unsure
CHEMBL2376416_ACR0,novel,stepA_unsure
CHEMBL4211329_ACR0,novel,stepA_no
CHEMBL1212964_ACR0,novel,stepA_unsure
CHEMBL1215237_ACR0,novel,stepA_unsure
CHEMBL1215171_ACR0,novel,stepA_unsure
CHEMBL1215238_ACR0,novel,stepA_unsure
CHEMBL4211851_ACR0,novel,stepA_unsure
CHEMBL4207370_ACR0,novel,stepA_unsure
CHEMBL3641700_ACR1,novel,stepA_unsure
CHEMBL3641701_ACR1,novel,stepA_unsure
XARC000007200592_ACR0,novel,stepA_no
CHEMBL138611_ACR0,novel,stepA_no
CHEMBL221844_ACR0,novel,stepA_no
CHEMBL1736823_ACR0,novel,stepA_unsure
CHEMBL273949_ACR0,novel,stepA_no
CHEMBL3894084_ACR0,novel,stepA_unsure
CHEMBL4108944_ACR0,novel,stepA_no
CHEMBL3894203_ACR0,novel,stepA_no
CHEMBL1084892_ACR0,novel,stepA_unsure
CHEMBL382480_ACR0,novel,stepA_no
XARC000003537610_ACR0,novel,stepA_no
CHEMBL84065_ACR0,novel,stepA_no
XARC000004898465_ACR0,novel,stepA_unsure
XARC000006890687_ACR0,novel,stepA_no
CHEMBL3356463_ACR1,novel,stepA_no
CHEMBL3650827_ACR0,novel,stepA_unsure
CHEMBL3650823_ACR0,novel,stepA_unsure
CHEMBL461129_ACR0,novel,stepA_no
CHEMBL4297465_ACR0,novel,stepA_unsure
CHEMBL303451_ACR0,novel,stepA_no
CHEMBL183129_ACR0,novel,stepA_unsure
CHEMBL4277549_ACR0,novel,stepA_no
CHEMBL430136_ACR0,novel,stepA_no
XARC000000698878_ACR0,novel,stepA_no
CHEMBL1470328_ACR0,novel,stepA_no
CHEMBL2312882_ACR0,novel,stepA_no
XARC000007605573_ACR0,novel,stepA_unsure
XARC000007608672_ACR0,novel,stepA_unsure
CHEMBL3951480_ACR0,novel,stepA_no
CHEMBL495486_ACR0,novel,stepA_no
CHEMBL1684191_ACR0,novel,stepA_unsure
CHEMBL606805_ACR0,novel,stepA_unsure
CHEMBL419186_ACR0,novel,stepA_unsure
CHEMBL2088197_ACR0,novel,stepA_no
CHEMBL2437318_ACR0,novel,stepA_no
CHEMBL347979_ACR0,novel,stepA_no
CHEMBL3827701_ACR0,novel,stepA_no
CHEMBL3142699_ACR0,novel,stepA_no
CHEMBL4216892_ACR0,novel,stepA_unsure
CHEMBL326125_ACR0,novel,stepA_unsure
CHEMBL2010067_ACR0,novel,stepA_unsure
CHEMBL1215021_ACR0,novel,stepA_unsure
CHEMBL1215020_ACR0,novel,stepA_unsure
CHEMBL3421731_ACR0,novel,stepA_unsure
CHEMBL130437_ACR0,novel,stepA_unsure
CHEMBL1760643_ACR0,novel,stepA_unsure
CHEMBL372573_ACR0,novel,stepA_no
CHEMBL118334_ACR0,novel,stepA_unsure
CHEMBL3354697_ACR0,novel,stepA_unsure
CHEMBL312070_ACR0,novel,stepA_no
CHEMBL1983926_ACR0,novel,stepA_unsure
CHEMBL4090604_ACR0,novel,stepA_unsure
CHEMBL1807720_ACR0,novel,stepA_no
XARC000004079029_ACR0,novel,stepA_unsure
CHEMBL459280_ACR0,novel,stepA_unsure
CHEMBL1224665_ACR0,novel,stepA_unsure
CHEMBL1198137_ACR0,novel,stepA_unsure
CHEMBL1188967_ACR0,novel,stepA_no
CHEMBL452425_ACR0,novel,stepA_unsure
CHEMBL1189125_ACR0,novel,stepA_no
CHEMBL1188304_ACR0,novel,stepA_no
CHEMBL3546941_ACR0,novel,stepA_no
CHEMBL3546983_ACR0,novel,stepA_no
CHEMBL3422673_ACR0,novel,stepA_unsure
XARC000006105528_ACR0,novel,stepA_unsure
CHEMBL590829_ACR0,novel,stepA_unsure
CHEMBL591070_ACR0,novel,stepA_unsure
CHEMBL3952181_ACR0,novel,stepA_unsure
CHEMBL2312890_ACR0,novel,stepA_no
CHEMBL342985_ACR0,novel,stepA_no
XARC000005714134_ACR0,novel,stepA_unsure
CHEMBL4170106_ACR0,novel,stepA_unsure
CHEMBL537983_ACR0,novel,stepA_no
CHEMBL3693255_ACR0,novel,stepA_unsure
CHEMBL3688611_ACR0,novel,stepA_unsure
CHEMBL3683922_ACR0,novel,stepA_unsure
CHEMBL3688609_ACR0,novel,stepA_unsure
CHEMBL3688613_ACR0,novel,stepA_unsure
CHEMBL121575_ACR0,novel,stepA_unsure
CHEMBL466638_ACR0,novel,stepA_unsure
CHEMBL466637_ACR0,novel,stepA_unsure
CHEMBL119773_ACR0,novel,stepA_unsure
CHEMBL4171015_ACR0,novel,stepA_unsure
CHEMBL3966132_ACR0,novel,stepA_no
CHEMBL3642431_ACR0,novel,stepA_no
CHEMBL4214563_ACR0,novel,stepA_unsure
CHEMBL1539600_ACR0,novel,stepA_no
CHEMBL4167776_ACR0,novel,stepA_unsure
CHEMBL2009593_ACR0,novel,stepA_no
CHEMBL70259_ACR0,novel,stepA_unsure
CHEMBL338109_ACR0,novel,stepA_unsure
CHEMBL307034_ACR0,novel,stepA_unsure
XARC000005364345_ACR0,novel,stepA_no
CHEMBL3946645_ACR0,novel,stepA_unsure
CHEMBL3217114_ACR0,novel,stepA_no
CHEMBL1197188_ACR0,novel,stepA_no
CHEMBL4111786_ACR0,novel,stepA_unsure
CHEMBL331648_ACR0,novel,stepA_unsure
CHEMBL376942_ACR0,novel,stepA_no
CHEMBL571431_ACR0,novel,stepA_unsure
CHEMBL3680896_ACR0,novel,stepA_unsure
CHEMBL4204037_ACR0,novel,stepA_unsure
CHEMBL511394_ACR0,novel,stepA_no
CHEMBL461112_ACR0,novel,stepA_unsure
CHEMBL1940626_ACR0,novel,stepA_unsure
CHEMBL273432_ACR0,novel,stepA_no
CHEMBL193921_ACR0,novel,stepA_unsure
CHEMBL4064237_ACR0,novel,stepA_unsure
CHEMBL3923270_ACR0,novel,stepA_unsure
CHEMBL474433_ACR0,novel,stepA_unsure
CHEMBL3354698_ACR0,novel,stepA_unsure
CHEMBL4110999_ACR0,novel,stepA_unsure
CHEMBL273181_ACR0,novel,stepA_unsure
CHEMBL4207404_ACR0,novel,stepA_unsure
CHEMBL2107826_ACR0,novel,stepA_unsure
CHEMBL1215303_ACR0,novel,stepA_unsure
CHEMBL243989_ACR0,novel,stepA_unsure
CHEMBL2347199_ACR0,novel,stepA_unsure
CHEMBL2347200_ACR0,novel,stepA_unsure
CHEMBL2347201_ACR0,novel,stepA_unsure
CHEMBL3680882_ACR0,novel,stepA_unsure
CHEMBL2347202_ACR0,novel,stepA_unsure
CHEMBL3680879_ACR0,novel,stepA_unsure
CHEMBL3639797_ACR0,novel,stepA_unsure
CHEMBL3680891_ACR0,novel,stepA_unsure
CHEMBL62228_ACR0,novel,stepA_unsure
CHEMBL3896875_ACR0,novel,stepA_unsure
CHEMBL1439660_ACR0,novel,stepA_unsure
CHEMBL87897_ACR0,novel,stepA_no
CHEMBL120387_ACR0,novel,stepA_unsure
CHEMBL3422661_ACR0,novel,stepA_unsure
CHEMBL1215377_ACR0,novel,stepA_unsure
XARC000003199144_ACR0,novel,stepA_unsure
CHEMBL1276659_ACR0,novel,stepA_unsure
CHEMBL4094129_ACR0,novel,stepA_unsure
CHEMBL3656498_ACR0,novel,stepA_unsure
CHEMBL3656502_ACR0,novel,stepA_unsure
CHEMBL3656488_ACR0,novel,stepA_unsure
CHEMBL3656476_ACR0,novel,stepA_unsure
CHEMBL3656494_ACR0,novel,stepA_unsure
CHEMBL3656501_ACR0,novel,stepA_unsure
CHEMBL3656495_ACR0,novel,stepA_unsure
CHEMBL4212327_ACR0,novel,stepA_no
CHEMBL1789685_ACR0,novel,stepA_unsure
CHEMBL3680866_ACR0,novel,stepA_unsure
CHEMBL417613_ACR0,novel,stepA_no
CHEMBL362717_ACR0,novel,stepA_no
XARC000004824278_ACR1,novel,stepA_unsure
CHEMBL3703241_ACR0,novel,stepA_unsure
CHEMBL3703283_ACR0,novel,stepA_unsure
CHEMBL3703279_ACR0,novel,stepA_unsure
CHEMBL3703277_ACR0,novel,stepA_unsure
CHEMBL3703288_ACR0,novel,stepA_unsure
CHEMBL3924870_ACR0,novel,stepA_unsure
CHEMBL3694341_ACR0,novel,stepA_unsure
CHEMBL3622111_ACR0,novel,stepA_unsure
CHEMBL194130_ACR0,novel,stepA_unsure
CHEMBL2358159_ACR0,novel,stepA_unsure
CHEMBL4215276_ACR0,novel,stepA_unsure
CHEMBL3680867_ACR0,novel,stepA_unsure
CHEMBL4226730_ACR0,novel,stepA_unsure
CHEMBL3104551_ACR0,novel,stepA_no
CHEMBL1415014_ACR0,novel,stepA_unsure
XARC000002410759_ACR0,novel,stepA_no
CHEMBL1089821_ACR0,novel,stepA_unsure
CHEMBL234656_ACR0,novel,stepA_unsure
XARC000004713976_ACR0,novel,stepA_unsure
CHEMBL2437328_ACR0,novel,stepA_no
CHEMBL425858_ACR0,novel,stepA_unsure
CHEMBL1302777_ACR0,novel,stepA_unsure
CHEMBL1462829_ACR0,novel,stepA_unsure
CHEMBL1522385_ACR0,novel,stepA_no
CHEMBL1482876_ACR0,novel,stepA_unsure
CHEMBL1392413_ACR0,novel,stepA_unsure
CHEMBL1422897_ACR0,novel,stepA_unsure
CHEMBL1306836_ACR0,novel,stepA_no
CHEMBL3953525_ACR0,novel,stepA_unsure
CHEMBL1084108_ACR0,novel,stepA_unsure
CHEMBL1190214_ACR0,novel,stepA_no
CHEMBL1436467_ACR0,novel,stepA_no
CHEMBL3640021_ACR0,novel,stepA_unsure
CHEMBL3703267_ACR0,novel,stepA_unsure
CHEMBL3354694_ACR0,novel,stepA_unsure
CHEMBL219171_ACR0,novel,stepA_no
CHEMBL2086882_ACR1,novel,stepA_no
CHEMBL3688812_ACR0,novel,stepA_unsure
CHEMBL3688816_ACR0,novel,stepA_unsure
CHEMBL3354696_ACR0,novel,stepA_unsure
CHEMBL3703234_ACR0,novel,stepA_unsure
CHEMBL3127096_ACR0,novel,stepA_unsure
CHEMBL3127095_ACR0,novel,stepA_unsure
CHEMBL3127076_ACR0,novel,stepA_unsure
CHEMBL516896_ACR0,novel,stepA_unsure
CHEMBL3971100_ACR0,novel,stepA_unsure
CHEMBL3646726_ACR0,novel,stepA_no
CHEMBL1513438_ACR0,novel,stepA_no
CHEMBL1592245_ACR0,novel,stepA_no
CHEMBL3658610_ACR0,novel,stepA_unsure
CHEMBL2347197_ACR0,novel,stepA_unsure
CHEMBL4203599_ACR0,novel,stepA_unsure
CHEMBL4216758_ACR0,novel,stepA_unsure
CHEMBL3680862_ACR0,novel,stepA_unsure
CHEMBL3680871_ACR0,novel,stepA_unsure
CHEMBL3915646_ACR0,novel,stepA_unsure
CHEMBL3911798_ACR0,novel,stepA_unsure
CHEMBL4115023_ACR0,novel,stepA_unsure
CHEMBL4227313_ACR0,novel,stepA_unsure
CHEMBL4227584_ACR0,novel,stepA_unsure
CHEMBL4226007_ACR0,novel,stepA_unsure
CHEMBL4225154_ACR0,novel,stepA_unsure
CHEMBL466705_ACR0,novel,stepA_unsure
CHEMBL3936981_ACR0,novel,stepA_unsure
CHEMBL128906_ACR0,novel,stepA_unsure
CHEMBL2005438_ACR0,novel,stepA_no
CHEMBL2005650_ACR0,novel,stepA_no
XARC000006264707_ACR0,novel,stepA_no
CHEMBL2311928_ACR0,novel,stepA_unsure
CHEMBL2349609_ACR0,novel,stepA_unsure
CHEMBL3927792_ACR0,novel,stepA_unsure
CHEMBL1708565_ACR0,novel,stepA_unsure
CHEMBL1215378_ACR0,novel,stepA_unsure
CHEMBL2177343_ACR0,novel,stepA_unsure
CHEMBL3354688_ACR0,novel,stepA_unsure
CHEMBL3354699_ACR0,novel,stepA_unsure
CHEMBL242198_ACR0,novel,stepA_no
CHEMBL1542869_ACR0,novel,stepA_no
CHEMBL1789686_ACR0,novel,stepA_unsure
CHEMBL1789602_ACR0,novel,stepA_unsure
CHEMBL1789545_ACR0,novel,stepA_unsure
CHEMBL3680875_ACR0,novel,stepA_unsure
CHEMBL3664115_ACR0,novel,stepA_unsure
XARC000006893916_ACR0,novel,stepA_no
XARC000006888798_ACR0,novel,stepA_no
CHEMBL13102_ACR0,novel,stepA_no
CHEMBL1222926_ACR1,novel,stepA_unsure
CHEMBL3314450_ACR0,novel,stepA_unsure
CHEMBL348681_ACR0,novel,stepA_no
CHEMBL466879_ACR0,novel,stepA_unsure
CHEMBL538586_ACR0,novel,stepA_no
CHEMBL2365132_ACR0,novel,stepA_no
CHEMBL395538_ACR0,novel,stepA_no
CHEMBL1488313_ACR0,novel,stepA_unsure
CHEMBL4217881_ACR0,novel,stepA_unsure
CHEMBL4226208_ACR0,novel,stepA_unsure
CHEMBL3650828_ACR0,novel,stepA_unsure
CHEMBL1179733_ACR0,novel,stepA_unsure
CHEMBL3694356_ACR0,novel,stepA_unsure
CHEMBL3694390_ACR0,novel,stepA_unsure
CHEMBL3694391_ACR0,novel,stepA_unsure
CHEMBL3694392_ACR0,novel,stepA_unsure
CHEMBL3694389_ACR0,novel,stepA_unsure
CHEMBL3694396_ACR0,novel,stepA_unsure
XARC000007696215_ACR0,novel,stepA_unsure
CHEMBL42069_ACR0,novel,stepA_no
XARC000005448985_ACR0,novel,stepA_unsure
CHEMBL1215239_ACR0,novel,stepA_unsure
CHEMBL3694354_ACR0,novel,stepA_unsure
CHEMBL3694363_ACR0,novel,stepA_unsure
CHEMBL3694377_ACR0,novel,stepA_unsure
CHEMBL3694376_ACR0,novel,stepA_unsure
CHEMBL553600_ACR0,novel,stepA_no
CHEMBL2180014_ACR0,novel,stepA_unsure
CHEMBL320635_ACR0,novel,stepA_no
CHEMBL515470_ACR0,novel,stepA_unsure
CHEMBL517121_ACR0,novel,stepA_no
CHEMBL2326730_ACR0,novel,stepA_unsure
XARC000004911295_ACR0,novel,stepA_no
CHEMBL501732_ACR0,novel,stepA_unsure
CHEMBL1998121_ACR0,novel,stepA_unsure
CHEMBL3190951_ACR0,novel,stepA_no
CHEMBL3656510_ACR0,novel,stepA_unsure
CHEMBL3656522_ACR0,novel,stepA_unsure
CHEMBL3656519_ACR0,novel,stepA_unsure
CHEMBL3656491_ACR0,novel,stepA_unsure
CHEMBL3656493_ACR0,novel,stepA_unsure
CHEMBL3656525_ACR0,novel,stepA_unsure
CHEMBL3354701_ACR0,novel,stepA_unsure
CHEMBL62588_ACR0,novel,stepA_no
CHEMBL1223697_ACR0,novel,stepA_unsure
XARC000007044184_ACR0,novel,stepA_no
XARC000001245079_ACR0,novel,stepA_no
CHEMBL403845_ACR0,novel,stepA_unsure
CHEMBL3354700_ACR0,novel,stepA_unsure
CHEMBL3127090_ACR0,novel,stepA_unsure
CHEMBL3127081_ACR0,novel,stepA_unsure
CHEMBL568245_ACR0,novel,stepA_unsure
CHEMBL545250_ACR0,novel,stepA_no
CHEMBL3653698_ACR0,novel,stepA_unsure
CHEMBL2152919_ACR0,novel,stepA_unsure
CHEMBL2177750_ACR0,novel,stepA_unsure
CHEMBL70577_ACR0,novel,stepA_unsure
CHEMBL1907836_ACR0,novel,stepA_unsure
CHEMBL70993_ACR0,novel,stepA_no
CHEMBL1425784_ACR0,novel,stepA_no
CHEMBL1901518_ACR0,novel,stepA_no
CHEMBL551832_ACR0,novel,stepA_no
CHEMBL557776_ACR0,novel,stepA_unsure
CHEMBL1779691_ACR0,novel,stepA_unsure
CHEMBL3694364_ACR0,novel,stepA_unsure
CHEMBL1698145_ACR0,novel,stepA_no
CHEMBL420880_ACR0,novel,stepA_unsure
CHEMBL2326860_ACR1,novel,stepA_unsure
CHEMBL1221608_ACR0,novel,stepA_unsure
CHEMBL3694395_ACR0,novel,stepA_unsure
CHEMBL4204357_ACR0,novel,stepA_no
CHEMBL3956700_ACR0,novel,stepA_unsure
CHEMBL555145_ACR0,novel,stepA_unsure
CHEMBL121241_ACR0,novel,stepA_unsure
CHEMBL3422671_ACR0,novel,stepA_unsure
CHEMBL64676_ACR0,novel,stepA_no
CHEMBL303992_ACR0,novel,stepA_no
CHEMBL62492_ACR0,novel,stepA_no
CHEMBL62836_ACR0,novel,stepA_no
CHEMBL305349_ACR0,novel,stepA_no
CHEMBL302913_ACR0,novel,stepA_no
CHEMBL62509_ACR0,novel,stepA_no
CHEMBL294067_ACR0,novel,stepA_no
CHEMBL62807_ACR0,novel,stepA_no
CHEMBL293892_ACR0,novel,stepA_no
CHEMBL416674_ACR0,novel,stepA_no
CHEMBL1566613_ACR0,novel,stepA_unsure
CHEMBL2316961_ACR0,novel,stepA_unsure
CHEMBL2316960_ACR0,novel,stepA_unsure
CHEMBL2311929_ACR0,novel,stepA_unsure
CHEMBL1313243_ACR0,novel,stepA_no
CHEMBL3654475_ACR0,novel,stepA_unsure
CHEMBL2312889_ACR0,novel,stepA_no
CHEMBL310373_ACR0,novel,stepA_no
CHEMBL309879_ACR0,novel,stepA_no
CHEMBL79828_ACR0,novel,stepA_no
CHEMBL3923938_ACR0,novel,stepA_unsure
CHEMBL591494_ACR0,novel,stepA_no
CHEMBL2381240_ACR0,novel,stepA_unsure
CHEMBL1783210_ACR0,novel,stepA_unsure
CHEMBL1789674_ACR0,novel,stepA_unsure
CHEMBL3673294_ACR0,novel,stepA_unsure
CHEMBL3673300_ACR0,novel,stepA_unsure
CHEMBL2381242_ACR0,novel,stepA_unsure
CHEMBL464555_ACR0,novel,stepA_unsure
CHEMBL3688702_ACR0,novel,stepA_unsure
CHEMBL3688623_ACR0,novel,stepA_unsure
CHEMBL3688703_ACR0,novel,stepA_unsure
CHEMBL3683850_ACR0,novel,stepA_unsure
CHEMBL3683849_ACR0,novel,stepA_unsure
CHEMBL3683833_ACR0,novel,stepA_unsure
CHEMBL3683819_ACR0,novel,stepA_unsure
CHEMBL3261052_ACR0,novel,stepA_unsure
CHEMBL3683797_ACR0,novel,stepA_unsure
CHEMBL3683798_ACR0,novel,stepA_unsure
CHEMBL3683878_ACR0,novel,stepA_unsure
CHEMBL3688655_ACR0,novel,stepA_unsure
CHEMBL3688656_ACR0,novel,stepA_unsure
CHEMBL3688824_ACR0,novel,stepA_unsure
CHEMBL3683844_ACR0,novel,stepA_unsure
CHEMBL3683866_ACR0,novel,stepA_unsure
CHEMBL3683863_ACR0,novel,stepA_unsure
CHEMBL3683887_ACR0,novel,stepA_unsure
CHEMBL3683821_ACR0,novel,stepA_unsure
CHEMBL3683823_ACR0,novel,stepA_unsure
CHEMBL3639876_ACR0,novel,stepA_unsure
CHEMBL3683810_ACR0,novel,stepA_unsure
CHEMBL3683809_ACR0,novel,stepA_unsure
CHEMBL3683847_ACR0,novel,stepA_unsure
CHEMBL3688734_ACR0,novel,stepA_unsure
CHEMBL3688733_ACR0,novel,stepA_unsure
CHEMBL3683889_ACR0,novel,stepA_unsure
CHEMBL3683888_ACR0,novel,stepA_unsure
CHEMBL3683883_ACR0,novel,stepA_unsure
CHEMBL3683884_ACR0,novel,stepA_unsure
CHEMBL3688822_ACR0,novel,stepA_unsure
CHEMBL3263684_ACR0,novel,stepA_unsure
CHEMBL3259825_ACR0,novel,stepA_unsure
CHEMBL363476_ACR0,novel,stepA_no
CHEMBL563655_ACR0,novel,stepA_unsure
CHEMBL3823176_ACR0,novel,stepA_no
CHEMBL3672944_ACR0,novel,stepA_unsure
CHEMBL3355511_ACR0,novel,stepA_unsure
CHEMBL3929707_ACR0,novel,stepA_unsure
CHEMBL2381241_ACR0,novel,stepA_unsure
CHEMBL388069_ACR0,novel,stepA_no
CHEMBL3688648_ACR0,novel,stepA_unsure
CHEMBL3683832_ACR0,novel,stepA_unsure
CHEMBL3683853_ACR0,novel,stepA_unsure
CHEMBL3683815_ACR0,novel,stepA_unsure
CHEMBL3683848_ACR0,novel,stepA_unsure
CHEMBL3683792_ACR0,novel,stepA_unsure
CHEMBL3683808_ACR0,novel,stepA_unsure
CHEMBL3683827_ACR0,novel,stepA_unsure
CHEMBL3683861_ACR0,novel,stepA_unsure
CHEMBL3683862_ACR0,novel,stepA_unsure
CHEMBL3683880_ACR0,novel,stepA_unsure
CHEMBL3688736_ACR0,novel,stepA_unsure
CHEMBL3683891_ACR0,novel,stepA_unsure
CHEMBL3688741_ACR0,novel,stepA_unsure
CHEMBL3688732_ACR0,novel,stepA_unsure
CHEMBL3688726_ACR0,novel,stepA_unsure
CHEMBL3683898_ACR0,novel,stepA_unsure
CHEMBL3683914_ACR0,novel,stepA_unsure
CHEMBL3683899_ACR0,novel,stepA_unsure
CHEMBL3683921_ACR0,novel,stepA_unsure
CHEMBL3086876_ACR0,novel,stepA_no
CHEMBL3651170_ACR0,novel,stepA_unsure
CHEMBL2079153_ACR0,novel,stepA_unsure
CHEMBL3703295_ACR0,novel,stepA_unsure
CHEMBL3703294_ACR0,novel,stepA_unsure
CHEMBL3703296_ACR0,novel,stepA_unsure
CHEMBL3650835_ACR0,novel,stepA_unsure
CHEMBL3650836_ACR0,novel,stepA_unsure
CHEMBL3703290_ACR0,novel,stepA_unsure
CHEMBL150101_ACR0,novel,stepA_no
CHEMBL356859_ACR0,novel,stepA_no
CHEMBL357984_ACR0,novel,stepA_no
CHEMBL3663710_ACR0,novel,stepA_unsure
CHEMBL3663713_ACR0,novel,stepA_unsure
CHEMBL3663711_ACR0,novel,stepA_unsure
CHEMBL563872_ACR0,novel,stepA_no
CHEMBL3481179_ACR0,novel,stepA_unsure
CHEMBL1203723_ACR0,novel,stepA_no
CHEMBL2364470_ACR0,novel,stepA_no
XARC000002231052_ACR0,novel,stepA_no
CHEMBL2152909_ACR0,novel,stepA_unsure
CHEMBL2152908_ACR0,novel,stepA_unsure
CHEMBL1823631_ACR0,novel,stepA_unsure
CHEMBL1188318_ACR0,novel,stepA_no
CHEMBL473080_ACR0,novel,stepA_unsure
CHEMBL482747_ACR0,novel,stepA_unsure
CHEMBL3653485_ACR0,novel,stepA_unsure
CHEMBL3911592_ACR0,novel,stepA_unsure
CHEMBL3703280_ACR0,novel,stepA_unsure
XARC000004694101_ACR0,novel,stepA_no
XARC000003931795_ACR0,novel,stepA_no
XARC000003931801_ACR0,novel,stepA_no
CHEMBL3956875_ACR0,novel,stepA_unsure
CHEMBL3962063_ACR0,novel,stepA_unsure
CHEMBL270996_ACR0,novel,stepA_unsure
CHEMBL270995_ACR0,novel,stepA_unsure
CHEMBL408444_ACR0,novel,stepA_unsure
CHEMBL3526472_ACR0,novel,stepA_unsure
CHEMBL3650831_ACR0,novel,stepA_unsure
CHEMBL3422656_ACR1,novel,stepA_unsure
CHEMBL1382265_ACR0,novel,stepA_unsure
CHEMBL3183571_ACR0,novel,stepA_unsure
CHEMBL1866264_ACR0,novel,stepA_unsure
CHEMBL1511871_ACR0,novel,stepA_no
CHEMBL68101_ACR0,novel,stepA_unsure
CHEMBL72350_ACR0,novel,stepA_unsure
CHEMBL4207426_ACR0,novel,stepA_unsure
CHEMBL36307_ACR0,novel,stepA_no
CHEMBL4206156_ACR0,novel,stepA_unsure
CHEMBL3966722_ACR0,novel,stepA_no
CHEMBL3895690_ACR0,novel,stepA_unsure
CHEMBL3939556_ACR0,novel,stepA_unsure
CHEMBL298337_ACR0,novel,stepA_unsure
CHEMBL298895_ACR0,novel,stepA_unsure
CHEMBL423303_ACR0,novel,stepA_unsure
CHEMBL3683881_ACR0,novel,stepA_unsure
CHEMBL3683854_ACR0,novel,stepA_unsure
CHEMBL3354712_ACR0,novel,stepA_unsure
CHEMBL3354714_ACR0,novel,stepA_unsure
CHEMBL3354713_ACR0,novel,stepA_unsure
CHEMBL3683801_ACR0,novel,stepA_unsure
CHEMBL3683834_ACR0,novel,stepA_unsure
CHEMBL3683835_ACR0,novel,stepA_unsure
CHEMBL3683826_ACR0,novel,stepA_unsure
CHEMBL3683873_ACR0,novel,stepA_unsure
CHEMBL3688735_ACR0,novel,stepA_unsure
CHEMBL3688730_ACR0,novel,stepA_unsure
CHEMBL3688615_ACR0,novel,stepA_unsure
CHEMBL3688636_ACR0,novel,stepA_unsure
CHEMBL3688612_ACR0,novel,stepA_unsure
CHEMBL3688660_ACR0,novel,stepA_unsure
CHEMBL3688661_ACR0,novel,stepA_unsure
CHEMBL3688729_ACR0,novel,stepA_unsure
CHEMBL3683890_ACR0,novel,stepA_unsure
CHEMBL196178_ACR1,novel,stepA_unsure
CHEMBL3656503_ACR0,novel,stepA_unsure
CHEMBL3741650_ACR0,novel,stepA_no
CHEMBL1299333_ACR0,novel,stepA_no
CHEMBL2364830_ACR0,novel,stepA_no
CHEMBL3703242_ACR0,novel,stepA_unsure
CHEMBL3703239_ACR0,novel,stepA_unsure
CHEMBL3703228_ACR0,novel,stepA_unsure
CHEMBL3703255_ACR0,novel,stepA_unsure
CHEMBL3703225_ACR0,novel,stepA_unsure
CHEMBL3703278_ACR0,novel,stepA_unsure
CHEMBL3703276_ACR0,novel,stepA_unsure
CHEMBL3703285_ACR0,novel,stepA_unsure
CHEMBL3703289_ACR0,novel,stepA_unsure
CHEMBL4211138_ACR0,novel,stepA_no
CHEMBL4208607_ACR0,novel,stepA_no
CHEMBL1738702_ACR0,novel,stepA_no
CHEMBL1779347_ACR0,novel,stepA_no
CHEMBL1779372_ACR0,novel,stepA_no
CHEMBL1779373_ACR0,novel,stepA_no
CHEMBL1779369_ACR0,novel,stepA_no
CHEMBL4216058_ACR0,novel,stepA_unsure
XARC000006807940_ACR0,novel,stepA_no
CHEMBL3694335_ACR0,novel,stepA_unsure
CHEMBL3694336_ACR0,novel,stepA_unsure
CHEMBL3694367_ACR0,novel,stepA_unsure
CHEMBL3694342_ACR0,novel,stepA_unsure
CHEMBL3694337_ACR0,novel,stepA_unsure
CHEMBL3694369_ACR0,novel,stepA_unsure
CHEMBL3694338_ACR0,novel,stepA_unsure
CHEMBL3694347_ACR0,novel,stepA_unsure
CHEMBL3694343_ACR0,novel,stepA_unsure
CHEMBL3694344_ACR0,novel,stepA_unsure
CHEMBL3694357_ACR0,novel,stepA_unsure
CHEMBL3694373_ACR0,novel,stepA_unsure
CHEMBL3694339_ACR0,novel,stepA_unsure
CHEMBL466515_ACR0,novel,stepA_unsure
CHEMBL466924_ACR0,novel,stepA_unsure
CHEMBL466726_ACR0,novel,stepA_unsure
CHEMBL466925_ACR0,novel,stepA_unsure
CHEMBL1742429_ACR0,novel,stepA_unsure
CHEMBL3639932_ACR0,novel,stepA_unsure
CHEMBL3694352_ACR0,novel,stepA_unsure
CHEMBL3127092_ACR0,novel,stepA_unsure
CHEMBL3127091_ACR0,novel,stepA_unsure
CHEMBL3127093_ACR0,novel,stepA_unsure
CHEMBL3127094_ACR0,novel,stepA_unsure
CHEMBL3265337_ACR0,novel,stepA_unsure
CHEMBL3265335_ACR0,novel,stepA_unsure
CHEMBL3265338_ACR0,novel,stepA_unsure
CHEMBL3265330_ACR0,novel,stepA_unsure
CHEMBL3265331_ACR0,novel,stepA_unsure
CHEMBL3265332_ACR0,novel,stepA_unsure
CHEMBL3127073_ACR0,novel,stepA_unsure
CHEMBL3127074_ACR0,novel,stepA_unsure
CHEMBL3127075_ACR0,novel,stepA_unsure
CHEMBL3265336_ACR0,novel,stepA_unsure
CHEMBL3127071_ACR0,novel,stepA_unsure
CHEMBL3127072_ACR0,novel,stepA_unsure
CHEMBL3127082_ACR0,novel,stepA_unsure
CHEMBL3127078_ACR0,novel,stepA_unsure
CHEMBL323720_ACR0,novel,stepA_unsure
CHEMBL4206420_ACR0,novel,stepA_unsure
CHEMBL3977859_ACR0,novel,stepA_unsure
CHEMBL3663701_ACR0,novel,stepA_unsure
CHEMBL3663722_ACR0,novel,stepA_unsure
CHEMBL3663720_ACR0,novel,stepA_unsure
CHEMBL3663719_ACR0,novel,stepA_unsure
CHEMBL3668310_ACR0,novel,stepA_unsure
CHEMBL4208998_ACR0,novel,stepA_unsure
CHEMBL330960_ACR0,novel,stepA_unsure
CHEMBL2430357_ACR0,novel,stepA_no
XARC000006283462_ACR0,novel,stepA_no
CHEMBL468792_ACR0,novel,stepA_unsure
CHEMBL3664122_ACR0,novel,stepA_unsure
CHEMBL3683895_ACR0,novel,stepA_unsure
CHEMBL3683894_ACR0,novel,stepA_unsure
CHEMBL249535_ACR0,novel,stepA_no
CHEMBL3663699_ACR0,novel,stepA_unsure
CHEMBL3663704_ACR0,novel,stepA_unsure
CHEMBL3264439_ACR0,novel,stepA_no
CHEMBL2424747_ACR0,novel,stepA_unsure
CHEMBL3673305_ACR0,novel,stepA_unsure
CHEMBL244761_ACR0,novel,stepA_no
CHEMBL3335098_ACR0,novel,stepA_no
CHEMBL3982658_ACR0,novel,stepA_unsure
CHEMBL1962415_ACR0,novel,stepA_unsure
CHEMBL3354708_ACR0,novel,stepA_unsure
CHEMBL3394516_ACR0,novel,stepA_no
CHEMBL3939896_ACR0,novel,stepA_unsure
CHEMBL3688687_ACR0,novel,stepA_unsure
CHEMBL1203361_ACR0,novel,stepA_unsure
CHEMBL3672704_ACR0,novel,stepA_unsure
CHEMBL3653726_ACR0,novel,stepA_unsure
CHEMBL3623709_ACR0,novel,stepA_unsure
CHEMBL2381243_ACR0,novel,stepA_unsure
CHEMBL3354695_ACR0,novel,stepA_unsure
CHEMBL1277147_ACR0,novel,stepA_no
CHEMBL1277059_ACR0,novel,stepA_no
CHEMBL1277058_ACR0,novel,stepA_no
CHEMBL3479571_ACR0,novel,stepA_unsure
CHEMBL398281_ACR0,novel,stepA_unsure
CHEMBL332978_ACR0,novel,stepA_unsure
CHEMBL331191_ACR0,novel,stepA_unsure
CHEMBL331336_ACR0,novel,stepA_unsure
CHEMBL120597_ACR0,novel,stepA_unsure
CHEMBL120056_ACR0,novel,stepA_unsure
CHEMBL3966673_ACR0,novel,stepA_unsure
CHEMBL3763934_ACR0,novel,stepA_unsure
XARC000001843267_ACR0,novel,stepA_no
CHEMBL3828013_ACR0,novel,stepA_no
CHEMBL3666143_ACR0,novel,stepA_unsure
CHEMBL243780_ACR0,novel,stepA_unsure
CHEMBL244195_ACR0,novel,stepA_unsure
CHEMBL548059_ACR0,novel,stepA_unsure
CHEMBL4107997_ACR0,novel,stepA_unsure
CHEMBL1835601_ACR0,novel,stepA_no
CHEMBL2180021_ACR0,novel,stepA_unsure
CHEMBL3694350_ACR0,novel,stepA_unsure
CHEMBL219866_ACR0,novel,stepA_no
CHEMBL1600361_ACR0,novel,stepA_unsure
CHEMBL68771_ACR0,novel,stepA_unsure
CHEMBL1275617_ACR0,novel,stepA_no
CHEMBL4205259_ACR0,novel,stepA_no
CHEMBL4211742_ACR0,novel,stepA_no
CHEMBL1830508_ACR0,novel,stepA_no
CHEMBL2001405_ACR1,novel,stepA_unsure
CHEMBL95345_ACR1,novel,stepA_unsure
CHEMBL421312_ACR0,novel,stepA_unsure
CHEMBL1469678_ACR0,novel,stepA_no
CHEMBL1801523_ACR0,novel,stepA_no
CHEMBL1430917_ACR0,novel,stepA_unsure
CHEMBL1501594_ACR0,novel,stepA_no
CHEMBL3928887_ACR0,novel,stepA_no
CHEMBL3935543_ACR0,novel,stepA_no
CHEMBL3546938_ACR0,novel,stepA_no
CHEMBL348962_ACR0,novel,stepA_unsure
CHEMBL2322533_ACR0,novel,stepA_unsure
CHEMBL1183549_ACR0,novel,stepA_no
CHEMBL4079062_ACR0,novel,stepA_no
CHEMBL3422395_ACR0,novel,stepA_no
CHEMBL4060267_ACR0,novel,stepA_no
CHEMBL2381248_ACR0,novel,stepA_unsure
CHEMBL3944795_ACR0,novel,stepA_unsure
CHEMBL4207268_ACR0,novel,stepA_no
CHEMBL3983108_ACR0,novel,stepA_no
CHEMBL109868_ACR0,novel,stepA_unsure
CHEMBL70660_ACR0,novel,stepA_unsure
CHEMBL1187046_ACR0,novel,stepA_no
CHEMBL2386447_ACR0,novel,stepA_unsure
CHEMBL441865_ACR0,novel,stepA_no
CHEMBL1409596_ACR0,novel,stepA_unsure
CHEMBL1429871_ACR0,novel,stepA_unsure
CHEMBL1223138_ACR0,novel,stepA_unsure
CHEMBL3478562_ACR1,novel,stepA_no
CHEMBL3422664_ACR0,novel,stepA_unsure
CHEMBL3422665_ACR0,novel,stepA_unsure
CHEMBL3422668_ACR0,novel,stepA_unsure
CHEMBL2204011_ACR0,novel,stepA_unsure
CHEMBL3422667_ACR0,novel,stepA_unsure
CHEMBL4109501_ACR0,novel,stepA_unsure
CHEMBL94490_ACR0,novel,stepA_no
CHEMBL3354703_ACR0,novel,stepA_unsure
CHEMBL3354709_ACR0,novel,stepA_unsure
CHEMBL3354707_ACR0,novel,stepA_unsure
CHEMBL3354705_ACR0,novel,stepA_unsure
CHEMBL3127087_ACR0,novel,stepA_unsure
CHEMBL3127085_ACR0,novel,stepA_unsure
CHEMBL3127086_ACR0,novel,stepA_unsure
CHEMBL3127106_ACR0,novel,stepA_unsure
CHEMBL3127084_ACR0,novel,stepA_unsure
CHEMBL3127080_ACR0,novel,stepA_unsure
CHEMBL3127077_ACR0,novel,stepA_unsure
CHEMBL3703314_ACR0,novel,stepA_unsure
CHEMBL4211930_ACR0,novel,stepA_no
CHEMBL3897861_ACR0,novel,stepA_unsure
CHEMBL4212939_ACR0,novel,stepA_unsure
XARC000005789585_ACR0,novel,stepA_no
CHEMBL3641714_ACR1,novel,stepA_unsure
CHEMBL3641713_ACR1,novel,stepA_unsure
CHEMBL3477964_ACR0,novel,stepA_unsure
CHEMBL363435_ACR0,novel,stepA_no
CHEMBL3703209_ACR0,novel,stepA_unsure
CHEMBL3703284_ACR0,novel,stepA_unsure
CHEMBL3703309_ACR0,novel,stepA_unsure
CHEMBL303597_ACR0,novel,stepA_unsure
CHEMBL117662_ACR0,novel,stepA_unsure
CHEMBL338485_ACR0,novel,stepA_unsure
CHEMBL126411_ACR0,novel,stepA_unsure
CHEMBL127355_ACR0,novel,stepA_unsure
CHEMBL126485_ACR0,novel,stepA_unsure
CHEMBL2377662_ACR0,novel,stepA_no
CHEMBL3703275_ACR0,novel,stepA_unsure
CHEMBL4089662_ACR0,novel,stepA_unsure
CHEMBL4064782_ACR0,novel,stepA_unsure
CHEMBL17257_ACR0,novel,stepA_unsure
CHEMBL279567_ACR0,novel,stepA_unsure
CHEMBL115796_ACR0,novel,stepA_unsure
CHEMBL17032_ACR0,novel,stepA_unsure
CHEMBL16759_ACR0,novel,stepA_unsure
CHEMBL17258_ACR0,novel,stepA_unsure
CHEMBL3354691_ACR0,novel,stepA_unsure
CHEMBL3694393_ACR0,novel,stepA_unsure
CHEMBL3694394_ACR0,novel,stepA_unsure
CHEMBL1366078_ACR0,novel,stepA_no
CHEMBL1420107_ACR0,novel,stepA_no
CHEMBL1428081_ACR0,novel,stepA_no
CHEMBL1542200_ACR0,novel,stepA_no
CHEMBL1428102_ACR0,novel,stepA_no
CHEMBL118012_ACR0,novel,stepA_unsure
CHEMBL146132_ACR0,novel,stepA_unsure
CHEMBL494062_ACR0,novel,stepA_unsure
CHEMBL3693247_ACR0,novel,stepA_unsure
CHEMBL303211_ACR0,novel,stepA_unsure
CHEMBL421676_ACR0,novel,stepA_unsure
CHEMBL93796_ACR0,novel,stepA_unsure
CHEMBL120765_ACR0,novel,hard_bad
CHEMBL332619_ACR0,novel,stepA_unsure
CHEMBL3650839_ACR0,novel,stepA_unsure
XARC000004534286_ACR0,novel,stepA_no
CHEMBL274830_ACR0,novel,stepA_unsure
CHEMBL3422662_ACR0,novel,stepA_unsure
CHEMBL1536884_ACR0,novel,stepA_unsure
CHEMBL1536871_ACR0,novel,stepA_unsure
XARC000001800336_ACR0,novel,stepA_no
CHEMBL4214154_ACR0,novel,stepA_no
CHEMBL2377666_ACR0,novel,stepA_no
CHEMBL2377648_ACR0,novel,stepA_no
XARC000003756665_ACR0,novel,stepA_unsure
CHEMBL70400_ACR0,novel,stepA_unsure
CHEMBL71578_ACR0,novel,stepA_unsure
CHEMBL4209356_ACR0,novel,stepA_unsure
CHEMBL3354706_ACR0,novel,stepA_unsure
CHEMBL1715964_ACR0,novel,stepA_no
CHEMBL2381235_ACR0,novel,stepA_unsure
CHEMBL4117011_ACR0,novel,stepA_unsure
CHEMBL4065448_ACR0,novel,stepA_unsure
CHEMBL4117925_ACR0,novel,stepA_unsure
CHEMBL4116844_ACR0,novel,stepA_unsure
CHEMBL4116931_ACR0,novel,stepA_unsure
CHEMBL4116153_ACR0,novel,stepA_unsure
CHEMBL4116930_ACR0,novel,stepA_unsure
CHEMBL4097477_ACR0,novel,stepA_unsure
CHEMBL4067413_ACR0,novel,stepA_unsure
CHEMBL4070299_ACR0,novel,stepA_unsure
CHEMBL4103296_ACR0,novel,stepA_unsure
CHEMBL4085364_ACR0,novel,stepA_unsure
CHEMBL117505_ACR0,novel,stepA_no
CHEMBL119184_ACR0,novel,stepA_unsure
CHEMBL4109077_ACR0,novel,stepA_unsure
CHEMBL3663727_ACR0,novel,stepA_unsure
CHEMBL3663726_ACR0,novel,stepA_unsure
CHEMBL3663728_ACR0,novel,stepA_unsure
CHEMBL3663729_ACR0,novel,stepA_unsure
CHEMBL3663732_ACR0,novel,stepA_unsure
CHEMBL3663730_ACR0,novel,stepA_unsure
CHEMBL2437008_ACR0,novel,stepA_no
XARC000007020652_ACR1,novel,stepA_no
CHEMBL3925571_ACR0,novel,stepA_no
CHEMBL1910008_ACR0,novel,hard_bad
CHEMBL115485_ACR0,novel,stepA_unsure
CHEMBL333157_ACR0,novel,stepA_unsure
CHEMBL3127088_ACR0,novel,stepA_unsure
CHEMBL1568630_ACR0,novel,stepA_unsure
CHEMBL3694355_ACR0,novel,stepA_unsure
CHEMBL1272003_ACR0,novel,stepA_no
CHEMBL3127089_ACR0,novel,stepA_unsure
CHEMBL375545_ACR0,novel,stepA_no
CHEMBL303510_ACR0,novel,stepA_unsure
XARC000005713633_ACR0,novel,stepA_unsure
CHEMBL3658572_ACR0,novel,stepA_unsure
CHEMBL1983263_ACR0,novel,stepA_no
CHEMBL3969124_ACR0,novel,stepA_unsure
CHEMBL3892262_ACR0,novel,stepA_unsure
CHEMBL4111446_ACR0,novel,stepA_unsure
CHEMBL3731646_ACR0,novel,stepA_unsure
CHEMBL1876405_ACR0,novel,stepA_unsure
CHEMBL2140261_ACR0,novel,stepA_no
CHEMBL545996_ACR0,novel,stepA_unsure
CHEMBL3668050_ACR0,novel,hard_bad
CHEMBL3703286_ACR0,novel,stepA_unsure
CHEMBL3703287_ACR0,novel,stepA_unsure
XARC000006358244_ACR0,novel,stepA_no
XARC000003035241_ACR0,novel,stepA_no
CHEMBL2381238_ACR0,novel,stepA_unsure
CHEMBL2381233_ACR0,novel,stepA_unsure
CHEMBL2381237_ACR0,novel,stepA_unsure
CHEMBL3335097_ACR0,novel,stepA_unsure
CHEMBL1548736_ACR0,novel,stepA_no
CHEMBL197095_ACR1,novel,stepA_unsure
CHEMBL244952_ACR0,novel,stepA_no
CHEMBL342307_ACR0,novel,stepA_no
CHEMBL2322963_ACR0,novel,stepA_no
XARC000001394705_ACR0,novel,stepA_no
CHEMBL3688821_ACR0,novel,stepA_unsure
CHEMBL3683805_ACR0,novel,stepA_unsure
CHEMBL3683842_ACR0,novel,stepA_unsure
CHEMBL3688814_ACR0,novel,stepA_unsure
CHEMBL3688823_ACR0,novel,stepA_unsure
CHEMBL4208054_ACR0,novel,stepA_no
CHEMBL3621662_ACR0,novel,stepA_unsure
CHEMBL3354692_ACR0,novel,stepA_unsure
CHEMBL26470_ACR0,novel,stepA_unsure
CHEMBL3892007_ACR0,novel,stepA_unsure
CHEMBL1288195_ACR0,novel,stepA_no
CHEMBL188558_ACR0,novel,stepA_no
CHEMBL530795_ACR0,novel,stepA_no
CHEMBL119511_ACR0,novel,stepA_no
CHEMBL119654_ACR0,novel,stepA_no
CHEMBL2177339_ACR0,novel,stepA_unsure
CHEMBL2177340_ACR0,novel,stepA_unsure
CHEMBL2177341_ACR0,novel,stepA_unsure
CHEMBL2177342_ACR0,novel,stepA_unsure
CHEMBL4111730_ACR0,novel,stepA_unsure
CHEMBL1886748_ACR0,novel,stepA_no
CHEMBL1322361_ACR0,novel,stepA_unsure
CHEMBL3246751_ACR0,novel,stepA_no
CHEMBL3703300_ACR0,novel,stepA_unsure
CHEMBL3703299_ACR0,novel,stepA_unsure
CHEMBL3703261_ACR0,novel,stepA_unsure
CHEMBL3703259_ACR0,novel,stepA_unsure
CHEMBL3703260_ACR0,novel,stepA_unsure
CHEMBL3703265_ACR0,novel,stepA_unsure
CHEMBL72820_ACR0,novel,stepA_unsure
CHEMBL68737_ACR0,novel,stepA_unsure
CHEMBL422127_ACR0,novel,stepA_no
CHEMBL3656528_ACR0,novel,stepA_unsure
CHEMBL3656511_ACR0,novel,stepA_unsure
CHEMBL3409918_ACR0,novel,stepA_unsure
XARC000003931463_ACR0,novel,stepA_no
XARC000003931405_ACR0,novel,stepA_no
CHEMBL1186360_ACR0,novel,stepA_unsure
CHEMBL331039_ACR0,novel,stepA_unsure
CHEMBL4111013_ACR0,novel,stepA_unsure
CHEMBL3623951_ACR0,novel,stepA_unsure
CHEMBL3650833_ACR0,novel,stepA_unsure
CHEMBL1852269_ACR0,novel,stepA_unsure
CHEMBL2413718_ACR0,novel,stepA_unsure
XARC000001217979_ACR0,novel,stepA_no
CHEMBL292795_ACR0,novel,stepA_unsure
XARC000007375915_ACR0,novel,stepA_no
CHEMBL134172_ACR0,novel,stepA_unsure
CHEMBL172281_ACR0,novel,stepA_unsure
CHEMBL4172848_ACR0,novel,stepA_unsure
CHEMBL122926_ACR0,novel,stepA_unsure
CHEMBL121782_ACR0,novel,stepA_unsure
CHEMBL3422670_ACR0,novel,stepA_unsure
CHEMBL2437325_ACR0,novel,stepA_no
CHEMBL2437199_ACR0,novel,stepA_no
CHEMBL2437326_ACR0,novel,stepA_no
CHEMBL64586_ACR0,novel,stepA_unsure
CHEMBL2381247_ACR0,novel,stepA_unsure
CHEMBL188782_ACR0,novel,stepA_no
CHEMBL1457353_ACR0,novel,stepA_unsure
CHEMBL3245592_ACR0,novel,stepA_no
CHEMBL1203361_ACR1,novel,stepA_unsure
CHEMBL309541_ACR0,novel,stepA_no
CHEMBL70399_ACR0,novel,stepA_no
CHEMBL122816_ACR0,novel,stepA_no
CHEMBL246291_ACR0,novel,stepA_no
CHEMBL1822793_ACR0,novel,stepA_unsure
CHEMBL4081451_ACR0,novel,stepA_unsure
CHEMBL4160434_ACR0,novel,stepA_unsure
CHEMBL31967_ACR0,novel,stepA_no
CHEMBL285325_ACR0,novel,stepA_no
CHEMBL281898_ACR0,novel,stepA_no
CHEMBL384915_ACR0,novel,stepA_unsure
CHEMBL3703238_ACR0,novel,stepA_no
CHEMBL3915982_ACR0,novel,stepA_unsure
CHEMBL3246791_ACR0,novel,stepA_no
CHEMBL404305_ACR0,novel,stepA_unsure
CHEMBL2323193_ACR0,novel,stepA_unsure
CHEMBL546010_ACR0,novel,stepA_unsure
CHEMBL2220227_ACR0,novel,stepA_unsure
CHEMBL3672384_ACR0,novel,stepA_unsure
CHEMBL122786_ACR0,novel,stepA_unsure
CHEMBL3355688_ACR0,novel,stepA_unsure
CHEMBL196602_ACR0,novel,stepA_unsure
CHEMBL3703307_ACR0,novel,stepA_unsure
CHEMBL1378870_ACR0,novel,stepA_unsure
CHEMBL3604784_ACR0,novel,stepA_unsure
CHEMBL3703271_ACR0,novel,stepA_unsure
CHEMBL1224664_ACR0,novel,stepA_unsure
CHEMBL1243263_ACR0,novel,stepA_unsure
CHEMBL3688680_ACR0,novel,stepA_unsure
CHEMBL3947901_ACR0,novel,stepA_unsure
CHEMBL302544_ACR0,novel,stepA_unsure
CHEMBL1309819_ACR0,novel,stepA_no
CHEMBL3309996_ACR0,novel,stepA_no
CHEMBL3673292_ACR0,novel,stepA_unsure
CHEMBL3673301_ACR0,novel,stepA_unsure
CHEMBL3216790_ACR0,novel,stepA_no
CHEMBL2172208_ACR0,novel,stepA_no
CHEMBL3688676_ACR0,novel,stepA_unsure
CHEMBL233091_ACR0,novel,stepA_no
CHEMBL1974248_ACR0,novel,stepA_unsure
CHEMBL3982284_ACR0,novel,stepA_no
XARC000007453121_ACR0,novel,stepA_unsure
XARC000006358051_ACR0,novel,stepA_no
XARC000006334154_ACR0,novel,stepA_no
CHEMBL4115040_ACR0,novel,stepA_no
CHEMBL3977126_ACR0,novel,stepA_unsure
CHEMBL3975565_ACR0,novel,stepA_unsure
CHEMBL3968709_ACR0,novel,stepA_unsure
CHEMBL3938174_ACR0,novel,stepA_unsure
CHEMBL3971649_ACR0,novel,stepA_unsure
CHEMBL3663731_ACR0,novel,stepA_unsure
XARC000000250761_ACR0,novel,stepA_no
XARC000000250280_ACR0,novel,stepA_no
CHEMBL227089_ACR0,novel,stepA_no
CHEMBL2437317_ACR0,novel,stepA_no
CHEMBL1180313_ACR0,novel,stepA_no
CHEMBL1630840_ACR0,novel,stepA_no
XARC000000995984_ACR1,novel,stepA_no
CHEMBL53617_ACR0,novel,stepA_no
CHEMBL4116294_ACR0,novel,stepA_unsure
CHEMBL4074071_ACR0,novel,stepA_unsure
CHEMBL4093123_ACR0,novel,stepA_unsure
CHEMBL401476_ACR0,novel,stepA_unsure
CHEMBL3951517_ACR0,novel,stepA_unsure
CHEMBL305197_ACR0,novel,stepA_unsure
CHEMBL3673295_ACR0,novel,stepA_unsure
CHEMBL3673298_ACR0,novel,stepA_unsure
CHEMBL3673299_ACR0,novel,stepA_unsure
CHEMBL3942140_ACR0,novel,stepA_unsure
CHEMBL3650830_ACR0,novel,stepA_unsure
CHEMBL2106788_ACR0,novel,stepA_unsure
CHEMBL4097904_ACR0,novel,stepA_unsure
CHEMBL575074_ACR0,novel,stepA_unsure
CHEMBL4212991_ACR0,novel,stepA_unsure
CHEMBL4218523_ACR0,novel,stepA_unsure
CHEMBL147401_ACR0,novel,stepA_unsure
CHEMBL2385588_ACR0,novel,stepA_unsure
CHEMBL2238436_ACR0,novel,stepA_no
CHEMBL3787428_ACR0,novel,stepA_unsure
CHEMBL2323656_ACR0,novel,stepA_unsure
CHEMBL589304_ACR0,novel,stepA_unsure
CHEMBL599460_ACR0,novel,stepA_unsure
CHEMBL1198246_ACR0,novel,stepA_unsure
CHEMBL1198121_ACR0,novel,stepA_unsure
CHEMBL599673_ACR0,novel,stepA_unsure
CHEMBL608741_ACR0,novel,stepA_unsure
CHEMBL1198207_ACR0,novel,stepA_unsure
CHEMBL604097_ACR0,novel,stepA_unsure
CHEMBL3651169_ACR0,novel,stepA_unsure
CHEMBL3658851_ACR0,novel,stepA_unsure
CHEMBL182723_ACR0,novel,stepA_unsure
CHEMBL114176_ACR0,novel,stepA_no
CHEMBL64463_ACR0,novel,stepA_unsure
CHEMBL3670314_ACR0,novel,stepA_unsure
CHEMBL419651_ACR0,novel,stepA_no
CHEMBL3634248_ACR0,novel,stepA_unsure
CHEMBL3673211_ACR0,novel,stepA_unsure
CHEMBL1459241_ACR0,novel,stepA_no
CHEMBL1568438_ACR0,novel,stepA_no
XARC000003517952_ACR0,novel,stepA_no
CHEMBL1499820_ACR0,novel,stepA_no
CHEMBL1269921_ACR0,novel,stepA_unsure
CHEMBL1271946_ACR1,novel,stepA_no
CHEMBL3941603_ACR0,novel,stepA_unsure
CHEMBL3335111_ACR0,novel,stepA_no
CHEMBL462358_ACR0,novel,stepA_no
CHEMBL3919791_ACR0,novel,stepA_no
CHEMBL1580515_ACR0,novel,stepA_unsure
CHEMBL3354693_ACR0,novel,stepA_unsure
CHEMBL3650838_ACR0,novel,stepA_unsure
CHEMBL3920102_ACR0,novel,stepA_unsure
CHEMBL3957536_ACR0,novel,stepA_unsure
CHEMBL3644010_ACR0,novel,stepA_unsure
CHEMBL1338585_ACR0,novel,stepA_no
CHEMBL3633743_ACR0,novel,stepA_no
CHEMBL1626365_ACR0,novel,stepA_unsure
CHEMBL171514_ACR0,novel,stepA_no
CHEMBL3580783_ACR0,novel,stepA_unsure
CHEMBL2312572_ACR0,novel,stepA_no
CHEMBL1427395_ACR0,novel,stepA_unsure
CHEMBL155114_ACR0,novel,stepA_no
XARC000007015914_ACR1,novel,stepA_unsure
CHEMBL2377665_ACR0,novel,stepA_no
CHEMBL1857920_ACR0,novel,stepA_no
CHEMBL3286672_ACR0,novel,stepA_unsure
CHEMBL4168539_ACR0,novel,stepA_unsure
CHEMBL1497437_ACR0,novel,stepA_unsure
CHEMBL595695_ACR0,novel,stepA_unsure
CHEMBL1205767_ACR0,novel,stepA_no
CHEMBL592960_ACR0,novel,stepA_unsure
CHEMBL3277844_ACR0,novel,stepA_unsure
CHEMBL61498_ACR0,novel,stepA_unsure
CHEMBL120148_ACR0,novel,stepA_unsure
CHEMBL1957652_ACR0,novel,stepA_no
CHEMBL1215093_ACR0,novel,stepA_unsure
CHEMBL1215092_ACR0,novel,stepA_unsure
CHEMBL1215170_ACR0,novel,stepA_unsure
CHEMBL1215169_ACR0,novel,stepA_unsure
CHEMBL1215094_ACR0,novel,stepA_unsure
CHEMBL1215168_ACR0,novel,stepA_unsure
CHEMBL1215524_ACR0,novel,stepA_unsure
XARC000000355631_ACR1,novel,stepA_no
CHEMBL3127102_ACR0,novel,stepA_unsure
CHEMBL3127103_ACR0,novel,stepA_unsure
CHEMBL3127083_ACR0,novel,stepA_unsure
CHEMBL4064357_ACR0,novel,stepA_unsure
CHEMBL2323985_ACR0,novel,stepA_unsure
CHEMBL1324237_ACR0,novel,stepA_no
CHEMBL116076_ACR0,novel,stepA_unsure
CHEMBL2381244_ACR0,novel,stepA_unsure
CHEMBL4213565_ACR0,novel,stepA_no
CHEMBL3277839_ACR0,novel,stepA_unsure
CHEMBL3277840_ACR0,novel,stepA_unsure
CHEMBL3277841_ACR0,novel,stepA_unsure
CHEMBL4211092_ACR0,novel,stepA_unsure
CHEMBL3277845_ACR0,novel,stepA_unsure
CHEMBL67692_ACR0,novel,stepA_unsure
CHEMBL2380452_ACR0,novel,stepA_unsure
CHEMBL2380453_ACR0,novel,stepA_unsure
CHEMBL3703312_ACR0,novel,stepA_unsure
CHEMBL250173_ACR0,novel,stepA_unsure
CHEMBL3986679_ACR0,novel,stepA_unsure
XARC000006275742_ACR0,novel,stepA_no
CHEMBL3127069_ACR0,novel,stepA_unsure
CHEMBL350847_ACR0,novel,stepA_unsure
CHEMBL576135_ACR0,novel,stepA_no
CHEMBL357808_ACR0,novel,stepA_no
CHEMBL253378_ACR0,novel,stepA_unsure
CHEMBL3654466_ACR0,novel,stepA_no
CHEMBL3695727_ACR0,novel,stepA_unsure
CHEMBL325003_ACR0,novel,stepA_unsure
CHEMBL35055_ACR1,novel,stepA_no
